Customer_ID,Customer_Name,Gender,Age,Senior_Citizen,Dependents,State,City,PIN_Code,Customer_Segment,Age_Group
C000001,Aryan Maharaj,Male,49,No,Yes,Gujarat,Vadodara,301494,Value,46-55
C000002,Udant Dewan,Female,53,No,No,Karnataka,Bengaluru,298908,High Value,46-55
C000003,Gagan Sami,Female,67,Yes,Yes,Telangana,Hyderabad,966452,Value,65+
C000004,Ayushman Chander,Female,54,No,Yes,Delhi,Delhi,191990,Premium,46-55
C000005,Viraj Tiwari,Male,65,Yes,Yes,West Bengal,Kolkata,133568,Premium,56-65
C000006,Rushil Saini,Male,31,No,No,Delhi,New Delhi,172366,Mass Market,26-35
C000007,Saumya Mall,Male,44,No,No,Madhya Pradesh,Indore,41710,Mass Market,36-45
C000008,Nathaniel Sami,Female,36,No,Yes,Maharashtra,Mumbai,891918,Premium,36-45
C000009,Arunima Dugal,Female,48,No,No,Gujarat,Vadodara,405013,Premium,46-55
C000010,Gayathri Chaudry,Female,63,Yes,No,Telangana,Hyderabad,203449,Mass Market,56-65
C000011,Lajita Chatterjee,Male,26,No,No,Rajasthan,Udaipur,607148,Mass Market,26-35
C000012,Hemangini Lalla,Female,55,No,No,Maharashtra,Nashik,650775,Mass Market,46-55
C000013,Tripti Yadav,Female,34,No,No,Uttar Pradesh,Lucknow,572316,Premium,26-35
C000014,Kritika Brar,Male,36,No,No,Gujarat,Ahmedabad,160378,Value,36-45
C000015,Janaki Handa,Male,61,Yes,No,Delhi,New Delhi,105703,High Value,56-65
C000016,Chakradev Kari,Male,21,No,Yes,Rajasthan,Jaipur,306670,High Value,18-25
C000017,Fariq Kaul,Male,65,Yes,No,Tamil Nadu,Chennai,599469,Premium,56-65
C000018,Lajita Mall,Male,28,No,No,Tamil Nadu,Madurai,693233,Value,26-35
C000019,Janya Gaba,Male,39,No,No,Tamil Nadu,Madurai,7158,Mass Market,36-45
C000020,Isha Kadakia,Male,21,No,No,West Bengal,Kolkata,97140,Mass Market,18-25
C000021,Ekbal Garg,Female,34,No,No,West Bengal,Kolkata,332343,Value,26-35
C000022,Nihal Shere,Male,25,No,Yes,Madhya Pradesh,Bhopal,658744,Mass Market,18-25
C000023,Anamika Kanda,Male,63,Yes,No,Punjab,Chandigarh,923759,Mass Market,56-65
C000024,Daksh Karnik,Male,51,No,No,West Bengal,Howrah,972285,Value,46-55
C000025,Diya Rattan,Male,28,No,Yes,Kerala,Thiruvananthapuram,585455,Value,26-35
C000026,Dominic Kakar,Female,48,No,No,Madhya Pradesh,Indore,391960,Premium,46-55
C000027,Simon Tata,Male,28,No,No,Delhi,New Delhi,482367,Mass Market,26-35
C000028,Tara Dhar,Male,55,No,No,Rajasthan,Udaipur,873693,Mass Market,46-55
C000029,Liam Koshy,Female,70,Yes,No,Maharashtra,Nashik,380043,Value,65+
C000030,Priya Rastogi,Male,38,No,No,Delhi,Delhi,475846,High Value,36-45
C000031,Theodore Devi,Female,63,Yes,No,Punjab,Ludhiana,486741,Premium,56-65
C000032,Gavin Batta,Male,47,No,No,West Bengal,Kolkata,371206,Mass Market,46-55
C000033,Michael Dutta,Male,27,No,No,Telangana,Hyderabad,175529,Mass Market,26-35
C000034,Devansh Rajan,Female,43,No,Yes,Punjab,Ludhiana,760145,High Value,36-45
C000035,Upadhriti Wadhwa,Female,44,No,No,Madhya Pradesh,Indore,81144,Mass Market,36-45
C000036,Advay Contractor,Female,25,No,Yes,Madhya Pradesh,Indore,572814,Mass Market,18-25
C000037,Harini Choudhury,Male,56,No,No,Uttar Pradesh,Agra,611686,Mass Market,56-65
C000038,Radhika Dugar,Male,25,No,Yes,Punjab,Chandigarh,146036,Value,18-25
C000039,Aarush Lall,Female,25,No,No,Uttar Pradesh,Kanpur,189260,Value,18-25
C000040,Yashica Cherian,Male,51,No,No,Karnataka,Mysuru,554654,Mass Market,46-55
C000041,Yashica Issac,Male,33,No,Yes,Karnataka,Mangaluru,683684,Value,26-35
C000042,Kashvi Edwin,Male,58,No,No,Uttar Pradesh,Kanpur,771403,Mass Market,56-65
C000043,Ekiya Suresh,Male,30,No,No,Madhya Pradesh,Indore,454595,Value,26-35
C000044,Isaac Patil,Female,40,No,No,Kerala,Thiruvananthapuram,600301,Value,36-45
C000045,Wriddhish Bhardwaj,Male,29,No,No,Rajasthan,Udaipur,962272,Value,26-35
C000046,Farhan Chada,Female,44,No,No,Maharashtra,Mumbai,869742,Mass Market,36-45
C000047,Ekapad Walia,Male,39,No,No,Gujarat,Surat,736838,Value,36-45
C000048,Kabir Soman,Male,49,No,No,West Bengal,Kolkata,95709,Value,46-55
C000049,Alka Wable,Male,66,Yes,No,Punjab,Amritsar,409916,Value,65+
C000050,Siddharth Zacharia,Male,44,No,Yes,Rajasthan,Jodhpur,81136,Value,36-45
C000051,Devika Rastogi,Female,19,No,No,Kerala,Thiruvananthapuram,34848,Value,18-25
C000052,Raksha Varughese,Female,62,Yes,No,Kerala,Kochi,377006,Mass Market,56-65
C000053,Jai Kota,Female,50,No,Yes,Delhi,New Delhi,795951,Mass Market,46-55
C000054,Devansh Nigam,Female,43,No,Yes,Maharashtra,Mumbai,295449,Mass Market,36-45
C000055,Victor Kannan,Female,45,No,Yes,Telangana,Hyderabad,695421,Value,36-45
C000056,Ekavir Bhargava,Female,36,No,Yes,Maharashtra,Nagpur,562752,Value,36-45
C000057,Ekansh Balay,Male,60,Yes,Yes,Delhi,New Delhi,16173,Premium,56-65
C000058,Ekavir Varkey,Male,22,No,Yes,Karnataka,Bengaluru,479459,Premium,18-25
C000059,Arya Sunder,Male,50,No,No,Telangana,Hyderabad,351638,Premium,46-55
C000060,Kevin Solanki,Male,37,No,Yes,Kerala,Thiruvananthapuram,264897,Mass Market,36-45
C000061,Urvashi Ray,Male,47,No,Yes,Kerala,Thiruvananthapuram,1707,Mass Market,46-55
C000062,Girindra Chatterjee,Male,62,Yes,Yes,Gujarat,Surat,294576,Premium,56-65
C000063,Irya Sampath,Female,25,No,Yes,Rajasthan,Udaipur,304948,Mass Market,18-25
C000064,Unni Bhagat,Male,55,No,Yes,Uttar Pradesh,Kanpur,142355,Value,46-55
C000065,Darsh Rau,Male,34,No,No,Telangana,Hyderabad,833728,Mass Market,26-35
C000066,Ikbal Kothari,Male,61,Yes,No,Maharashtra,Nagpur,567981,High Value,56-65
C000067,Ranveer Yadav,Male,18,No,No,Tamil Nadu,Coimbatore,26564,Value,18-25
C000068,Logan Sami,Female,20,No,No,Tamil Nadu,Chennai,711588,Mass Market,18-25
C000069,Arya Shere,Male,63,Yes,Yes,Uttar Pradesh,Kanpur,187089,Value,56-65
C000070,Faqid Savant,Female,43,No,Yes,Gujarat,Vadodara,107911,Mass Market,36-45
C000071,Chandresh Zachariah,Female,48,No,Yes,Tamil Nadu,Madurai,114644,High Value,46-55
C000072,Girik Khalsa,Male,25,No,No,Madhya Pradesh,Indore,119830,Mass Market,18-25
C000073,Niharika Sunder,Male,60,Yes,Yes,Madhya Pradesh,Indore,542473,Value,56-65
C000074,Tanay Rattan,Female,63,Yes,No,Tamil Nadu,Madurai,237748,Mass Market,56-65
C000075,Nitesh Raghavan,Female,25,No,Yes,Rajasthan,Udaipur,700788,Premium,18-25
C000076,Madhavi Lanka,Female,52,No,Yes,Punjab,Chandigarh,253251,Premium,46-55
C000077,Bhavika Sampath,Female,56,No,No,Maharashtra,Pune,180822,Premium,56-65
C000078,Mohammed Gupta,Male,45,No,No,Tamil Nadu,Coimbatore,799096,Premium,36-45
C000079,Teerth Bhardwaj,Male,68,Yes,No,Maharashtra,Nashik,602865,Mass Market,65+
C000080,Dipta Bhandari,Male,21,No,No,West Bengal,Howrah,839571,High Value,18-25
C000081,Vansha Thakkar,Female,33,No,No,West Bengal,Kolkata,468210,Value,26-35
C000082,Dakshesh Trivedi,Female,30,No,No,Madhya Pradesh,Bhopal,370907,Premium,26-35
C000083,Quincy Biswas,Male,37,No,No,Rajasthan,Jaipur,378088,Value,36-45
C000084,Wahab Raval,Male,68,Yes,Yes,West Bengal,Kolkata,693207,Mass Market,65+
C000085,Yatin Baral,Male,22,No,No,Punjab,Chandigarh,983484,Value,18-25
C000086,Oni Virk,Male,54,No,No,Uttar Pradesh,Kanpur,674876,Mass Market,46-55
C000087,Advika Jayaraman,Female,37,No,No,Rajasthan,Jodhpur,965074,Value,36-45
C000088,William Lanka,Female,41,No,No,Rajasthan,Jodhpur,565726,Value,36-45
C000089,Karan Mital,Female,53,No,No,Karnataka,Bengaluru,654198,Mass Market,46-55
C000090,Diya Bora,Male,51,No,No,Madhya Pradesh,Indore,817947,High Value,46-55
C000091,Tara Chaudhry,Male,62,Yes,No,Telangana,Warangal,950034,High Value,56-65
C000092,Tanay Toor,Female,65,Yes,No,Telangana,Hyderabad,220262,Premium,56-65
C000093,Kevin Palla,Female,51,No,No,Maharashtra,Nashik,930326,Premium,46-55
C000094,Yash Pingle,Female,36,No,No,Gujarat,Surat,525733,Value,36-45
C000095,Nakul Sarma,Female,34,No,Yes,Delhi,Delhi,907406,Value,26-35
C000096,Abhiram Mistry,Male,22,No,No,Uttar Pradesh,Noida,516852,Mass Market,18-25
C000097,Krish Lalla,Male,42,No,Yes,Maharashtra,Nagpur,476751,High Value,36-45
C000098,Hredhaan Dugal,Male,35,No,No,Maharashtra,Pune,583799,Premium,26-35
C000099,Baghyawati Kade,Male,70,Yes,Yes,Punjab,Chandigarh,53669,Premium,65+
C000100,Samar Lalla,Male,67,Yes,No,Madhya Pradesh,Bhopal,327633,High Value,65+
C000101,Zayan Behl,Male,25,No,No,Punjab,Amritsar,228562,Value,18-25
C000102,Pallavi Malhotra,Female,44,No,Yes,Gujarat,Vadodara,723722,Value,36-45
C000103,Aarush Nath,Male,32,No,Yes,Maharashtra,Nashik,931033,High Value,26-35
C000104,Adweta Edwin,Male,62,Yes,No,Kerala,Thiruvananthapuram,8942,Value,56-65
C000105,Prisha Andra,Female,30,No,Yes,Karnataka,Mysuru,403704,Value,26-35
C000106,Faqid Dixit,Male,33,No,Yes,Madhya Pradesh,Indore,333188,Mass Market,26-35
C000107,Kala Divan,Male,39,No,No,Delhi,New Delhi,845612,Value,36-45
C000108,Joshua Barman,Female,37,No,No,Punjab,Amritsar,780473,Premium,36-45
C000109,Janya Baral,Male,30,No,No,Uttar Pradesh,Agra,198517,Value,26-35
C000110,Shivansh Krish,Male,37,No,No,Tamil Nadu,Chennai,968064,Value,36-45
C000111,Irya Ray,Male,19,No,Yes,Gujarat,Ahmedabad,544215,Mass Market,18-25
C000112,Warjas Gaba,Male,52,No,Yes,Delhi,New Delhi,837926,Value,46-55
C000113,Nitara Bakshi,Female,64,Yes,Yes,Rajasthan,Jaipur,53273,High Value,56-65
C000114,Gaurangi Sabharwal,Female,36,No,No,Gujarat,Vadodara,885934,Mass Market,36-45
C000115,Amara Dutta,Female,62,Yes,No,Punjab,Chandigarh,883903,Mass Market,56-65
C000116,Lavanya Barad,Female,54,No,Yes,Kerala,Thiruvananthapuram,997833,Mass Market,46-55
C000117,Tristan Iyengar,Female,23,No,Yes,Rajasthan,Udaipur,503219,High Value,18-25
C000118,Inaya Mody,Male,31,No,No,Rajasthan,Jaipur,965510,Value,26-35
C000119,Udant Bajwa,Female,21,No,No,Maharashtra,Nashik,506668,High Value,18-25
C000120,Mohini Narasimhan,Male,39,No,No,West Bengal,Howrah,67347,Value,36-45
C000121,Ekaraj Mallick,Female,68,Yes,No,Delhi,Delhi,714998,Value,65+
C000122,Yashodhara Ratta,Female,56,No,No,Punjab,Amritsar,328959,Premium,56-65
C000123,Ayaan D’Alia,Male,53,No,No,Rajasthan,Jodhpur,38524,Mass Market,46-55
C000124,Pranav Lanka,Male,51,No,No,Kerala,Kochi,762215,Mass Market,46-55
C000125,Ikbal Saraf,Male,44,No,No,Delhi,New Delhi,963743,Value,36-45
C000126,Dipta Sarin,Male,24,No,No,Telangana,Warangal,399495,Mass Market,18-25
C000127,Lekha Gupta,Female,20,No,Yes,Delhi,Delhi,38955,Mass Market,18-25
C000128,Chaitanya Sarin,Female,64,Yes,Yes,West Bengal,Kolkata,656531,Mass Market,56-65
C000129,Zinal Yohannan,Male,50,No,No,Tamil Nadu,Coimbatore,87300,Mass Market,46-55
C000130,Januja Sankar,Male,19,No,No,Punjab,Ludhiana,102736,Mass Market,18-25
C000131,Ganga Murthy,Male,59,No,No,Punjab,Chandigarh,325673,Premium,56-65
C000132,Charita Tripathi,Male,33,No,No,Uttar Pradesh,Agra,234874,Mass Market,26-35
C000133,Nilima Narain,Male,42,No,Yes,Tamil Nadu,Chennai,916601,Mass Market,36-45
C000134,Chakrika Datta,Male,32,No,No,Punjab,Amritsar,90488,Mass Market,26-35
C000135,Osha Raghavan,Female,41,No,Yes,Rajasthan,Udaipur,607326,Value,36-45
C000136,Charvi Ravi,Male,32,No,No,Delhi,Delhi,478937,Value,26-35
C000137,Daksha Mangat,Male,48,No,No,Karnataka,Mangaluru,954176,Premium,46-55
C000138,Qushi Nagy,Female,31,No,No,Gujarat,Ahmedabad,909371,Premium,26-35
C000139,Riya Sathe,Male,31,No,Yes,Punjab,Amritsar,458104,Mass Market,26-35
C000140,Yasti Solanki,Female,23,No,No,West Bengal,Kolkata,734669,Mass Market,18-25
C000141,Frado Mander,Female,31,No,No,Madhya Pradesh,Bhopal,473387,Mass Market,26-35
C000142,Girik Keer,Male,34,No,Yes,Rajasthan,Udaipur,528905,High Value,26-35
C000143,Umang Issac,Male,35,No,No,Karnataka,Mangaluru,651837,Value,26-35
C000144,Aryan Batra,Male,37,No,No,West Bengal,Kolkata,771988,Mass Market,36-45
C000145,Vaishnavi Bora,Male,68,Yes,No,Rajasthan,Jaipur,743450,Mass Market,65+
C000146,Oeshi Hayer,Male,34,No,No,Madhya Pradesh,Bhopal,859380,Value,26-35
C000147,Warda Ratta,Female,33,No,Yes,Gujarat,Ahmedabad,250230,Mass Market,26-35
C000148,Manbir Ahluwalia,Male,57,No,No,Telangana,Hyderabad,469243,Premium,56-65
C000149,Pavani Kanda,Male,56,No,No,Gujarat,Vadodara,354869,Value,56-65
C000150,Zarna Shetty,Male,69,Yes,Yes,Uttar Pradesh,Kanpur,212156,Value,65+
C000151,Zaid Dara,Female,49,No,Yes,Karnataka,Mysuru,387108,Value,46-55
C000152,Kiaan Shetty,Male,61,Yes,Yes,Delhi,New Delhi,354694,Mass Market,56-65
C000153,Saanvi Thaman,Male,26,No,Yes,Tamil Nadu,Chennai,604903,Value,26-35
C000154,Sanaya Dutt,Male,44,No,No,West Bengal,Howrah,647476,Premium,36-45
C000155,Shivani Lad,Female,63,Yes,No,Karnataka,Mysuru,161221,Mass Market,56-65
C000156,Aradhana Verma,Male,69,Yes,No,Tamil Nadu,Chennai,39655,Value,65+
C000157,William Maharaj,Female,50,No,No,Telangana,Hyderabad,819004,Premium,46-55
C000158,Faras Mangal,Female,27,No,No,Punjab,Chandigarh,589333,Mass Market,26-35
C000159,Anita Nayak,Male,34,No,No,West Bengal,Kolkata,286601,Value,26-35
C000160,Faris Devi,Female,66,Yes,No,Delhi,New Delhi,855002,Mass Market,65+
C000161,Vihaan Rajagopal,Male,66,Yes,No,Kerala,Thiruvananthapuram,738010,Premium,65+
C000162,Tanish Bhatt,Female,53,No,No,Punjab,Chandigarh,245718,Mass Market,46-55
C000163,Nikita Narayanan,Female,34,No,No,West Bengal,Kolkata,580619,Value,26-35
C000164,Ojasvi Bhatia,Male,35,No,Yes,Kerala,Kochi,999136,Mass Market,26-35
C000165,Osha Ramachandran,Male,69,Yes,No,Delhi,Delhi,55191,Mass Market,65+
C000166,Lajita Sood,Female,40,No,No,Karnataka,Mangaluru,968718,Premium,36-45
C000167,Indira Misra,Male,51,No,No,Tamil Nadu,Chennai,717080,Value,46-55
C000168,Oni Yohannan,Male,25,No,No,West Bengal,Howrah,929328,Premium,18-25
C000169,Vinaya Kanda,Male,30,No,Yes,Gujarat,Vadodara,71961,Value,26-35
C000170,Rajata Sunder,Female,40,No,No,Kerala,Thiruvananthapuram,933213,Value,36-45
C000171,Lopa Nayar,Female,37,No,No,West Bengal,Kolkata,952209,Premium,36-45
C000172,Noah Sibal,Male,39,No,No,Punjab,Amritsar,3717,Mass Market,36-45
C000173,Avi Ramesh,Male,64,Yes,Yes,Gujarat,Vadodara,588562,Mass Market,56-65
C000174,Fiyaz Sangha,Male,69,Yes,No,Kerala,Kochi,480661,Mass Market,65+
C000175,Triya Gopal,Female,40,No,No,Maharashtra,Nagpur,262030,Mass Market,36-45
C000176,Abha Raghavan,Male,58,No,No,Tamil Nadu,Coimbatore,951657,Mass Market,56-65
C000177,Siddharth Sha,Female,52,No,Yes,Kerala,Thiruvananthapuram,211860,High Value,46-55
C000178,Geetika Raghavan,Male,20,No,Yes,Maharashtra,Nashik,811239,Premium,18-25
C000179,Oviya Krishnan,Female,51,No,No,West Bengal,Howrah,302559,High Value,46-55
C000180,Upma Bahl,Male,50,No,Yes,Telangana,Hyderabad,920623,High Value,46-55
C000181,Inaya Kapur,Male,63,Yes,No,Tamil Nadu,Chennai,459688,Value,56-65
C000182,Banjeet Balasubramanian,Male,34,No,No,Maharashtra,Pune,96196,Mass Market,26-35
C000183,Ryan Bahri,Female,62,Yes,No,Rajasthan,Jaipur,450521,Value,56-65
C000184,William Date,Female,36,No,No,Telangana,Warangal,203608,Premium,36-45
C000185,Ishwar Kamdar,Male,47,No,Yes,Karnataka,Bengaluru,641804,Value,46-55
C000186,Aahana Pillay,Female,40,No,No,Maharashtra,Pune,608197,Value,36-45
C000187,Ishwar Gade,Female,32,No,No,Telangana,Hyderabad,408346,Mass Market,26-35
C000188,Hritik Bal,Female,31,No,No,Karnataka,Bengaluru,449506,Value,26-35
C000189,Keya Ranganathan,Male,19,No,No,Rajasthan,Jaipur,958062,Mass Market,18-25
C000190,Faqid Kibe,Male,56,No,No,Uttar Pradesh,Lucknow,456698,Mass Market,56-65
C000191,Charvi Dara,Male,66,Yes,Yes,Kerala,Kochi,985907,Premium,65+
C000192,Idika Walia,Female,35,No,No,Tamil Nadu,Chennai,294142,Mass Market,26-35
C000193,Kamala Biswas,Female,23,No,No,Uttar Pradesh,Lucknow,495776,High Value,18-25
C000194,Advik Salvi,Female,49,No,No,Maharashtra,Nagpur,538476,Mass Market,46-55
C000195,Hitesh Sant,Male,38,No,No,West Bengal,Kolkata,919530,High Value,36-45
C000196,Tripti Dua,Male,57,No,Yes,Punjab,Amritsar,647286,Value,56-65
C000197,Patrick Vig,Female,45,No,No,West Bengal,Kolkata,746859,Premium,36-45
C000198,Veda Shroff,Female,44,No,No,Gujarat,Surat,262976,Mass Market,36-45
C000199,Amrita Naidu,Female,19,No,Yes,Telangana,Warangal,166286,Value,18-25
C000200,Gabriel Mallick,Female,50,No,No,Punjab,Chandigarh,34982,Premium,46-55
C000201,Yagnesh Shetty,Female,33,No,Yes,Uttar Pradesh,Noida,689670,Mass Market,26-35
C000202,Gayathri Balakrishnan,Male,56,No,No,Karnataka,Mangaluru,656277,Mass Market,56-65
C000203,Ekta Gopal,Male,39,No,Yes,Punjab,Amritsar,21572,Mass Market,36-45
C000204,Simon Pant,Female,60,Yes,No,Punjab,Amritsar,125242,Mass Market,56-65
C000205,Harini Mammen,Female,64,Yes,Yes,Maharashtra,Nashik,525600,Mass Market,56-65
C000206,Advaith Varughese,Male,30,No,No,Delhi,New Delhi,894961,Value,26-35
C000207,Frederick Khurana,Male,19,No,No,Karnataka,Mysuru,215052,Mass Market,18-25
C000208,Vrinda Khosla,Female,31,No,Yes,Delhi,Delhi,535313,Value,26-35
C000209,Vritti Sem,Male,55,No,No,Gujarat,Ahmedabad,845605,Premium,46-55
C000210,Girik Menon,Male,58,No,Yes,West Bengal,Kolkata,423221,Value,56-65
C000211,Nidhi Kohli,Male,45,No,No,Tamil Nadu,Chennai,912944,Mass Market,36-45
C000212,Jyoti Solanki,Female,24,No,No,Tamil Nadu,Madurai,141408,Value,18-25
C000213,Pavani Narayanan,Female,35,No,No,West Bengal,Howrah,834377,Mass Market,26-35
C000214,Sudiksha Madan,Male,58,No,No,Gujarat,Surat,402116,Mass Market,56-65
C000215,Zayan Kashyap,Female,53,No,Yes,Kerala,Thiruvananthapuram,313799,Mass Market,46-55
C000216,Reyansh Mutti,Male,58,No,Yes,Rajasthan,Jodhpur,810096,High Value,56-65
C000217,Qasim Handa,Male,53,No,No,Uttar Pradesh,Agra,426578,Premium,46-55
C000218,Veda Malhotra,Female,61,Yes,Yes,Delhi,New Delhi,355877,Mass Market,56-65
C000219,Harish Hari,Female,21,No,No,Kerala,Kochi,526348,Value,18-25
C000220,Utkarsh Patel,Female,47,No,Yes,Delhi,New Delhi,372544,Mass Market,46-55
C000221,Chasmum Atwal,Female,41,No,No,Maharashtra,Nashik,253511,High Value,36-45
C000222,Anusha Bath,Female,37,No,Yes,West Bengal,Howrah,882805,High Value,36-45
C000223,Brinda Date,Male,63,Yes,No,Punjab,Chandigarh,345538,Mass Market,56-65
C000224,Harshil Arora,Male,48,No,Yes,Telangana,Hyderabad,872047,Mass Market,46-55
C000225,Upasna Srinivas,Male,41,No,Yes,Uttar Pradesh,Noida,766608,Value,36-45
C000226,Harini Gour,Male,24,No,No,Gujarat,Ahmedabad,887458,Value,18-25
C000227,Zayyan Sridhar,Female,43,No,Yes,Kerala,Thiruvananthapuram,120753,Mass Market,36-45
C000228,Dhruv Rattan,Male,30,No,No,West Bengal,Kolkata,368593,Value,26-35
C000229,Ethan Bera,Female,25,No,No,West Bengal,Howrah,526210,Mass Market,18-25
C000230,Manthan Modi,Female,22,No,Yes,Rajasthan,Jaipur,414430,Value,18-25
C000231,Yuvraj Dani,Female,61,Yes,No,Telangana,Warangal,61445,Mass Market,56-65
C000232,Upkaar Virk,Male,30,No,No,Karnataka,Mysuru,996457,Premium,26-35
C000233,Shravya Savant,Female,46,No,No,Karnataka,Bengaluru,433199,Value,46-55
C000234,Pushti Mody,Male,37,No,No,Madhya Pradesh,Indore,115333,Value,36-45
C000235,Hardik Johal,Male,31,No,No,Rajasthan,Jodhpur,972969,Premium,26-35
C000236,Aishani Bumb,Female,49,No,Yes,Kerala,Kochi,10034,Value,46-55
C000237,Wriddhish Ghose,Male,67,Yes,Yes,Karnataka,Bengaluru,449975,Mass Market,65+
C000238,Naksh Agate,Male,44,No,No,Rajasthan,Udaipur,861888,Mass Market,36-45
C000239,Shravya Singhal,Female,42,No,No,Delhi,New Delhi,786021,Mass Market,36-45
C000240,Bachittar Kata,Male,69,Yes,No,Tamil Nadu,Chennai,992794,Mass Market,65+
C000241,Barkha Setty,Female,21,No,No,Tamil Nadu,Chennai,763827,Premium,18-25
C000242,Vivaan Lalla,Female,38,No,No,West Bengal,Kolkata,903312,Mass Market,36-45
C000243,Pavani Contractor,Female,35,No,Yes,Tamil Nadu,Coimbatore,239548,Mass Market,26-35
C000244,Manthan Lata,Male,56,No,Yes,Uttar Pradesh,Agra,704731,Premium,56-65
C000245,Ekbal Bhasin,Male,32,No,No,Karnataka,Mysuru,836874,Value,26-35
C000246,Damyanti Mani,Female,70,Yes,Yes,Uttar Pradesh,Noida,774070,Value,65+
C000247,Jeet Sidhu,Male,55,No,Yes,Maharashtra,Nashik,666560,Mass Market,46-55
C000248,Neha Magar,Female,65,Yes,Yes,Karnataka,Bengaluru,762282,Mass Market,56-65
C000249,Raksha Buch,Female,69,Yes,No,Telangana,Hyderabad,282193,Value,65+
C000250,Rachana Naidu,Female,41,No,No,Gujarat,Surat,827847,Premium,36-45
C000251,Atharv Chand,Male,25,No,Yes,Madhya Pradesh,Indore,643933,Mass Market,18-25
C000252,Ansh Luthra,Male,45,No,Yes,Rajasthan,Jodhpur,459692,Value,36-45
C000253,Parth Singhal,Female,38,No,No,West Bengal,Howrah,666048,High Value,36-45
C000254,Arunima Golla,Male,33,No,No,Rajasthan,Jodhpur,312344,Value,26-35
C000255,Vyanjana Chand,Male,33,No,No,Gujarat,Surat,584981,Value,26-35
C000256,Ijaya Rege,Female,52,No,No,Gujarat,Surat,846512,Premium,46-55
C000257,Ekani Cheema,Female,34,No,No,Gujarat,Vadodara,210637,Premium,26-35
C000258,Forum Sabharwal,Female,26,No,Yes,Karnataka,Mangaluru,704836,Value,26-35
C000259,Bhavya Rattan,Female,52,No,No,Madhya Pradesh,Bhopal,811659,Premium,46-55
C000260,Suhani Chakrabarti,Male,69,Yes,No,Telangana,Hyderabad,585942,Value,65+
C000261,Zayyan Naik,Female,46,No,No,Punjab,Chandigarh,937931,Premium,46-55
C000262,Netra Varkey,Female,56,No,No,Gujarat,Surat,636597,High Value,56-65
C000263,Turvi Sachdev,Male,35,No,Yes,West Bengal,Kolkata,767687,Value,26-35
C000264,Raghav Vasa,Male,29,No,No,Karnataka,Bengaluru,759358,Value,26-35
C000265,Wishi Sathe,Female,36,No,No,Telangana,Hyderabad,134174,Value,36-45
C000266,Samar Loke,Female,65,Yes,No,Gujarat,Vadodara,953808,Premium,56-65
C000267,Bhavna Sarma,Female,39,No,No,Maharashtra,Nagpur,267233,Premium,36-45
C000268,Jairaj Balakrishnan,Female,66,Yes,No,Punjab,Chandigarh,761500,Mass Market,65+
C000269,Nathan Mukhopadhyay,Male,69,Yes,Yes,West Bengal,Kolkata,113915,Premium,65+
C000270,Nikita Chander,Male,32,No,Yes,Punjab,Amritsar,804423,Premium,26-35
C000271,Ishaan Shenoy,Female,18,No,No,Maharashtra,Nashik,479214,Premium,18-25
C000272,Mitesh Tara,Female,19,No,Yes,Punjab,Amritsar,108616,Premium,18-25
C000273,Yashodhara Mahajan,Female,25,No,No,Kerala,Kochi,790499,Mass Market,18-25
C000274,Vasudha Sodhi,Female,39,No,Yes,Kerala,Kochi,573806,Value,36-45
C000275,Tanmayi Dhillon,Male,42,No,No,Madhya Pradesh,Indore,996736,Premium,36-45
C000276,Rayaan Trivedi,Male,19,No,No,Punjab,Chandigarh,209610,High Value,18-25
C000277,Ekaraj Majumdar,Female,68,Yes,No,Punjab,Chandigarh,372643,Mass Market,65+
C000278,Harini Tripathi,Female,26,No,Yes,Uttar Pradesh,Lucknow,58699,Value,26-35
C000279,Aarnav Mandal,Female,26,No,No,Madhya Pradesh,Indore,245971,Premium,26-35
C000280,Vrishti Dixit,Female,30,No,No,Uttar Pradesh,Agra,579327,Premium,26-35
C000281,Veda Pai,Female,23,No,No,Punjab,Chandigarh,11549,Value,18-25
C000282,Krishna Shah,Male,47,No,Yes,Uttar Pradesh,Noida,773260,Mass Market,46-55
C000283,Ranbir Khare,Male,32,No,Yes,Telangana,Hyderabad,856888,Premium,26-35
C000284,Vivaan Roy,Male,68,Yes,Yes,Delhi,New Delhi,108597,Premium,65+
C000285,Eesha Solanki,Female,70,Yes,Yes,West Bengal,Howrah,586794,Premium,65+
C000286,Libni Doshi,Male,32,No,No,Telangana,Warangal,364470,Premium,26-35
C000287,Balhaar Date,Male,67,Yes,No,Tamil Nadu,Coimbatore,632767,Value,65+
C000288,Harish Sarraf,Male,24,No,Yes,Maharashtra,Pune,596458,High Value,18-25
C000289,Tanmayi Aurora,Male,28,No,Yes,Punjab,Amritsar,669494,Premium,26-35
C000290,Nimrat Dubey,Female,57,No,Yes,Kerala,Thiruvananthapuram,155347,Value,56-65
C000291,Upasna Lanka,Male,55,No,No,Madhya Pradesh,Indore,502405,High Value,46-55
C000292,Mitali Buch,Male,57,No,No,Gujarat,Surat,772908,High Value,56-65
C000293,Lajita Nadig,Female,19,No,No,Kerala,Thiruvananthapuram,896539,Premium,18-25
C000294,Balendra Biswas,Male,68,Yes,No,West Bengal,Kolkata,503754,Value,65+
C000295,Bhavna Karan,Male,65,Yes,No,Karnataka,Mangaluru,780538,Value,56-65
C000296,Radha Chaudhari,Male,56,No,No,Madhya Pradesh,Bhopal,385693,Mass Market,56-65
C000297,Sachi Ganesan,Female,27,No,Yes,Delhi,Delhi,913696,Mass Market,26-35
C000298,Ayush Batra,Male,61,Yes,No,Kerala,Thiruvananthapuram,804073,Value,56-65
C000299,Daksh Memon,Female,34,No,No,Kerala,Kochi,304150,Value,26-35
C000300,Kavya Sankar,Male,24,No,Yes,Madhya Pradesh,Indore,324051,Mass Market,18-25
C000301,Yash Wali,Male,57,No,Yes,West Bengal,Howrah,265838,High Value,56-65
C000302,Pranit Garde,Male,56,No,Yes,Maharashtra,Mumbai,963346,Value,56-65
C000303,Farhan Raja,Male,21,No,No,Delhi,New Delhi,464660,Value,18-25
C000304,Widisha Dhar,Female,52,No,No,Karnataka,Mangaluru,327399,Value,46-55
C000305,Triya Kumar,Female,68,Yes,No,Telangana,Hyderabad,415920,Mass Market,65+
C000306,Aadhya Andra,Female,64,Yes,Yes,Tamil Nadu,Madurai,101027,Premium,56-65
C000307,Bhavna Dugar,Male,53,No,Yes,Telangana,Warangal,78195,Mass Market,46-55
C000308,Riya Pai,Male,48,No,Yes,Madhya Pradesh,Indore,648497,Value,46-55
C000309,Panini Krishna,Female,42,No,No,Karnataka,Mysuru,973833,Value,36-45
C000310,Chasmum Issac,Male,58,No,No,Maharashtra,Mumbai,614435,Value,56-65
C000311,Vasudha Chhabra,Male,30,No,No,West Bengal,Kolkata,547893,Value,26-35
C000312,Lakshmi Parmer,Male,35,No,Yes,Kerala,Thiruvananthapuram,52602,Mass Market,26-35
C000313,Chakrika Bains,Male,38,No,No,Madhya Pradesh,Bhopal,68756,Mass Market,36-45
C000314,Anvi Anand,Female,65,Yes,No,Gujarat,Ahmedabad,71812,Value,56-65
C000315,Watika Mangat,Female,18,No,No,Delhi,Delhi,361391,Premium,18-25
C000316,Indira Kanda,Female,53,No,No,Delhi,Delhi,377459,Value,46-55
C000317,Zashil Devan,Male,67,Yes,No,Karnataka,Mangaluru,133768,Mass Market,65+
C000318,Balveer More,Male,25,No,No,Rajasthan,Udaipur,58079,Mass Market,18-25
C000319,Bahadurjit Patla,Male,69,Yes,Yes,Rajasthan,Udaipur,65106,Value,65+
C000320,Gautam Merchant,Male,65,Yes,Yes,Madhya Pradesh,Indore,70783,Value,56-65
C000321,Ojasvi Gill,Male,38,No,Yes,Madhya Pradesh,Bhopal,784830,Mass Market,36-45
C000322,Kevin Zacharia,Female,60,Yes,No,Madhya Pradesh,Indore,485736,Value,56-65
C000323,Yachana Mahajan,Female,69,Yes,No,Kerala,Kochi,404492,Mass Market,65+
C000324,Aarini Subramaniam,Male,70,Yes,Yes,Madhya Pradesh,Bhopal,280903,Value,65+
C000325,Hamsini Contractor,Female,70,Yes,No,Punjab,Chandigarh,788364,Mass Market,65+
C000326,Faqid Dhaliwal,Female,38,No,No,Kerala,Kochi,167859,High Value,36-45
C000327,Mekhala Pau,Female,44,No,No,Rajasthan,Udaipur,440889,Mass Market,36-45
C000328,Megha Atwal,Female,36,No,No,West Bengal,Kolkata,930320,Value,36-45
C000329,Jatin Sha,Male,40,No,No,Delhi,Delhi,560526,High Value,36-45
C000330,Adweta Raj,Male,68,Yes,Yes,Maharashtra,Nagpur,152302,Mass Market,65+
C000331,Hritik Kaur,Male,67,Yes,Yes,Gujarat,Vadodara,633092,Value,65+
C000332,Aryan Narang,Female,68,Yes,No,Punjab,Chandigarh,565403,Mass Market,65+
C000333,Dev Shetty,Male,60,Yes,No,Rajasthan,Udaipur,799154,Mass Market,56-65
C000334,Nilima Dada,Male,52,No,Yes,Maharashtra,Nagpur,273201,Value,46-55
C000335,Chakradev Barad,Male,57,No,No,Karnataka,Bengaluru,953185,High Value,56-65
C000336,Waida D’Alia,Male,69,Yes,No,Maharashtra,Nagpur,42318,Value,65+
C000337,Wahab Yogi,Female,68,Yes,No,Madhya Pradesh,Bhopal,68204,Value,65+
C000338,Lipika Setty,Female,59,No,Yes,Uttar Pradesh,Kanpur,93054,Value,56-65
C000339,Oni Dubey,Male,65,Yes,No,West Bengal,Kolkata,738577,Value,56-65
C000340,Hardik Suri,Male,22,No,Yes,Rajasthan,Jaipur,398245,Value,18-25
C000341,Ati Bali,Male,69,Yes,Yes,Uttar Pradesh,Agra,381518,Mass Market,65+
C000342,Teerth Sawhney,Male,58,No,No,Karnataka,Mysuru,723826,Mass Market,56-65
C000343,Warinder Patil,Male,25,No,Yes,Madhya Pradesh,Indore,295185,Value,18-25
C000344,Jhalak Parmer,Male,28,No,Yes,Punjab,Chandigarh,557688,Premium,26-35
C000345,Mitali Majumdar,Male,33,No,No,Delhi,Delhi,559030,Mass Market,26-35
C000346,Jason Sha,Female,56,No,Yes,Gujarat,Ahmedabad,969544,Value,56-65
C000347,Simon Bail,Female,64,Yes,No,Tamil Nadu,Madurai,615048,Mass Market,56-65
C000348,Gauri Kohli,Male,41,No,No,Telangana,Warangal,915089,Mass Market,36-45
C000349,Samesh Biswas,Male,38,No,No,Gujarat,Ahmedabad,446403,Value,36-45
C000350,Tarak Kaul,Female,69,Yes,Yes,Gujarat,Vadodara,76955,Premium,65+
C000351,Manbir Agate,Male,40,No,No,Kerala,Thiruvananthapuram,935588,Value,36-45
C000352,Maanav De,Female,66,Yes,Yes,Karnataka,Mangaluru,82277,Mass Market,65+
C000353,Owen Choudhary,Female,55,No,No,Delhi,Delhi,477774,High Value,46-55
C000354,Karan Aurora,Male,64,Yes,Yes,Uttar Pradesh,Lucknow,925412,Mass Market,56-65
C000355,Wazir Naik,Male,25,No,Yes,Rajasthan,Jaipur,872493,Premium,18-25
C000356,Owen Lanka,Female,24,No,No,Telangana,Hyderabad,979007,Value,18-25
C000357,Jonathan Sama,Male,19,No,Yes,Gujarat,Vadodara,455948,Value,18-25
C000358,Devansh Soni,Female,47,No,Yes,Karnataka,Bengaluru,967416,High Value,46-55
C000359,Janaki Varghese,Female,30,No,No,Punjab,Amritsar,239567,Premium,26-35
C000360,Siya Thakur,Female,40,No,No,Rajasthan,Jaipur,255935,Mass Market,36-45
C000361,Caleb Verma,Male,46,No,Yes,Karnataka,Mysuru,276749,Mass Market,46-55
C000362,Tara Balasubramanian,Female,55,No,No,Delhi,New Delhi,641227,Mass Market,46-55
C000363,Varenya Ratti,Male,54,No,Yes,West Bengal,Howrah,765314,Mass Market,46-55
C000364,Hritik Swaminathan,Male,37,No,No,Karnataka,Bengaluru,134170,High Value,36-45
C000365,Ethan Buch,Female,50,No,No,Uttar Pradesh,Lucknow,545583,Mass Market,46-55
C000366,Manbir Bhatti,Male,46,No,No,Karnataka,Mysuru,559556,Value,46-55
C000367,Anvi Nair,Female,67,Yes,No,Rajasthan,Jodhpur,168335,Premium,65+
C000368,Chaitaly Setty,Female,32,No,Yes,Delhi,New Delhi,668089,Premium,26-35
C000369,Hardik Contractor,Male,40,No,Yes,Uttar Pradesh,Kanpur,49108,Value,36-45
C000370,Qushi Seth,Male,59,No,Yes,Maharashtra,Pune,43171,Premium,56-65
C000371,Odika Nori,Male,20,No,No,Kerala,Kochi,578521,Mass Market,18-25
C000372,Mohini Sagar,Male,54,No,No,Karnataka,Mangaluru,933686,Premium,46-55
C000373,Dhriti Sane,Male,46,No,No,Punjab,Chandigarh,931608,Mass Market,46-55
C000374,Aadhya Prasad,Female,62,Yes,Yes,Delhi,Delhi,10558,High Value,56-65
C000375,Urvi Bhavsar,Male,25,No,No,Kerala,Thiruvananthapuram,911153,Mass Market,18-25
C000376,Frederick Chander,Male,39,No,No,West Bengal,Kolkata,26400,Mass Market,36-45
C000377,Gopal Pradhan,Female,70,Yes,No,Tamil Nadu,Chennai,339637,Value,65+
C000378,Darpan Narayan,Male,46,No,No,Rajasthan,Jaipur,203887,Premium,46-55
C000379,Nirja Pandya,Female,19,No,Yes,Delhi,New Delhi,188938,Premium,18-25
C000380,Charan Mani,Male,58,No,Yes,Rajasthan,Jodhpur,478167,Mass Market,56-65
C000381,Indira Chawla,Male,66,Yes,No,West Bengal,Kolkata,634208,Mass Market,65+
C000382,Mohammed Subramaniam,Female,67,Yes,Yes,Kerala,Kochi,481242,Mass Market,65+
C000383,Hritik Palla,Female,62,Yes,Yes,Punjab,Amritsar,647426,Value,56-65
C000384,Ishwar Mallick,Female,18,No,Yes,Tamil Nadu,Coimbatore,404783,Value,18-25
C000385,Pushti Bal,Female,61,Yes,Yes,Delhi,Delhi,796637,Value,56-65
C000386,Ayush Gole,Female,37,No,No,Madhya Pradesh,Indore,818774,Value,36-45
C000387,Dayamai Nori,Male,69,Yes,Yes,Punjab,Ludhiana,992468,Value,65+
C000388,Abeer Golla,Male,38,No,No,West Bengal,Kolkata,144693,High Value,36-45
C000389,Nandini Boase,Female,54,No,No,Madhya Pradesh,Indore,315566,Mass Market,46-55
C000390,Azaan Chand,Female,25,No,No,Telangana,Warangal,239402,Value,18-25
C000391,Krisha Saini,Female,44,No,No,Telangana,Hyderabad,908964,Value,36-45
C000392,Harita Dugar,Male,64,Yes,Yes,Rajasthan,Jodhpur,668118,Mass Market,56-65
C000393,Devika Nair,Male,52,No,No,Gujarat,Ahmedabad,292324,Value,46-55
C000394,Charles Dugal,Female,23,No,No,Uttar Pradesh,Noida,872203,Mass Market,18-25
C000395,Chandran Bumb,Male,62,Yes,No,Punjab,Ludhiana,337840,Mass Market,56-65
C000396,Saanvi Samra,Female,61,Yes,No,Delhi,Delhi,138674,Value,56-65
C000397,Riya Sachdeva,Female,36,No,No,Tamil Nadu,Coimbatore,783045,Mass Market,36-45
C000398,Tanveer Vala,Male,35,No,No,Gujarat,Ahmedabad,965765,Mass Market,26-35
C000399,Hemani Sani,Female,18,No,No,Rajasthan,Jaipur,868005,Value,18-25
C000400,Bhanumati Sur,Female,42,No,Yes,Telangana,Hyderabad,126764,Value,36-45
C000401,Chakradev Kannan,Male,44,No,Yes,Punjab,Amritsar,943632,Mass Market,36-45
C000402,Christopher Amble,Female,24,No,No,West Bengal,Kolkata,56146,Mass Market,18-25
C000403,Charvi Kakar,Male,61,Yes,No,Punjab,Ludhiana,344200,Value,56-65
C000404,Aadhya Mann,Female,59,No,Yes,West Bengal,Howrah,218674,Premium,56-65
C000405,Jagdish Amble,Male,46,No,No,Telangana,Warangal,152035,High Value,46-55
C000406,Qushi Gill,Female,48,No,No,Maharashtra,Mumbai,919850,Mass Market,46-55
C000407,Lajita Walia,Male,61,Yes,No,Karnataka,Mysuru,651335,Mass Market,56-65
C000408,Xiti Pandya,Male,60,Yes,No,Delhi,Delhi,81432,Mass Market,56-65
C000409,Mekhala Basak,Female,53,No,No,Kerala,Thiruvananthapuram,987663,Value,46-55
C000410,Anirudh Sharaf,Male,36,No,No,Karnataka,Mangaluru,790423,Value,36-45
C000411,Dhriti Sanghvi,Male,23,No,No,Tamil Nadu,Madurai,810608,Value,18-25
C000412,Omisha Mann,Female,42,No,No,Punjab,Ludhiana,700522,Premium,36-45
C000413,Nidhi Bail,Female,48,No,Yes,Kerala,Kochi,845749,Value,46-55
C000414,Onveer Sharma,Female,26,No,No,Maharashtra,Mumbai,599052,High Value,26-35
C000415,Gaurang Sarkar,Female,37,No,Yes,Tamil Nadu,Coimbatore,25996,Mass Market,36-45
C000416,Yagnesh Sarin,Male,27,No,Yes,Delhi,New Delhi,143583,Mass Market,26-35
C000417,Farhan Randhawa,Male,54,No,No,Telangana,Warangal,407751,Mass Market,46-55
C000418,Harinakshi Kant,Male,44,No,No,Gujarat,Ahmedabad,61092,Mass Market,36-45
C000419,Om Bose,Female,30,No,No,Uttar Pradesh,Lucknow,168974,High Value,26-35
C000420,Yashvi Hari,Female,58,No,Yes,Madhya Pradesh,Bhopal,371473,Mass Market,56-65
C000421,Indali Divan,Female,19,No,No,Gujarat,Surat,43192,Value,18-25
C000422,Harshil Dhingra,Female,67,Yes,No,Madhya Pradesh,Bhopal,431266,Mass Market,65+
C000423,Rudra Ghose,Male,38,No,No,Punjab,Ludhiana,560233,Mass Market,36-45
C000424,Faqid Goel,Male,50,No,Yes,Kerala,Kochi,165580,Mass Market,46-55
C000425,Ucchal Sen,Male,41,No,No,Delhi,Delhi,247555,Mass Market,36-45
C000426,Diya Dora,Male,70,Yes,No,Rajasthan,Udaipur,672036,Value,65+
C000427,Ekansh Singh,Male,61,Yes,Yes,Tamil Nadu,Chennai,27510,High Value,56-65
C000428,Chavvi Maharaj,Female,59,No,Yes,Uttar Pradesh,Kanpur,568706,Value,56-65
C000429,Indira Tripathi,Male,51,No,No,Madhya Pradesh,Indore,571121,Value,46-55
C000430,Dayita Shenoy,Male,26,No,No,Uttar Pradesh,Agra,679323,Mass Market,26-35
C000431,Baljiwan Bhandari,Male,19,No,No,Telangana,Hyderabad,393305,Premium,18-25
C000432,Bhavini Bose,Female,47,No,No,Maharashtra,Pune,849516,Mass Market,46-55
C000433,Yashica Rajagopalan,Female,39,No,No,Punjab,Ludhiana,707943,High Value,36-45
C000434,Benjamin Sengupta,Male,63,Yes,No,Uttar Pradesh,Agra,183024,Value,56-65
C000435,Ekanta Soni,Male,28,No,Yes,Uttar Pradesh,Lucknow,646855,Mass Market,26-35
C000436,David Seshadri,Female,60,Yes,Yes,Rajasthan,Udaipur,902041,Value,56-65
C000437,Hemal Chad,Male,34,No,No,Tamil Nadu,Coimbatore,548805,High Value,26-35
C000438,Balveer Kota,Female,53,No,Yes,Tamil Nadu,Madurai,93346,Mass Market,46-55
C000439,Reva Viswanathan,Female,30,No,No,Madhya Pradesh,Bhopal,336330,Mass Market,26-35
C000440,Januja Pradhan,Male,24,No,No,Gujarat,Vadodara,754370,Mass Market,18-25
C000441,Lila Rege,Male,33,No,No,Maharashtra,Mumbai,984164,Value,26-35
C000442,Charles Natt,Female,50,No,No,Uttar Pradesh,Kanpur,770217,Mass Market,46-55
C000443,Forum Chandra,Male,62,Yes,No,Tamil Nadu,Madurai,470125,Premium,56-65
C000444,Bhanumati Krishnan,Male,18,No,No,West Bengal,Howrah,833971,High Value,18-25
C000445,Gauri Bumb,Female,28,No,Yes,Punjab,Amritsar,856817,High Value,26-35
C000446,Inaya Mukherjee,Female,23,No,Yes,Rajasthan,Jodhpur,975059,Mass Market,18-25
C000447,Kai Chad,Female,37,No,No,Tamil Nadu,Coimbatore,739301,Value,36-45
C000448,Krisha Narasimhan,Female,52,No,Yes,Karnataka,Mysuru,559169,Mass Market,46-55
C000449,Girik Sampath,Male,61,Yes,No,Gujarat,Vadodara,317936,Value,56-65
C000450,Andrew Patil,Male,54,No,No,West Bengal,Howrah,708944,Premium,46-55
C000451,Pranit Kala,Female,58,No,No,Telangana,Hyderabad,654525,Value,56-65
C000452,Vedika Handa,Female,43,No,Yes,Uttar Pradesh,Noida,570765,Premium,36-45
C000453,Laksh Dubey,Male,29,No,No,Punjab,Ludhiana,946207,Premium,26-35
C000454,Chakrika Chaudhuri,Female,47,No,Yes,Telangana,Warangal,622719,Mass Market,46-55
C000455,Gayathri Deep,Male,45,No,No,Punjab,Amritsar,602611,Value,36-45
C000456,Mitesh Gaba,Male,44,No,Yes,Madhya Pradesh,Indore,801093,Mass Market,36-45
C000457,Noah Sarma,Male,59,No,No,Delhi,Delhi,91949,Mass Market,56-65
C000458,Nirja Patla,Male,36,No,Yes,Uttar Pradesh,Agra,817003,Mass Market,36-45
C000459,Sachi Mane,Male,22,No,Yes,Telangana,Hyderabad,762805,High Value,18-25
C000460,Vivaan Walla,Male,22,No,No,Telangana,Warangal,777014,Value,18-25
C000461,Dayamai Singh,Male,58,No,Yes,Madhya Pradesh,Bhopal,268211,Value,56-65
C000462,Jhalak Sastry,Female,44,No,No,Maharashtra,Pune,696460,Premium,36-45
C000463,Baghyawati Raja,Female,45,No,Yes,Delhi,Delhi,735956,Premium,36-45
C000464,Neel Iyengar,Female,43,No,Yes,Kerala,Thiruvananthapuram,922051,Premium,36-45
C000465,Zashil Ben,Female,44,No,No,Karnataka,Mysuru,563974,Mass Market,36-45
C000466,Kamya Chauhan,Male,69,Yes,Yes,West Bengal,Howrah,500751,Value,65+
C000467,Bhavani Chacko,Male,66,Yes,Yes,Kerala,Thiruvananthapuram,748673,Value,65+
C000468,Anjali Sengupta,Female,59,No,No,Uttar Pradesh,Noida,818217,Value,56-65
C000469,Rajeshri Chand,Male,38,No,Yes,Kerala,Thiruvananthapuram,487477,Mass Market,36-45
C000470,Shravya Palla,Female,18,No,Yes,Tamil Nadu,Madurai,599584,Mass Market,18-25
C000471,Oeshi Bera,Male,45,No,Yes,Telangana,Hyderabad,835699,High Value,36-45
C000472,Yadavi Prakash,Female,65,Yes,No,Delhi,New Delhi,125201,Mass Market,56-65
C000473,Libni Bumb,Male,32,No,No,Kerala,Thiruvananthapuram,64691,Value,26-35
C000474,Udarsh Bala,Female,34,No,Yes,West Bengal,Howrah,671919,Mass Market,26-35
C000475,Hardik Nayak,Male,43,No,No,Gujarat,Ahmedabad,993353,Mass Market,36-45
C000476,Laksh Barad,Female,37,No,Yes,Kerala,Kochi,313878,Mass Market,36-45
C000477,Urmi Dewan,Male,42,No,No,Kerala,Thiruvananthapuram,56828,Value,36-45
C000478,Saumya Ahluwalia,Female,30,No,No,West Bengal,Kolkata,533552,High Value,26-35
C000479,Anirudh Kunda,Female,50,No,No,Rajasthan,Jaipur,202948,Mass Market,46-55
C000480,Mason Wable,Male,42,No,No,Uttar Pradesh,Noida,478112,Mass Market,36-45
C000481,Indrajit Mani,Female,25,No,No,Madhya Pradesh,Indore,699345,Value,18-25
C000482,Charvi Dara,Female,22,No,No,Tamil Nadu,Chennai,739222,Mass Market,18-25
C000483,William Saini,Male,23,No,Yes,Punjab,Chandigarh,177865,High Value,18-25
C000484,Dev Choudhry,Female,40,No,Yes,Tamil Nadu,Coimbatore,394750,Mass Market,36-45
C000485,Amol Varma,Female,69,Yes,Yes,Telangana,Hyderabad,577791,Value,65+
C000486,Maanas Manne,Female,47,No,No,Punjab,Ludhiana,431243,Value,46-55
C000487,Aarav Pandit,Male,31,No,Yes,Karnataka,Mysuru,535381,Premium,26-35
C000488,Omaja Grover,Male,40,No,Yes,West Bengal,Kolkata,575092,Value,36-45
C000489,Jalsa Bir,Female,28,No,No,Tamil Nadu,Madurai,209480,Mass Market,26-35
C000490,Madhavi Singhal,Female,48,No,Yes,West Bengal,Howrah,695756,Mass Market,46-55
C000491,Lila Prakash,Male,23,No,Yes,Delhi,Delhi,943391,High Value,18-25
C000492,Amol Parikh,Female,28,No,Yes,Uttar Pradesh,Agra,867088,Premium,26-35
C000493,Hemani Khosla,Male,30,No,No,Uttar Pradesh,Noida,506943,Mass Market,26-35
C000494,Gaurangi Deol,Male,29,No,Yes,Uttar Pradesh,Noida,410104,Premium,26-35
C000495,Indira Nigam,Male,19,No,No,Tamil Nadu,Madurai,797493,Value,18-25
C000496,Ucchal Srinivas,Male,70,Yes,No,Madhya Pradesh,Indore,492101,Value,65+
C000497,Krishna Bhatnagar,Female,52,No,No,Kerala,Kochi,889699,Mass Market,46-55
C000498,Balhaar Memon,Male,53,No,Yes,Uttar Pradesh,Agra,329357,Premium,46-55
C000499,Caleb Iyengar,Female,34,No,Yes,Maharashtra,Pune,384811,Mass Market,26-35
C000500,Diya Mukherjee,Female,45,No,No,Delhi,New Delhi,570347,Premium,36-45
C000501,Urvashi Kulkarni,Female,45,No,Yes,Madhya Pradesh,Bhopal,601642,Mass Market,36-45
C000502,Rayaan Mangal,Male,39,No,Yes,Tamil Nadu,Chennai,245546,Premium,36-45
C000503,Champak Narula,Male,55,No,Yes,Tamil Nadu,Madurai,21354,Mass Market,46-55
C000504,Jeet Pillai,Female,24,No,No,Gujarat,Ahmedabad,922394,Mass Market,18-25
C000505,Mugdha Sarraf,Female,32,No,No,Rajasthan,Jaipur,717343,Mass Market,26-35
C000506,Harinakshi Grover,Male,49,No,No,Kerala,Thiruvananthapuram,660954,Mass Market,46-55
C000507,Widisha Pillai,Female,28,No,No,Maharashtra,Pune,6039,Value,26-35
C000508,Fitan Samra,Female,41,No,No,Madhya Pradesh,Bhopal,79516,Mass Market,36-45
C000509,Qushi Gole,Female,20,No,No,Kerala,Thiruvananthapuram,521412,High Value,18-25
C000510,Ekani Chauhan,Female,47,No,No,Uttar Pradesh,Agra,224175,Value,46-55
C000511,Falak Merchant,Female,23,No,No,Telangana,Warangal,168095,Value,18-25
C000512,Sanaya Sandhu,Male,19,No,No,Rajasthan,Udaipur,418541,Mass Market,18-25
C000513,Sachi Panchal,Female,31,No,Yes,Kerala,Thiruvananthapuram,336650,Value,26-35
C000514,Brijesh Pandit,Female,58,No,Yes,Kerala,Kochi,859156,Mass Market,56-65
C000515,Anvi Bhandari,Male,35,No,No,Tamil Nadu,Madurai,817915,Premium,26-35
C000516,Nidra Patla,Male,68,Yes,No,Maharashtra,Nashik,829052,Mass Market,65+
C000517,Azaan Dhar,Male,61,Yes,No,Uttar Pradesh,Agra,922191,Premium,56-65
C000518,Bakhshi Date,Female,48,No,No,Rajasthan,Jodhpur,429994,Mass Market,46-55
C000519,Warinder Peri,Female,30,No,No,Tamil Nadu,Chennai,414013,High Value,26-35
C000520,Leela Bali,Male,43,No,No,Punjab,Amritsar,699391,Mass Market,36-45
C000521,Shivani Prabhakar,Female,61,Yes,No,Telangana,Warangal,265201,Mass Market,56-65
C000522,Sachi Bose,Male,29,No,Yes,Rajasthan,Udaipur,17402,Value,26-35
C000523,Jeevika Rao,Female,35,No,No,Uttar Pradesh,Agra,984469,High Value,26-35
C000524,Arya Krish,Female,26,No,No,West Bengal,Kolkata,659481,Value,26-35
C000525,Atharv Grewal,Female,66,Yes,No,Telangana,Warangal,729136,Mass Market,65+
C000526,Zarna Ram,Male,38,No,Yes,West Bengal,Howrah,591644,Value,36-45
C000527,Adweta Lad,Male,65,Yes,Yes,Gujarat,Ahmedabad,532180,High Value,56-65
C000528,Tanish Mangal,Male,66,Yes,No,Punjab,Amritsar,130852,Mass Market,65+
C000529,Ryan Das,Male,70,Yes,No,Kerala,Thiruvananthapuram,156823,Mass Market,65+
C000530,Ethan Seth,Female,57,No,No,Karnataka,Bengaluru,284022,Premium,56-65
C000531,Sai Chahal,Female,60,Yes,No,Madhya Pradesh,Bhopal,626713,Premium,56-65
C000532,Idika Bhattacharyya,Female,41,No,No,Karnataka,Mysuru,25342,Premium,36-45
C000533,Charita Dugar,Female,51,No,No,Maharashtra,Nagpur,867077,High Value,46-55
C000534,Janaki Trivedi,Female,25,No,Yes,Tamil Nadu,Madurai,42939,Mass Market,18-25
C000535,Jairaj Iyer,Female,61,Yes,No,Rajasthan,Jaipur,667408,Value,56-65
C000536,Warjas Tak,Female,70,Yes,No,Kerala,Kochi,721075,Value,65+
C000537,Jalsa Pillay,Female,50,No,No,Gujarat,Ahmedabad,400330,Premium,46-55
C000538,Kai Chadha,Male,40,No,No,Rajasthan,Jaipur,109724,Premium,36-45
C000539,Dayamai Rao,Male,30,No,No,West Bengal,Howrah,254265,High Value,26-35
C000540,Nirja Rout,Male,70,Yes,No,Delhi,New Delhi,168939,Mass Market,65+
C000541,Jeremiah Nadig,Female,66,Yes,Yes,Rajasthan,Udaipur,763985,Mass Market,65+
C000542,Shivani Shukla,Female,31,No,No,Telangana,Hyderabad,381828,Mass Market,26-35
C000543,Kabir Gopal,Male,31,No,Yes,Punjab,Chandigarh,632786,Value,26-35
C000544,Rachita Thakkar,Female,33,No,Yes,Tamil Nadu,Coimbatore,704235,Mass Market,26-35
C000545,Jeet Vasa,Female,66,Yes,No,Punjab,Ludhiana,318995,Premium,65+
C000546,Daksha Gala,Male,55,No,Yes,Rajasthan,Jodhpur,116992,Mass Market,46-55
C000547,Ekantika Kar,Male,56,No,No,Tamil Nadu,Madurai,353470,Mass Market,56-65
C000548,Zilmil Mander,Female,43,No,No,Tamil Nadu,Coimbatore,70775,Value,36-45
C000549,Zashil Hegde,Male,43,No,Yes,Gujarat,Surat,884949,Premium,36-45
C000550,Jeremiah Mitter,Female,18,No,No,West Bengal,Kolkata,357686,Mass Market,18-25
C000551,Yadavi Ganguly,Male,49,No,No,Uttar Pradesh,Noida,213805,Premium,46-55
C000552,Onveer Nazareth,Female,32,No,No,Punjab,Ludhiana,194845,Value,26-35
C000553,Ayush Bumb,Female,69,Yes,No,West Bengal,Howrah,225955,Mass Market,65+
C000554,Alka Kade,Female,38,No,Yes,Gujarat,Vadodara,330591,Mass Market,36-45
C000555,Azaan Tank,Female,35,No,No,Kerala,Kochi,419635,Premium,26-35
C000556,Chasmum Subramanian,Male,47,No,No,Madhya Pradesh,Bhopal,109674,Mass Market,46-55
C000557,Nidra Mishra,Male,30,No,No,Telangana,Warangal,136365,High Value,26-35
C000558,Elijah Bhasin,Male,41,No,No,Punjab,Chandigarh,504173,Value,36-45
C000559,Ria Sagar,Female,47,No,No,Madhya Pradesh,Bhopal,223426,Mass Market,46-55
C000560,Ucchal Jani,Female,19,No,No,Kerala,Thiruvananthapuram,870323,Mass Market,18-25
C000561,Maanas Munshi,Female,36,No,No,Delhi,Delhi,281718,Mass Market,36-45
C000562,Hemani Rastogi,Male,64,Yes,No,Punjab,Ludhiana,547521,Value,56-65
C000563,Kamala Varma,Male,61,Yes,Yes,Punjab,Amritsar,275963,Value,56-65
C000564,Eiravati Khurana,Male,64,Yes,Yes,Uttar Pradesh,Noida,311493,Premium,56-65
C000565,Jason Loke,Male,42,No,Yes,Madhya Pradesh,Bhopal,108862,Mass Market,36-45
C000566,Yug Dhaliwal,Female,67,Yes,No,Punjab,Chandigarh,65940,Mass Market,65+
C000567,Chandresh Mannan,Male,31,No,No,Tamil Nadu,Coimbatore,381803,Mass Market,26-35
C000568,Omya Kothari,Male,23,No,Yes,Tamil Nadu,Coimbatore,485100,Mass Market,18-25
C000569,Falak Munshi,Female,29,No,No,Punjab,Ludhiana,182414,Value,26-35
C000570,Nathaniel Tara,Male,37,No,No,Kerala,Kochi,817028,High Value,36-45
C000571,Wishi Morar,Male,40,No,No,Karnataka,Mysuru,616878,Value,36-45
C000572,Arin Chana,Female,47,No,Yes,Karnataka,Mysuru,321499,Premium,46-55
C000573,Yashasvi Shankar,Male,47,No,No,Maharashtra,Nashik,32043,Mass Market,46-55
C000574,Tanveer Pandit,Female,55,No,No,Kerala,Kochi,743344,Mass Market,46-55
C000575,Chandresh Manda,Female,47,No,No,Punjab,Ludhiana,106510,Mass Market,46-55
C000576,Upma Mangal,Female,58,No,No,Tamil Nadu,Chennai,460104,Mass Market,56-65
C000577,Hritik Sankar,Male,47,No,No,Karnataka,Mangaluru,313555,Value,46-55
C000578,Aishani Pau,Female,53,No,Yes,Punjab,Amritsar,942072,Mass Market,46-55
C000579,Jasmit Bath,Male,66,Yes,No,Delhi,New Delhi,395672,Premium,65+
C000580,Charan Hayer,Male,51,No,Yes,Punjab,Ludhiana,761898,High Value,46-55
C000581,Bhavya Borah,Male,33,No,Yes,Uttar Pradesh,Lucknow,877677,Mass Market,26-35
C000582,Yamini Seshadri,Female,41,No,Yes,Madhya Pradesh,Indore,138771,Premium,36-45
C000583,Jagat Dave,Male,31,No,Yes,Gujarat,Vadodara,398189,Value,26-35
C000584,Meera Prakash,Male,43,No,Yes,Karnataka,Mysuru,972048,Mass Market,36-45
C000585,Jasmit Dhawan,Female,25,No,No,West Bengal,Kolkata,304519,High Value,18-25
C000586,Yashodhara Ratti,Male,31,No,No,Kerala,Thiruvananthapuram,558681,Mass Market,26-35
C000587,Chakradev Barad,Male,48,No,No,Uttar Pradesh,Noida,341880,Premium,46-55
C000588,Gauri Som,Male,19,No,No,Uttar Pradesh,Lucknow,964031,Mass Market,18-25
C000589,Manthan Varma,Male,65,Yes,Yes,Maharashtra,Nagpur,758593,Mass Market,56-65
C000590,Falak Nagar,Male,21,No,Yes,Delhi,Delhi,853620,Value,18-25
C000591,Maya Mistry,Male,18,No,No,Rajasthan,Jodhpur,449339,Premium,18-25
C000592,Yashica Upadhyay,Female,37,No,No,Punjab,Chandigarh,719540,Mass Market,36-45
C000593,Chandani Soman,Male,31,No,No,Maharashtra,Nashik,385670,Mass Market,26-35
C000594,Jyoti Narula,Male,57,No,No,Punjab,Ludhiana,71537,Value,56-65
C000595,Omaja Morar,Female,42,No,No,Kerala,Thiruvananthapuram,205555,Mass Market,36-45
C000596,Urvi Lanka,Male,42,No,No,Punjab,Ludhiana,544078,Value,36-45
C000597,Charan Srinivasan,Female,20,No,No,Karnataka,Mysuru,778889,Premium,18-25
C000598,Lajita Divan,Male,22,No,Yes,Punjab,Ludhiana,210072,Premium,18-25
C000599,Azad Choudhary,Male,55,No,No,West Bengal,Howrah,409471,Premium,46-55
C000600,Anirudh Sastry,Male,43,No,No,Rajasthan,Jaipur,246175,High Value,36-45
C000601,Omya Doshi,Male,57,No,No,Tamil Nadu,Coimbatore,804104,Premium,56-65
C000602,Samar Roy,Male,55,No,Yes,Delhi,New Delhi,671864,High Value,46-55
C000603,David Devi,Male,55,No,No,Karnataka,Mangaluru,262447,Mass Market,46-55
C000604,Ekta Sridhar,Male,21,No,Yes,Uttar Pradesh,Lucknow,498671,Value,18-25
C000605,Dipta Ghose,Male,24,No,No,Punjab,Ludhiana,18770,High Value,18-25
C000606,Hema Pandya,Male,47,No,Yes,Madhya Pradesh,Indore,325704,Value,46-55
C000607,Veda Handa,Male,47,No,Yes,West Bengal,Kolkata,307324,Premium,46-55
C000608,Arya Misra,Male,36,No,No,Maharashtra,Mumbai,689974,Mass Market,36-45
C000609,Chameli Mani,Male,56,No,Yes,Karnataka,Bengaluru,304381,Premium,56-65
C000610,Vrinda Nadig,Female,52,No,Yes,Uttar Pradesh,Noida,799899,Value,46-55
C000611,Ikshita Mahal,Male,57,No,Yes,West Bengal,Kolkata,469247,Mass Market,56-65
C000612,Jairaj Raghavan,Female,50,No,Yes,Kerala,Kochi,481130,Mass Market,46-55
C000613,Hemani Dhingra,Female,50,No,No,Delhi,New Delhi,864323,Mass Market,46-55
C000614,Brijesh Mani,Male,31,No,No,Gujarat,Ahmedabad,456518,High Value,26-35
C000615,Hiral Sathe,Female,55,No,No,Uttar Pradesh,Noida,275917,Value,46-55
C000616,Varenya Kala,Female,27,No,No,Telangana,Warangal,34374,High Value,26-35
C000617,Anika Magar,Male,45,No,No,Madhya Pradesh,Indore,256740,Value,36-45
C000618,Ikbal Khatri,Male,31,No,No,Delhi,New Delhi,362512,High Value,26-35
C000619,Chandresh Wali,Female,53,No,No,Karnataka,Mysuru,115411,Value,46-55
C000620,Viraj Ben,Female,55,No,No,West Bengal,Howrah,902060,Mass Market,46-55
C000621,Odika Narayanan,Male,33,No,No,Telangana,Warangal,136930,Mass Market,26-35
C000622,Harish Devan,Male,38,No,No,West Bengal,Kolkata,522144,High Value,36-45
C000623,Nakul Ray,Male,45,No,Yes,Tamil Nadu,Madurai,673538,Mass Market,36-45
C000624,Vansha Iyengar,Male,50,No,Yes,Rajasthan,Udaipur,256116,Mass Market,46-55
C000625,Ekani Mangal,Female,23,No,No,Rajasthan,Udaipur,599944,Mass Market,18-25
C000626,Gaurav Kata,Male,58,No,No,Tamil Nadu,Madurai,618455,Mass Market,56-65
C000627,Parth Sahni,Male,32,No,Yes,West Bengal,Kolkata,758268,Premium,26-35
C000628,Balhaar Ranganathan,Female,61,Yes,No,Punjab,Chandigarh,950814,Value,56-65
C000629,Quincy Mann,Male,20,No,No,Gujarat,Surat,23235,Value,18-25
C000630,Aditya Misra,Male,60,Yes,No,Rajasthan,Jaipur,935803,High Value,56-65
C000631,Gautami Mane,Female,64,Yes,Yes,Uttar Pradesh,Lucknow,288050,Value,56-65
C000632,Wakeeta Desai,Female,52,No,Yes,Tamil Nadu,Coimbatore,507819,Premium,46-55
C000633,Anjali Hans,Male,31,No,No,West Bengal,Howrah,354425,Mass Market,26-35
C000634,Ganga Gaba,Male,19,No,No,Maharashtra,Nashik,477774,High Value,18-25
C000635,Aarini Grewal,Male,46,No,Yes,Punjab,Amritsar,496493,Mass Market,46-55
C000636,Geetika Merchant,Male,21,No,No,Rajasthan,Jaipur,464006,Premium,18-25
C000637,Parth Ravi,Male,43,No,No,Karnataka,Bengaluru,698826,Value,36-45
C000638,Yutika Narang,Male,68,Yes,No,Maharashtra,Pune,862755,Mass Market,65+
C000639,Nandini Chandran,Male,29,No,No,Gujarat,Ahmedabad,779385,Mass Market,26-35
C000640,Logan Sood,Male,19,No,No,Rajasthan,Udaipur,609121,Mass Market,18-25
C000641,Yuvraj Ahuja,Male,34,No,Yes,Punjab,Ludhiana,407254,Mass Market,26-35
C000642,Leela Keer,Male,52,No,Yes,Karnataka,Mangaluru,396016,Value,46-55
C000643,Amara Narayan,Male,27,No,Yes,Maharashtra,Mumbai,993247,High Value,26-35
C000644,Advay Lal,Male,65,Yes,Yes,Karnataka,Mangaluru,792625,Value,56-65
C000645,Warinder Bhatia,Male,39,No,Yes,Tamil Nadu,Chennai,743160,Value,36-45
C000646,Udyati Mohanty,Female,58,No,No,Punjab,Ludhiana,250394,Mass Market,56-65
C000647,Nidra Thakkar,Female,60,Yes,No,Rajasthan,Udaipur,988442,Mass Market,56-65
C000648,Jacob Merchant,Female,38,No,No,Uttar Pradesh,Agra,895236,Value,36-45
C000649,Timothy Kanda,Female,32,No,No,Kerala,Thiruvananthapuram,794964,High Value,26-35
C000650,Vanya Dua,Male,52,No,No,Uttar Pradesh,Lucknow,495957,Premium,46-55
C000651,Kashvi Sagar,Male,65,Yes,Yes,Telangana,Warangal,273174,Mass Market,56-65
C000652,Tejas Kota,Male,38,No,Yes,Rajasthan,Jaipur,718322,Value,36-45
C000653,Sanya Wable,Female,38,No,Yes,Punjab,Ludhiana,23936,Value,36-45
C000654,Faras Choudhury,Female,38,No,No,Tamil Nadu,Coimbatore,761764,Value,36-45
C000655,Yashasvi Jain,Male,61,Yes,Yes,Karnataka,Bengaluru,404655,Value,56-65
C000656,Nitesh Narang,Male,49,No,No,Tamil Nadu,Coimbatore,128638,Premium,46-55
C000657,Jackson Jha,Male,22,No,No,Delhi,Delhi,105022,Mass Market,18-25
C000658,Gavin Uppal,Male,56,No,Yes,Punjab,Amritsar,74595,High Value,56-65
C000659,Christopher Setty,Female,26,No,Yes,Punjab,Ludhiana,827677,Mass Market,26-35
C000660,Yochana Sagar,Female,70,Yes,No,Punjab,Amritsar,239354,Value,65+
C000661,Dalbir Shere,Male,35,No,No,Gujarat,Ahmedabad,373278,High Value,26-35
C000662,Anthony Randhawa,Female,38,No,No,Maharashtra,Nashik,969215,Value,36-45
C000663,Aarush Kamdar,Female,25,No,Yes,Gujarat,Ahmedabad,2607,Mass Market,18-25
C000664,Chakradev Sampath,Male,61,Yes,No,Tamil Nadu,Madurai,214348,Mass Market,56-65
C000665,Devansh Bhasin,Male,69,Yes,Yes,Uttar Pradesh,Kanpur,965371,Value,65+
C000666,Urmi Balay,Male,51,No,No,West Bengal,Howrah,573105,Mass Market,46-55
C000667,Nilima Gole,Male,27,No,No,Gujarat,Surat,89831,Value,26-35
C000668,Osha Prasad,Male,68,Yes,No,Punjab,Ludhiana,309507,Mass Market,65+
C000669,Saumya Purohit,Male,58,No,No,Kerala,Thiruvananthapuram,377312,Premium,56-65
C000670,Faris Zacharia,Male,41,No,No,West Bengal,Howrah,341485,Mass Market,36-45
C000671,Ijaya Dani,Male,57,No,Yes,Madhya Pradesh,Indore,275908,Value,56-65
C000672,Maya Wadhwa,Female,41,No,Yes,Tamil Nadu,Chennai,680090,Value,36-45
C000673,Udant Aggarwal,Male,49,No,No,Maharashtra,Nagpur,220871,Value,46-55
C000674,Chanchal Sheth,Male,50,No,No,Uttar Pradesh,Agra,189452,Mass Market,46-55
C000675,Ladli Karpe,Male,55,No,No,Tamil Nadu,Chennai,959602,Value,46-55
C000676,Triveni Pal,Female,61,Yes,Yes,Telangana,Warangal,315998,Value,56-65
C000677,Anya Gulati,Male,68,Yes,No,Gujarat,Vadodara,517579,Mass Market,65+
C000678,Azad Saini,Male,66,Yes,Yes,Tamil Nadu,Madurai,323088,Premium,65+
C000679,Wridesh Jhaveri,Female,51,No,Yes,Maharashtra,Nashik,609417,Premium,46-55
C000680,Harrison Bandi,Female,28,No,Yes,Delhi,Delhi,24130,Mass Market,26-35
C000681,Chanakya Konda,Female,48,No,No,Telangana,Hyderabad,788675,Value,46-55
C000682,Neelima Sarna,Male,35,No,No,Rajasthan,Jodhpur,558509,Value,26-35
C000683,Teerth Bhalla,Male,40,No,No,Tamil Nadu,Coimbatore,914504,Mass Market,36-45
C000684,Yahvi Mann,Female,39,No,No,West Bengal,Kolkata,236694,Mass Market,36-45
C000685,Eiravati Nagi,Female,60,Yes,Yes,Delhi,Delhi,272865,High Value,56-65
C000686,Chasmum Dhar,Female,35,No,No,Rajasthan,Jaipur,814204,Value,26-35
C000687,Odika Mital,Female,57,No,Yes,Tamil Nadu,Coimbatore,845046,High Value,56-65
C000688,Darsh Gill,Male,64,Yes,No,Telangana,Warangal,176434,Value,56-65
C000689,Warhi Batta,Female,58,No,No,Uttar Pradesh,Kanpur,941667,Mass Market,56-65
C000690,Lakshmi Vohra,Male,64,Yes,No,Gujarat,Surat,78869,Mass Market,56-65
C000691,Omaja Rege,Male,56,No,No,Telangana,Warangal,857491,Premium,56-65
C000692,Charita Puri,Male,37,No,No,Rajasthan,Udaipur,66726,Value,36-45
C000693,Urvashi Khosla,Male,30,No,Yes,Karnataka,Bengaluru,187939,Mass Market,26-35
C000694,Charita Dhawan,Male,62,Yes,No,Madhya Pradesh,Indore,895377,Value,56-65
C000695,Dalbir Sachar,Male,18,No,Yes,Delhi,New Delhi,124931,Premium,18-25
C000696,Krish Rama,Female,69,Yes,Yes,West Bengal,Kolkata,459824,Premium,65+
C000697,Aadhya Jani,Male,21,No,No,Kerala,Thiruvananthapuram,780470,Mass Market,18-25
C000698,Farhan Sengupta,Female,41,No,No,Telangana,Warangal,79365,Mass Market,36-45
C000699,George Wason,Male,53,No,Yes,Telangana,Hyderabad,875692,High Value,46-55
C000700,Charan Loyal,Male,53,No,No,Madhya Pradesh,Bhopal,920327,Premium,46-55
C000701,Balveer Bora,Male,62,Yes,No,Uttar Pradesh,Agra,571256,Mass Market,56-65
C000702,Teerth Srinivas,Male,19,No,No,Delhi,Delhi,212300,Premium,18-25
C000703,Gaurangi Mitter,Male,45,No,No,Maharashtra,Mumbai,789591,Mass Market,36-45
C000704,Siddharth Gupta,Male,43,No,No,West Bengal,Kolkata,324256,Mass Market,36-45
C000705,Varenya Kibe,Male,40,No,Yes,Kerala,Thiruvananthapuram,9805,Mass Market,36-45
C000706,Mekhala Khatri,Female,32,No,No,Rajasthan,Jaipur,836903,Mass Market,26-35
C000707,Barkha Rai,Male,53,No,No,Karnataka,Mysuru,341365,Premium,46-55
C000708,Jagrati Morar,Female,44,No,No,Delhi,New Delhi,298568,Value,36-45
C000709,Jagvi Varghese,Male,23,No,No,Telangana,Warangal,997707,Mass Market,18-25
C000710,Unnati Chaudhari,Female,52,No,Yes,Delhi,Delhi,600746,Premium,46-55
C000711,Ekaja Jani,Female,56,No,Yes,Kerala,Thiruvananthapuram,433700,Premium,56-65
C000712,Dhriti Sachdev,Female,55,No,Yes,Delhi,Delhi,917443,Mass Market,46-55
C000713,Timothy Dhingra,Male,52,No,No,Tamil Nadu,Coimbatore,871638,Value,46-55
C000714,Advika Sahni,Male,53,No,Yes,Madhya Pradesh,Bhopal,621577,Premium,46-55
C000715,Michael Hayre,Male,27,No,Yes,Tamil Nadu,Coimbatore,54586,Premium,26-35
C000716,Victor Raghavan,Female,47,No,No,Rajasthan,Udaipur,182487,Premium,46-55
C000717,Xalak Nazareth,Female,70,Yes,No,Uttar Pradesh,Agra,142785,Mass Market,65+
C000718,Vrinda Swaminathan,Female,58,No,No,Delhi,Delhi,141988,Mass Market,56-65
C000719,Om Pandey,Male,55,No,No,Maharashtra,Nagpur,263492,Premium,46-55
C000720,Logan Suresh,Female,46,No,Yes,Karnataka,Mysuru,223399,Premium,46-55
C000721,Daniel Viswanathan,Female,69,Yes,Yes,Gujarat,Ahmedabad,159007,Mass Market,65+
C000722,Falan Bava,Male,60,Yes,No,Tamil Nadu,Chennai,320448,Mass Market,56-65
C000723,Nitara Devan,Male,56,No,No,Rajasthan,Udaipur,567715,Premium,56-65
C000724,Ekansh Dora,Female,67,Yes,No,Rajasthan,Jaipur,176604,Mass Market,65+
C000725,Tejas Tiwari,Female,21,No,Yes,Delhi,Delhi,689391,Mass Market,18-25
C000726,Kashvi Bhasin,Female,22,No,Yes,Uttar Pradesh,Lucknow,645767,Mass Market,18-25
C000727,Vinaya Babu,Male,21,No,No,Telangana,Hyderabad,657666,Value,18-25
C000728,Nisha Arora,Female,53,No,No,Maharashtra,Pune,760852,Mass Market,46-55
C000729,Anvi Wason,Male,62,Yes,No,Delhi,New Delhi,852964,Value,56-65
C000730,Anay Thakkar,Male,33,No,No,Punjab,Amritsar,521750,Mass Market,26-35
C000731,Praneel Chhabra,Male,42,No,No,Gujarat,Surat,998878,High Value,36-45
C000732,Manthan Khosla,Female,31,No,No,Tamil Nadu,Coimbatore,988727,High Value,26-35
C000733,Zayyan Pandya,Female,28,No,No,Kerala,Thiruvananthapuram,442206,High Value,26-35
C000734,Mekhala Brar,Male,46,No,No,West Bengal,Kolkata,850692,Premium,46-55
C000735,Nidra Sharaf,Male,51,No,No,Uttar Pradesh,Noida,386400,Value,46-55
C000736,Upkaar Mital,Female,39,No,No,Gujarat,Surat,724663,Mass Market,36-45
C000737,Azad Chander,Male,31,No,No,Gujarat,Ahmedabad,321430,Mass Market,26-35
C000738,Ladli Purohit,Female,41,No,Yes,Delhi,Delhi,183933,Mass Market,36-45
C000739,Daksh Andra,Male,56,No,No,West Bengal,Kolkata,111840,Mass Market,56-65
C000740,Fitan Tata,Male,43,No,No,Delhi,Delhi,548855,Value,36-45
C000741,Garima Chandran,Male,60,Yes,Yes,West Bengal,Kolkata,552452,High Value,56-65
C000742,Victor Kakar,Male,53,No,No,Rajasthan,Udaipur,151436,Value,46-55
C000743,Anika Batra,Female,56,No,Yes,Kerala,Kochi,457835,Value,56-65
C000744,Avni Bali,Male,33,No,No,Maharashtra,Nagpur,798387,Value,26-35
C000745,Divya Babu,Male,55,No,No,Uttar Pradesh,Lucknow,355669,Mass Market,46-55
C000746,Maanas Rao,Female,49,No,Yes,Rajasthan,Jaipur,338958,High Value,46-55
C000747,Chandani Gaba,Male,23,No,No,Uttar Pradesh,Kanpur,417825,Value,18-25
C000748,Lopa Zachariah,Male,51,No,No,Tamil Nadu,Madurai,19991,Mass Market,46-55
C000749,Leena Dey,Female,25,No,No,Telangana,Hyderabad,246947,High Value,18-25
C000750,Xiti Pal,Female,47,No,No,Maharashtra,Nashik,293684,Value,46-55
C000751,Guneet Sarkar,Male,44,No,No,Uttar Pradesh,Lucknow,685179,Value,36-45
C000752,Faqid Oak,Female,24,No,No,Telangana,Hyderabad,367990,Value,18-25
C000753,Eta Balan,Female,44,No,No,Telangana,Warangal,27190,Premium,36-45
C000754,Shravya Swaminathan,Male,42,No,Yes,Telangana,Warangal,203872,Mass Market,36-45
C000755,Ishani Prashad,Male,63,Yes,No,Delhi,Delhi,215190,Premium,56-65
C000756,Quincy Rai,Female,58,No,Yes,Kerala,Thiruvananthapuram,562446,High Value,56-65
C000757,Chakrika Koshy,Female,32,No,No,Punjab,Ludhiana,201656,Value,26-35
C000758,Fitan Loyal,Male,42,No,No,Telangana,Hyderabad,339350,Value,36-45
C000759,Lajita Dube,Female,39,No,Yes,Delhi,New Delhi,432625,Premium,36-45
C000760,Edhitha Patel,Female,35,No,No,Rajasthan,Jodhpur,814030,Mass Market,26-35
C000761,Gavin Ahluwalia,Male,29,No,Yes,West Bengal,Howrah,559841,High Value,26-35
C000762,Sai Parsa,Male,40,No,No,Punjab,Chandigarh,202484,Value,36-45
C000763,Harsh Deo,Male,68,Yes,No,Madhya Pradesh,Indore,507450,Value,65+
C000764,Rachit Sankar,Female,62,Yes,No,Delhi,Delhi,328099,Value,56-65
C000765,Yauvani Reddy,Male,56,No,No,Delhi,Delhi,24404,Value,56-65
C000766,Atharv Chakraborty,Female,42,No,No,Delhi,New Delhi,109077,Mass Market,36-45
C000767,Girik Nair,Female,27,No,No,Maharashtra,Mumbai,823532,Premium,26-35
C000768,Advik Manne,Female,47,No,No,Gujarat,Ahmedabad,737655,Value,46-55
C000769,Lipika Chad,Male,27,No,No,Gujarat,Ahmedabad,761727,Premium,26-35
C000770,Omkaar Rai,Female,51,No,No,Maharashtra,Nagpur,735548,Mass Market,46-55
C000771,Liam Luthra,Male,63,Yes,No,Punjab,Chandigarh,471266,Value,56-65
C000772,Amrita Tailor,Female,30,No,No,Maharashtra,Pune,153939,Premium,26-35
C000773,Dev Ganesh,Male,46,No,Yes,Gujarat,Ahmedabad,942702,High Value,46-55
C000774,Anya Sama,Male,55,No,No,Punjab,Amritsar,501343,Premium,46-55
C000775,Veda Bose,Female,58,No,No,Gujarat,Surat,906279,Premium,56-65
C000776,Zayan Koshy,Male,62,Yes,Yes,Telangana,Hyderabad,824773,Mass Market,56-65
C000777,Rohan Shankar,Male,26,No,No,Karnataka,Mangaluru,912990,Premium,26-35
C000778,Krishna Modi,Female,30,No,No,Uttar Pradesh,Agra,719127,Mass Market,26-35
C000779,Meghana Natarajan,Female,54,No,No,Gujarat,Surat,939557,Mass Market,46-55
C000780,Forum Sarraf,Female,31,No,Yes,Maharashtra,Nashik,421162,Mass Market,26-35
C000781,Qushi Deshpande,Female,54,No,No,Karnataka,Mysuru,65910,Premium,46-55
C000782,Ekani Iyer,Male,26,No,No,Maharashtra,Nashik,443643,Mass Market,26-35
C000783,Dipta Goel,Male,25,No,No,Karnataka,Mysuru,444329,Mass Market,18-25
C000784,Eiravati Manne,Male,56,No,No,Delhi,New Delhi,914220,Mass Market,56-65
C000785,Xavier Nanda,Male,57,No,Yes,Tamil Nadu,Madurai,722768,Value,56-65
C000786,Avni Ramaswamy,Female,20,No,No,Karnataka,Mangaluru,527808,Premium,18-25
C000787,Ishaan Iyengar,Female,64,Yes,No,West Bengal,Kolkata,857109,Value,56-65
C000788,Avi Shenoy,Male,57,No,Yes,Rajasthan,Jaipur,385300,Value,56-65
C000789,Raksha Manne,Male,50,No,Yes,West Bengal,Kolkata,900632,Mass Market,46-55
C000790,Nilima Tata,Female,49,No,Yes,Delhi,Delhi,867754,Mass Market,46-55
C000791,Chavvi Khurana,Male,24,No,Yes,Madhya Pradesh,Indore,586172,Mass Market,18-25
C000792,Mitesh Sampath,Female,36,No,Yes,Madhya Pradesh,Indore,703446,Value,36-45
C000793,Ethan Sen,Male,51,No,No,West Bengal,Kolkata,324656,Value,46-55
C000794,Nandini Warrior,Female,31,No,No,Madhya Pradesh,Indore,154635,Mass Market,26-35
C000795,Balhaar Parsa,Male,67,Yes,No,Karnataka,Mangaluru,757351,Premium,65+
C000796,Ikbal Kothari,Female,64,Yes,No,West Bengal,Kolkata,176965,High Value,56-65
C000797,Ojas Basu,Female,63,Yes,No,Maharashtra,Pune,965600,Mass Market,56-65
C000798,Garima Sani,Female,36,No,No,Delhi,New Delhi,375229,Mass Market,36-45
C000799,Advaith Chaudhari,Female,68,Yes,No,Kerala,Thiruvananthapuram,484210,Premium,65+
C000800,Tristan Uppal,Female,43,No,No,Madhya Pradesh,Bhopal,225145,Mass Market,36-45
C000801,Sanaya Prasad,Female,34,No,No,Maharashtra,Nashik,795372,Mass Market,26-35
C000802,Ubika Tella,Male,45,No,No,Uttar Pradesh,Kanpur,766041,Mass Market,36-45
C000803,Hemani Bakshi,Female,36,No,Yes,Delhi,New Delhi,264302,High Value,36-45
C000804,Henry Merchant,Female,44,No,No,Delhi,New Delhi,81372,Value,36-45
C000805,Frederick D’Alia,Male,65,Yes,No,Gujarat,Surat,982109,Mass Market,56-65
C000806,Ijaya Muni,Female,69,Yes,No,West Bengal,Howrah,524392,Mass Market,65+
C000807,Tamanna Jhaveri,Female,36,No,Yes,Delhi,Delhi,950149,Mass Market,36-45
C000808,Ijaya Soni,Female,50,No,No,Telangana,Hyderabad,284076,Mass Market,46-55
C000809,Raksha Sethi,Male,68,Yes,Yes,Karnataka,Mangaluru,390878,Value,65+
C000810,Ekalinga Mital,Male,24,No,Yes,Tamil Nadu,Chennai,476790,Premium,18-25
C000811,Ishwar Bajaj,Female,46,No,Yes,Uttar Pradesh,Kanpur,782446,Mass Market,46-55
C000812,Ikbal Gala,Female,60,Yes,No,Delhi,New Delhi,669483,Mass Market,56-65
C000813,Zaitra Ghosh,Male,22,No,No,Tamil Nadu,Coimbatore,94386,Mass Market,18-25
C000814,Ganga Sandhu,Female,47,No,Yes,Rajasthan,Jaipur,508559,Mass Market,46-55
C000815,Vincent Ravel,Female,66,Yes,No,Gujarat,Vadodara,562972,High Value,65+
C000816,Quincy Sankaran,Male,60,Yes,Yes,Telangana,Hyderabad,692325,Mass Market,56-65
C000817,Ayush Hora,Female,25,No,Yes,Madhya Pradesh,Indore,273468,Mass Market,18-25
C000818,Pushti Ramachandran,Male,59,No,No,Rajasthan,Jodhpur,704723,Mass Market,56-65
C000819,Tanish Jha,Male,29,No,Yes,Karnataka,Bengaluru,446661,Value,26-35
C000820,Dev Chaudry,Male,59,No,No,Telangana,Hyderabad,514961,High Value,56-65
C000821,Jasmit Nanda,Female,30,No,Yes,Punjab,Chandigarh,686288,Mass Market,26-35
C000822,Tanvi Comar,Male,43,No,Yes,Uttar Pradesh,Noida,887924,Value,36-45
C000823,Vrishti Wable,Male,35,No,No,Tamil Nadu,Coimbatore,940395,Mass Market,26-35
C000824,Lipika Ramanathan,Male,59,No,No,Gujarat,Vadodara,869561,Premium,56-65
C000825,Ijaya Pandey,Male,68,Yes,Yes,Kerala,Thiruvananthapuram,440883,Value,65+
C000826,Orinder Mishra,Female,69,Yes,No,Punjab,Ludhiana,183801,Value,65+
C000827,Krish Munshi,Male,66,Yes,No,Delhi,New Delhi,934769,Value,65+
C000828,William Mody,Male,37,No,No,Uttar Pradesh,Agra,237793,High Value,36-45
C000829,Qadim Prakash,Female,33,No,Yes,Rajasthan,Udaipur,122016,Value,26-35
C000830,Yasti Rama,Male,54,No,No,West Bengal,Howrah,185200,Value,46-55
C000831,Lakshit Rajagopal,Male,20,No,No,Uttar Pradesh,Agra,391523,Value,18-25
C000832,Quincy Sur,Male,44,No,Yes,Tamil Nadu,Coimbatore,336314,Value,36-45
C000833,Ojas Suri,Male,32,No,No,Tamil Nadu,Madurai,982127,Mass Market,26-35
C000834,Logan Grover,Male,51,No,No,Punjab,Amritsar,231896,Mass Market,46-55
C000835,Shravya Bera,Male,62,Yes,No,Punjab,Ludhiana,201295,Mass Market,56-65
C000836,Aditya Sundaram,Male,39,No,No,Uttar Pradesh,Agra,317756,Value,36-45
C000837,Robert Rajagopalan,Female,57,No,No,Punjab,Chandigarh,1917,Value,56-65
C000838,Nilima Swamy,Male,40,No,No,Tamil Nadu,Madurai,532448,Mass Market,36-45
C000839,Sachi Suresh,Female,66,Yes,No,Uttar Pradesh,Lucknow,438715,Value,65+
C000840,Fitan Balasubramanian,Female,21,No,No,Maharashtra,Nashik,547469,Premium,18-25
C000841,Brinda Bali,Male,68,Yes,No,Madhya Pradesh,Bhopal,170870,Mass Market,65+
C000842,Umang Yogi,Female,58,No,Yes,Madhya Pradesh,Bhopal,728204,Mass Market,56-65
C000843,Om Shankar,Male,40,No,Yes,Punjab,Chandigarh,93808,Premium,36-45
C000844,Yasti Chowdhury,Female,64,Yes,No,Rajasthan,Jaipur,491232,Value,56-65
C000845,Amrita Peri,Male,26,No,Yes,Karnataka,Bengaluru,600593,Mass Market,26-35
C000846,Ridhi Kamdar,Male,41,No,No,Rajasthan,Udaipur,418325,Value,36-45
C000847,Harsh Kota,Male,38,No,No,Tamil Nadu,Madurai,762520,Value,36-45
C000848,Bachittar Sengupta,Female,58,No,No,Delhi,New Delhi,131167,Value,56-65
C000849,Ijaya Chahal,Male,63,Yes,No,Uttar Pradesh,Kanpur,428326,Value,56-65
C000850,Jacob Khalsa,Female,70,Yes,No,Telangana,Hyderabad,11678,Value,65+
C000851,Indali Sangha,Male,33,No,Yes,West Bengal,Kolkata,167862,Premium,26-35
C000852,Liam Jhaveri,Female,42,No,No,Kerala,Thiruvananthapuram,251538,Mass Market,36-45
C000853,Daniel Panchal,Male,43,No,Yes,Rajasthan,Udaipur,426730,Premium,36-45
C000854,Om Naik,Female,66,Yes,No,West Bengal,Howrah,209941,High Value,65+
C000855,Bimala Loke,Male,62,Yes,Yes,Punjab,Ludhiana,530405,Mass Market,56-65
C000856,Krishna Sabharwal,Male,26,No,Yes,Gujarat,Ahmedabad,198410,Premium,26-35
C000857,Aradhana Date,Male,32,No,No,Kerala,Thiruvananthapuram,75508,Mass Market,26-35
C000858,Zaid Dhingra,Male,56,No,Yes,West Bengal,Howrah,852846,Mass Market,56-65
C000859,Yug Ramaswamy,Female,50,No,No,Telangana,Hyderabad,703784,High Value,46-55
C000860,Lucky Luthra,Male,18,No,No,Madhya Pradesh,Bhopal,797008,Mass Market,18-25
C000861,Keya Seth,Female,22,No,Yes,Maharashtra,Nagpur,76440,Mass Market,18-25
C000862,Girik Rau,Male,26,No,Yes,Tamil Nadu,Coimbatore,835501,Value,26-35
C000863,Jyoti Sha,Male,61,Yes,No,Rajasthan,Jodhpur,272797,Value,56-65
C000864,Falak Agate,Male,23,No,No,Madhya Pradesh,Bhopal,282901,Value,18-25
C000865,Tara Parmar,Male,45,No,No,Gujarat,Vadodara,205112,Mass Market,36-45
C000866,Mitali Kamdar,Female,62,Yes,Yes,Tamil Nadu,Chennai,340636,Mass Market,56-65
C000867,Siddharth Talwar,Male,43,No,No,Delhi,New Delhi,199050,Mass Market,36-45
C000868,Ekantika Mander,Male,45,No,No,Madhya Pradesh,Bhopal,406511,Value,36-45
C000869,Kalpit Sundaram,Female,57,No,No,Kerala,Thiruvananthapuram,471170,Value,56-65
C000870,Chanakya Batra,Female,32,No,Yes,Tamil Nadu,Madurai,485796,Value,26-35
C000871,Tripti Babu,Male,23,No,No,Madhya Pradesh,Bhopal,312407,Value,18-25
C000872,Nakul Sastry,Male,44,No,Yes,Kerala,Thiruvananthapuram,448138,Mass Market,36-45
C000873,Aadi Sangha,Female,55,No,Yes,Karnataka,Mangaluru,901145,Premium,46-55
C000874,Kevin Mittal,Male,21,No,No,Delhi,Delhi,767761,Mass Market,18-25
C000875,Anusha Chander,Male,28,No,No,Karnataka,Mangaluru,249601,Mass Market,26-35
C000876,Zashil Butala,Male,38,No,No,Telangana,Hyderabad,92176,Premium,36-45
C000877,Noah Ben,Female,47,No,No,Delhi,Delhi,517702,Mass Market,46-55
C000878,Dalaja Kaur,Female,35,No,No,Telangana,Hyderabad,380453,Value,26-35
C000879,Gavin Chandran,Male,52,No,No,Telangana,Warangal,782772,Mass Market,46-55
C000880,Tanay Sood,Male,20,No,No,Gujarat,Surat,320959,Value,18-25
C000881,Kevin Kara,Male,29,No,No,Kerala,Thiruvananthapuram,848987,Mass Market,26-35
C000882,Aditya Anand,Female,44,No,Yes,Tamil Nadu,Chennai,587272,High Value,36-45
C000883,Jai Sami,Male,70,Yes,Yes,West Bengal,Howrah,357024,Mass Market,65+
C000884,Vanya Bobal,Male,47,No,No,Punjab,Amritsar,939866,Value,46-55
C000885,Leela Chakraborty,Female,38,No,No,West Bengal,Kolkata,984648,Premium,36-45
C000886,Harshil Munshi,Male,55,No,Yes,Karnataka,Mangaluru,427398,Value,46-55
C000887,Chandani Devan,Female,38,No,No,Uttar Pradesh,Agra,565239,Value,36-45
C000888,Kiaan Dhar,Male,55,No,No,West Bengal,Howrah,886762,Value,46-55
C000889,Abhiram Gala,Male,57,No,No,West Bengal,Kolkata,735334,Value,56-65
C000890,Indali Kala,Male,32,No,Yes,Delhi,New Delhi,620166,Premium,26-35
C000891,Nisha Savant,Female,35,No,Yes,Kerala,Thiruvananthapuram,340142,Mass Market,26-35
C000892,Gabriel Chaudhry,Female,69,Yes,No,Madhya Pradesh,Bhopal,563452,Premium,65+
C000893,Jatin Rajagopalan,Female,46,No,No,Karnataka,Mangaluru,362886,Value,46-55
C000894,Pushti Murty,Male,65,Yes,Yes,Karnataka,Mysuru,335704,Premium,56-65
C000895,Yug Malhotra,Female,55,No,Yes,Kerala,Kochi,455143,Mass Market,46-55
C000896,Yuvraj Mane,Male,38,No,No,Gujarat,Ahmedabad,421117,Premium,36-45
C000897,Charvi Jha,Male,34,No,Yes,Telangana,Warangal,494495,Mass Market,26-35
C000898,Manya Merchant,Female,58,No,No,Telangana,Hyderabad,421884,Premium,56-65
C000899,Wriddhish Talwar,Male,68,Yes,No,Maharashtra,Nagpur,463815,Value,65+
C000900,Isaiah Khosla,Male,35,No,Yes,Gujarat,Surat,291164,Value,26-35
C000901,Ekavir Wable,Male,54,No,Yes,Rajasthan,Udaipur,924642,Value,46-55
C000902,Jalsa Nadig,Male,55,No,No,Rajasthan,Jodhpur,247353,Mass Market,46-55
C000903,Lila Salvi,Male,29,No,Yes,Rajasthan,Jaipur,591530,Value,26-35
C000904,Orinder Sinha,Female,28,No,No,Tamil Nadu,Chennai,751451,Mass Market,26-35
C000905,Anay Bir,Male,65,Yes,No,Madhya Pradesh,Indore,479230,Value,56-65
C000906,Adweta Kale,Female,69,Yes,No,Gujarat,Vadodara,782453,Premium,65+
C000907,Darpan Rao,Female,66,Yes,Yes,Tamil Nadu,Chennai,81246,Mass Market,65+
C000908,Yachana Sagar,Male,37,No,Yes,Telangana,Warangal,378624,Value,36-45
C000909,Neelima Butala,Male,26,No,No,Kerala,Kochi,14606,Value,26-35
C000910,Arunima Chacko,Male,18,No,No,Telangana,Warangal,961069,Mass Market,18-25
C000911,Farhan Vaidya,Female,20,No,Yes,Telangana,Hyderabad,374912,High Value,18-25
C000912,Nachiket Yadav,Male,38,No,No,Telangana,Hyderabad,879065,Value,36-45
C000913,Mahika Bhatti,Female,40,No,No,Gujarat,Ahmedabad,614715,Mass Market,36-45
C000914,Rajeshri Khare,Male,26,No,No,Gujarat,Surat,112502,Mass Market,26-35
C000915,Yash Chadha,Female,36,No,Yes,Tamil Nadu,Chennai,160040,Value,36-45
C000916,Jack Setty,Male,62,Yes,No,Kerala,Kochi,728986,Mass Market,56-65
C000917,Dayamai Gill,Male,63,Yes,No,Punjab,Ludhiana,212086,Mass Market,56-65
C000918,Advik Devan,Female,69,Yes,No,Punjab,Amritsar,498425,Mass Market,65+
C000919,Nihal Taneja,Female,36,No,No,Uttar Pradesh,Kanpur,796699,Value,36-45
C000920,Zansi Lad,Male,40,No,Yes,Rajasthan,Udaipur,842001,Value,36-45
C000921,Kamya Date,Female,44,No,Yes,Madhya Pradesh,Bhopal,144246,Mass Market,36-45
C000922,Jacob Balan,Male,44,No,Yes,Gujarat,Surat,737238,Value,36-45
C000923,Pushti Magar,Female,56,No,No,Punjab,Ludhiana,159528,High Value,56-65
C000924,Adya Bose,Female,53,No,No,Uttar Pradesh,Agra,994757,High Value,46-55
C000925,Tamanna Vaidya,Male,29,No,Yes,Tamil Nadu,Chennai,379829,Premium,26-35
C000926,Christopher Tata,Male,44,No,Yes,Madhya Pradesh,Bhopal,55779,Premium,36-45
C000927,Jhalak Dugar,Male,63,Yes,Yes,Telangana,Hyderabad,983676,Mass Market,56-65
C000928,Harshil D’Alia,Male,51,No,Yes,Gujarat,Surat,741059,Mass Market,46-55
C000929,Yashodhara Agate,Female,50,No,No,Telangana,Hyderabad,948150,Value,46-55
C000930,Advik Konda,Male,45,No,Yes,Rajasthan,Udaipur,390356,Value,36-45
C000931,Urmi Patla,Male,48,No,Yes,West Bengal,Kolkata,285869,Premium,46-55
C000932,Mason Gola,Female,49,No,No,Tamil Nadu,Chennai,609635,Mass Market,46-55
C000933,Oni Kapur,Female,67,Yes,No,Madhya Pradesh,Bhopal,760751,Value,65+
C000934,Yuvraj Saha,Male,37,No,No,Gujarat,Surat,101842,Value,36-45
C000935,Anika Brahmbhatt,Male,57,No,Yes,Punjab,Ludhiana,226441,Value,56-65
C000936,Jagdish Thakkar,Male,52,No,Yes,West Bengal,Howrah,245940,Value,46-55
C000937,Praneel Kapoor,Male,48,No,No,Delhi,New Delhi,935653,Mass Market,46-55
C000938,Nandini Biswas,Female,48,No,Yes,Uttar Pradesh,Kanpur,243779,High Value,46-55
C000939,Barkha Mukhopadhyay,Male,55,No,Yes,West Bengal,Howrah,76557,Value,46-55
C000940,Gabriel Shan,Female,39,No,No,Rajasthan,Udaipur,748525,Value,36-45
C000941,Jyoti Iyer,Male,62,Yes,No,Tamil Nadu,Madurai,225846,Mass Market,56-65
C000942,Daksha Kibe,Female,58,No,Yes,Karnataka,Mangaluru,901752,Value,56-65
C000943,Jyoti Tak,Female,26,No,Yes,Delhi,Delhi,792949,Mass Market,26-35
C000944,Yatan Dora,Female,69,Yes,No,Delhi,New Delhi,523967,Mass Market,65+
C000945,Nimrat Bajwa,Male,26,No,Yes,Karnataka,Mysuru,999020,Mass Market,26-35
C000946,Hiral Andra,Male,32,No,No,Maharashtra,Nashik,854070,Mass Market,26-35
C000947,Aarav Puri,Male,30,No,No,Maharashtra,Nagpur,841591,Value,26-35
C000948,Hemang Jha,Female,39,No,No,West Bengal,Howrah,426957,Mass Market,36-45
C000949,Oni Swamy,Female,33,No,No,Madhya Pradesh,Bhopal,385139,Premium,26-35
C000950,Lucky Mammen,Female,49,No,Yes,Kerala,Thiruvananthapuram,635294,Mass Market,46-55
C000951,Caleb Kata,Female,19,No,Yes,Punjab,Ludhiana,142620,Mass Market,18-25
C000952,Kashish Shanker,Female,43,No,No,Rajasthan,Jaipur,85206,Premium,36-45
C000953,Girish Tiwari,Male,31,No,No,Gujarat,Vadodara,346118,Mass Market,26-35
C000954,Meera Borde,Female,55,No,No,West Bengal,Kolkata,873728,Mass Market,46-55
C000955,Radhika De,Male,51,No,No,Maharashtra,Nashik,659338,Mass Market,46-55
C000956,Bishakha Lal,Male,25,No,No,Maharashtra,Pune,419171,Premium,18-25
C000957,Maya Narain,Male,53,No,No,Uttar Pradesh,Agra,33308,Premium,46-55
C000958,Sneha Magar,Male,38,No,No,Tamil Nadu,Chennai,441843,Mass Market,36-45
C000959,Falan Jain,Male,63,Yes,No,West Bengal,Howrah,602093,Value,56-65
C000960,Ikbal Dugal,Female,60,Yes,No,Gujarat,Vadodara,378802,Value,56-65
C000961,Nitesh Sengupta,Male,45,No,Yes,Telangana,Warangal,93676,High Value,36-45
C000962,Dipta Ray,Female,63,Yes,No,Maharashtra,Nashik,777365,Mass Market,56-65
C000963,Ishita Johal,Male,61,Yes,No,Telangana,Warangal,645545,Premium,56-65
C000964,Darika Sheth,Male,65,Yes,Yes,Madhya Pradesh,Indore,348195,Mass Market,56-65
C000965,Jagdish Chana,Male,23,No,No,Madhya Pradesh,Bhopal,351102,Mass Market,18-25
C000966,Daksha Baria,Male,37,No,No,Rajasthan,Jaipur,939553,Mass Market,36-45
C000967,Falak Divan,Female,48,No,No,Kerala,Kochi,89233,Premium,46-55
C000968,Yuvraj Parekh,Male,50,No,Yes,Punjab,Amritsar,135148,Value,46-55
C000969,Yochana Bawa,Female,61,Yes,No,Maharashtra,Nagpur,507026,Value,56-65
C000970,Abha Ghosh,Male,24,No,Yes,Delhi,New Delhi,62606,Value,18-25
C000971,Nidhi Sethi,Female,25,No,No,Rajasthan,Jodhpur,415144,Value,18-25
C000972,Girindra Shere,Female,26,No,Yes,Delhi,New Delhi,621648,Premium,26-35
C000973,Logan Dara,Female,19,No,No,Punjab,Amritsar,427973,Mass Market,18-25
C000974,David Kapadia,Male,34,No,No,Kerala,Thiruvananthapuram,294069,Value,26-35
C000975,Rudra Rattan,Male,69,Yes,Yes,Madhya Pradesh,Indore,725202,Mass Market,65+
C000976,Frado Lad,Male,62,Yes,No,Uttar Pradesh,Noida,589377,Value,56-65
C000977,Anthony Bhattacharyya,Female,54,No,No,Karnataka,Mysuru,258284,Premium,46-55
C000978,Sachi Dave,Male,59,No,Yes,Karnataka,Mangaluru,994951,Value,56-65
C000979,Garima Das,Male,61,Yes,Yes,Gujarat,Ahmedabad,599194,Premium,56-65
C000980,Triya Bedi,Female,34,No,Yes,Karnataka,Bengaluru,644645,Mass Market,26-35
C000981,Rachita Rana,Male,70,Yes,Yes,Uttar Pradesh,Agra,390041,Value,65+
C000982,Ayushman Raja,Female,55,No,No,Punjab,Ludhiana,242867,Mass Market,46-55
C000983,Orinder Pandya,Male,52,No,No,Rajasthan,Jodhpur,547018,High Value,46-55
C000984,Rachit Maharaj,Male,64,Yes,Yes,Telangana,Warangal,795014,Mass Market,56-65
C000985,Sanaya Dixit,Female,56,No,No,Gujarat,Vadodara,709367,Value,56-65
C000986,Yatan Merchant,Male,47,No,No,Rajasthan,Jaipur,502800,Premium,46-55
C000987,Nisha Srinivas,Female,23,No,Yes,Telangana,Warangal,177073,High Value,18-25
C000988,Gagan Mammen,Male,21,No,Yes,Tamil Nadu,Madurai,603161,Value,18-25
C000989,Laksh Saini,Male,68,Yes,Yes,West Bengal,Howrah,407992,Mass Market,65+
C000990,Zaid Bahl,Female,54,No,No,Rajasthan,Jodhpur,645752,Value,46-55
C000991,Jagrati Srinivasan,Female,52,No,No,West Bengal,Howrah,542832,Mass Market,46-55
C000992,Hemangini Thakkar,Female,26,No,No,Rajasthan,Udaipur,785150,Value,26-35
C000993,Lipika Madan,Male,23,No,Yes,Telangana,Hyderabad,688155,High Value,18-25
C000994,Atharv Nagar,Female,30,No,No,Maharashtra,Mumbai,155661,Mass Market,26-35
C000995,Ayushman Mand,Male,39,No,No,Gujarat,Ahmedabad,689409,Value,36-45
C000996,Urmi Wagle,Male,45,No,No,Tamil Nadu,Madurai,636460,Premium,36-45
C000997,Viraj Dutta,Female,47,No,No,Punjab,Amritsar,955161,Mass Market,46-55
C000998,Yug Khosla,Male,69,Yes,No,Telangana,Warangal,339563,Value,65+
C000999,Daksh Kanda,Female,53,No,No,Delhi,New Delhi,245182,Premium,46-55
C001000,Isha Ghose,Male,19,No,No,Maharashtra,Mumbai,696192,High Value,18-25
C001001,Warjas Nadkarni,Male,53,No,No,Uttar Pradesh,Agra,269748,Value,46-55
C001002,Ayaan Pandey,Male,25,No,No,Kerala,Kochi,978487,Mass Market,18-25
C001003,Raghav Tailor,Female,62,Yes,No,Delhi,New Delhi,319630,Mass Market,56-65
C001004,Parth Swaminathan,Female,59,No,No,Uttar Pradesh,Agra,270436,Value,56-65
C001005,Gautam Bhalla,Female,67,Yes,No,Gujarat,Ahmedabad,259164,Mass Market,65+
C001006,Theodore Bahri,Female,26,No,No,Gujarat,Vadodara,301274,Mass Market,26-35
C001007,Aadi Narula,Female,18,No,Yes,Delhi,Delhi,901763,Premium,18-25
C001008,Kalpit Oak,Female,30,No,Yes,Gujarat,Ahmedabad,919863,Premium,26-35
C001009,Ekiya Bhargava,Male,67,Yes,No,Karnataka,Bengaluru,85536,Premium,65+
C001010,Manbir Dhar,Male,32,No,Yes,West Bengal,Howrah,622306,Mass Market,26-35
C001011,Janya Bora,Male,49,No,Yes,Madhya Pradesh,Indore,567357,Mass Market,46-55
C001012,Meghana Chaudhuri,Female,51,No,No,Telangana,Warangal,569429,Premium,46-55
C001013,Chasmum Naidu,Female,60,Yes,No,Uttar Pradesh,Kanpur,104003,Premium,56-65
C001014,Nakul Sarkar,Male,48,No,Yes,Tamil Nadu,Coimbatore,730324,Premium,46-55
C001015,Edhitha Ghosh,Female,31,No,Yes,Kerala,Thiruvananthapuram,746352,High Value,26-35
C001016,Udant Gill,Female,64,Yes,No,Madhya Pradesh,Indore,561188,Premium,56-65
C001017,Damyanti Menon,Male,31,No,Yes,Karnataka,Bengaluru,38069,Value,26-35
C001018,Peter Agarwal,Female,65,Yes,No,Maharashtra,Nashik,862185,Mass Market,56-65
C001019,Bachittar Gopal,Female,46,No,Yes,Maharashtra,Pune,111281,Value,46-55
C001020,Timothy Chawla,Male,64,Yes,No,Telangana,Hyderabad,790366,Value,56-65
C001021,Lohit Narula,Female,36,No,No,Madhya Pradesh,Indore,636947,Mass Market,36-45
C001022,Wazir Palan,Male,44,No,No,Madhya Pradesh,Indore,813265,Premium,36-45
C001023,Oliver Chakrabarti,Female,26,No,Yes,Telangana,Warangal,503379,Mass Market,26-35
C001024,Sanya Apte,Female,54,No,No,Uttar Pradesh,Noida,294037,Premium,46-55
C001025,Shaurya Krish,Female,54,No,No,Rajasthan,Jodhpur,353132,Mass Market,46-55
C001026,Inaya Kunda,Male,60,Yes,Yes,Telangana,Hyderabad,527567,Value,56-65
C001027,Aarav Bava,Female,45,No,No,Gujarat,Ahmedabad,950305,Premium,36-45
C001028,Raksha Saini,Female,69,Yes,No,West Bengal,Howrah,878071,Mass Market,65+
C001029,Odika Tailor,Male,41,No,No,Madhya Pradesh,Bhopal,652494,Value,36-45
C001030,Indali Prashad,Female,45,No,Yes,Rajasthan,Jodhpur,852983,Mass Market,36-45
C001031,Varenya Kar,Male,53,No,Yes,Telangana,Warangal,15149,Premium,46-55
C001032,Siya Borah,Female,69,Yes,No,Maharashtra,Mumbai,776491,Premium,65+
C001033,Chaitaly Bahri,Male,35,No,No,Tamil Nadu,Coimbatore,616576,High Value,26-35
C001034,Advika Cheema,Male,42,No,No,Maharashtra,Nagpur,282261,Premium,36-45
C001035,Hema Garde,Male,52,No,No,Punjab,Amritsar,490294,Premium,46-55
C001036,Naveen Borde,Female,21,No,Yes,Punjab,Amritsar,943457,Mass Market,18-25
C001037,Hamsini Subramanian,Male,31,No,No,Telangana,Hyderabad,661388,Mass Market,26-35
C001038,Raagini Gala,Female,56,No,Yes,West Bengal,Kolkata,550091,Value,56-65
C001039,Naksh Bera,Male,43,No,No,West Bengal,Howrah,956783,Value,36-45
C001040,Garima Jha,Male,25,No,No,Maharashtra,Nagpur,395936,Premium,18-25
C001041,Nimrat Zachariah,Male,41,No,No,Uttar Pradesh,Kanpur,194127,Mass Market,36-45
C001042,Baghyawati Mishra,Female,33,No,No,Delhi,Delhi,661853,Mass Market,26-35
C001043,Gopal Bawa,Male,37,No,Yes,Tamil Nadu,Madurai,87807,Value,36-45
C001044,Vritti Dube,Female,32,No,No,Gujarat,Surat,20338,Mass Market,26-35
C001045,Jalsa Aggarwal,Female,24,No,Yes,Maharashtra,Nashik,120996,Value,18-25
C001046,Gagan Menon,Female,34,No,Yes,Kerala,Thiruvananthapuram,763720,Value,26-35
C001047,Ryan Chatterjee,Male,39,No,Yes,Delhi,New Delhi,734483,Premium,36-45
C001048,Samuel Garde,Male,39,No,No,West Bengal,Howrah,567071,Mass Market,36-45
C001049,Finn Solanki,Female,29,No,Yes,Gujarat,Surat,565743,High Value,26-35
C001050,Darika Rao,Male,35,No,No,Gujarat,Ahmedabad,770546,Mass Market,26-35
C001051,Vrinda Lanka,Female,63,Yes,No,Gujarat,Ahmedabad,393164,Mass Market,56-65
C001052,Lila Goyal,Male,64,Yes,No,West Bengal,Howrah,954688,Value,56-65
C001053,Lakshmi Pingle,Female,32,No,Yes,Madhya Pradesh,Bhopal,305886,Mass Market,26-35
C001054,Sanaya Basu,Female,54,No,Yes,Kerala,Thiruvananthapuram,25312,Mass Market,46-55
C001055,Ria Shroff,Female,33,No,No,Kerala,Thiruvananthapuram,662547,Mass Market,26-35
C001056,Upkaar Luthra,Male,22,No,No,Uttar Pradesh,Lucknow,95804,Value,18-25
C001057,Matthew Chatterjee,Female,19,No,Yes,Uttar Pradesh,Agra,146159,Premium,18-25
C001058,Hemangini Sachdev,Male,69,Yes,No,Delhi,Delhi,190,Value,65+
C001059,Darsh Ram,Male,45,No,No,Delhi,New Delhi,738854,Value,36-45
C001060,Vaishnavi Keer,Female,58,No,No,Tamil Nadu,Madurai,734743,Mass Market,56-65
C001061,Chandani Brar,Female,44,No,No,Madhya Pradesh,Indore,939089,Mass Market,36-45
C001062,Bakhshi Thakkar,Female,48,No,No,West Bengal,Howrah,131985,Mass Market,46-55
C001063,Jai Sen,Female,58,No,No,Kerala,Thiruvananthapuram,718321,Premium,56-65
C001064,Oliver Kakar,Male,53,No,Yes,Kerala,Kochi,54284,Mass Market,46-55
C001065,Jonathan Basak,Male,64,Yes,No,Karnataka,Mangaluru,511190,High Value,56-65
C001066,Farhan Saran,Female,60,Yes,No,Karnataka,Mysuru,594094,Mass Market,56-65
C001067,Manbir Kuruvilla,Male,18,No,Yes,Telangana,Hyderabad,941259,Value,18-25
C001068,Ekalinga Chahal,Male,67,Yes,No,Karnataka,Mangaluru,999032,High Value,65+
C001069,Mekhala Nanda,Male,46,No,Yes,Karnataka,Bengaluru,887676,Mass Market,46-55
C001070,Zinal Shanker,Male,18,No,Yes,Rajasthan,Udaipur,62895,Premium,18-25
C001071,Oni Chowdhury,Male,25,No,Yes,West Bengal,Howrah,340399,Mass Market,18-25
C001072,Mason Divan,Male,33,No,No,West Bengal,Kolkata,838744,Mass Market,26-35
C001073,Hitesh Chaudhuri,Male,45,No,No,Madhya Pradesh,Indore,81836,Mass Market,36-45
C001074,Hemangini Roy,Male,39,No,No,Delhi,New Delhi,293970,Premium,36-45
C001075,Leela Sunder,Female,35,No,No,Punjab,Ludhiana,663820,Mass Market,26-35
C001076,Baljiwan Gera,Male,39,No,Yes,Uttar Pradesh,Agra,154818,Mass Market,36-45
C001077,Neha Dhawan,Male,58,No,No,Gujarat,Ahmedabad,133117,High Value,56-65
C001078,Balvan Randhawa,Female,29,No,No,Karnataka,Mangaluru,57767,Mass Market,26-35
C001079,Wazir Bawa,Male,36,No,No,Uttar Pradesh,Kanpur,192889,Value,36-45
C001080,Amruta Pradhan,Female,42,No,No,Uttar Pradesh,Noida,30287,High Value,36-45
C001081,Geetika Mitter,Female,67,Yes,Yes,Gujarat,Ahmedabad,740589,Mass Market,65+
C001082,Avni Swamy,Male,22,No,No,Madhya Pradesh,Bhopal,303606,Mass Market,18-25
C001083,Vedant Desai,Male,51,No,No,Gujarat,Surat,787192,Premium,46-55
C001084,Saanvi Nagi,Female,56,No,Yes,Rajasthan,Udaipur,972655,Mass Market,56-65
C001085,Omaja Chakraborty,Female,27,No,No,Rajasthan,Jodhpur,136496,Mass Market,26-35
C001086,Riya Kakar,Male,64,Yes,No,Gujarat,Ahmedabad,451453,Value,56-65
C001087,Vedhika Varty,Female,24,No,Yes,West Bengal,Kolkata,525744,Premium,18-25
C001088,Daksh Varma,Male,54,No,No,Telangana,Hyderabad,526990,Mass Market,46-55
C001089,Dominic Mukhopadhyay,Female,64,Yes,No,Maharashtra,Nagpur,851115,Mass Market,56-65
C001090,Krishna Viswanathan,Male,69,Yes,No,Telangana,Warangal,733851,Mass Market,65+
C001091,Oscar Hans,Female,69,Yes,Yes,Rajasthan,Jaipur,764670,Mass Market,65+
C001092,Dalbir Krish,Female,32,No,Yes,Kerala,Thiruvananthapuram,68098,Value,26-35
C001093,Tanmayi Bedi,Female,59,No,Yes,Rajasthan,Jodhpur,831934,Mass Market,56-65
C001094,Rushil Mahal,Male,41,No,No,Delhi,Delhi,502758,Value,36-45
C001095,Ucchal Tiwari,Male,43,No,No,West Bengal,Howrah,34563,Value,36-45
C001096,Jatin Balasubramanian,Male,43,No,No,Maharashtra,Mumbai,389234,Mass Market,36-45
C001097,Kashish Suresh,Male,63,Yes,Yes,Delhi,Delhi,245705,Mass Market,56-65
C001098,Peter Som,Male,43,No,Yes,Rajasthan,Jaipur,557826,Mass Market,36-45
C001099,Hemangini Gade,Female,27,No,No,Punjab,Chandigarh,880324,Mass Market,26-35
C001100,Gautam Mane,Male,34,No,No,Madhya Pradesh,Indore,716186,Value,26-35
C001101,Libni Bawa,Male,70,Yes,No,Telangana,Warangal,869747,Value,65+
C001102,Tanish Kant,Female,31,No,No,Karnataka,Mangaluru,237038,Mass Market,26-35
C001103,Samuel Luthra,Female,19,No,No,Delhi,Delhi,478726,Value,18-25
C001104,Yochana Bahri,Female,65,Yes,No,Punjab,Chandigarh,931922,High Value,56-65
C001105,Urvi Deo,Female,30,No,No,Gujarat,Surat,123280,Mass Market,26-35
C001106,Abhiram Kapur,Male,44,No,No,Telangana,Hyderabad,253941,Value,36-45
C001107,Dalaja Maharaj,Male,26,No,No,Karnataka,Mysuru,455418,Premium,26-35
C001108,Krisha Palla,Female,24,No,No,Karnataka,Mangaluru,588314,Mass Market,18-25
C001109,Zayyan Kamdar,Female,65,Yes,No,Madhya Pradesh,Indore,35630,Premium,56-65
C001110,Chasmum Verma,Male,27,No,Yes,Karnataka,Mysuru,282673,High Value,26-35
C001111,Harsh Amble,Female,26,No,Yes,Kerala,Thiruvananthapuram,490479,Mass Market,26-35
C001112,Barkha Misra,Male,39,No,No,Rajasthan,Udaipur,571689,Premium,36-45
C001113,Vasatika Bhatt,Male,40,No,Yes,Uttar Pradesh,Kanpur,213250,Mass Market,36-45
C001114,Aradhana Nair,Male,24,No,Yes,Uttar Pradesh,Agra,286856,Mass Market,18-25
C001115,Advika Misra,Female,65,Yes,No,Tamil Nadu,Madurai,347608,Value,56-65
C001116,Mason Varughese,Female,26,No,Yes,Maharashtra,Nagpur,309258,Mass Market,26-35
C001117,Dakshesh Raval,Male,44,No,No,Madhya Pradesh,Indore,289467,Value,36-45
C001118,Logan Bal,Female,41,No,No,Tamil Nadu,Madurai,631633,Mass Market,36-45
C001119,Chakrika Lad,Male,46,No,No,Maharashtra,Pune,846017,Premium,46-55
C001120,Nidhi Rama,Male,34,No,Yes,Uttar Pradesh,Agra,628033,Value,26-35
C001121,Ranveer Oza,Female,37,No,Yes,Madhya Pradesh,Indore,490847,Value,36-45
C001122,Vamakshi Parmer,Female,24,No,No,Rajasthan,Udaipur,911634,Mass Market,18-25
C001123,Onkar Golla,Female,60,Yes,No,West Bengal,Howrah,31016,Mass Market,56-65
C001124,Gunbir Sinha,Female,57,No,No,Delhi,New Delhi,366228,Mass Market,56-65
C001125,Aarna Goswami,Female,24,No,Yes,Delhi,New Delhi,554140,Premium,18-25
C001126,Gaurav Kapadia,Female,45,No,No,Telangana,Warangal,796229,Mass Market,36-45
C001127,Udant Mohanty,Male,36,No,Yes,Uttar Pradesh,Kanpur,110848,Value,36-45
C001128,Garima Prabhu,Male,37,No,No,Uttar Pradesh,Agra,106600,Mass Market,36-45
C001129,Chaitaly Sheth,Male,61,Yes,No,Rajasthan,Jaipur,604690,Value,56-65
C001130,Upma Bera,Male,56,No,No,Punjab,Chandigarh,749538,Value,56-65
C001131,Urmi Hayer,Female,57,No,No,Tamil Nadu,Chennai,624410,Value,56-65
C001132,Lakshmi Wagle,Male,24,No,No,West Bengal,Kolkata,678845,Value,18-25
C001133,Odika Bhagat,Male,23,No,No,Kerala,Thiruvananthapuram,321650,Value,18-25
C001134,Laksh Iyer,Male,42,No,No,Uttar Pradesh,Agra,423893,Premium,36-45
C001135,Nimrat Shankar,Female,58,No,No,Karnataka,Bengaluru,440711,Premium,56-65
C001136,Diya Gole,Male,30,No,No,Telangana,Hyderabad,729850,Value,26-35
C001137,Vinaya Natarajan,Female,56,No,No,Delhi,New Delhi,305066,Premium,56-65
C001138,Dhriti Bhardwaj,Male,57,No,No,Uttar Pradesh,Noida,148533,Premium,56-65
C001139,Siya Mahal,Male,39,No,No,West Bengal,Howrah,171479,Value,36-45
C001140,Om Dutt,Female,66,Yes,No,Gujarat,Surat,541298,Mass Market,65+
C001141,Gaurang Dayal,Female,34,No,Yes,Tamil Nadu,Coimbatore,492202,Value,26-35
C001142,Pushti Raval,Male,65,Yes,Yes,Kerala,Thiruvananthapuram,520895,Mass Market,56-65
C001143,Vansha Rajagopal,Female,39,No,Yes,West Bengal,Kolkata,176801,Value,36-45
C001144,Baljiwan Walla,Female,51,No,No,Karnataka,Mysuru,696250,Value,46-55
C001145,Kashvi Atwal,Male,25,No,No,Tamil Nadu,Madurai,73249,Value,18-25
C001146,Rayaan Badami,Female,66,Yes,No,Delhi,New Delhi,394303,Value,65+
C001147,Yuvraj Kara,Female,62,Yes,No,Tamil Nadu,Coimbatore,502749,Value,56-65
C001148,Devika Dayal,Female,35,No,No,West Bengal,Howrah,238384,Mass Market,26-35
C001149,Leela Thakur,Female,41,No,Yes,Punjab,Ludhiana,37654,Mass Market,36-45
C001150,Oliver Bhattacharyya,Female,59,No,No,Madhya Pradesh,Indore,999428,Value,56-65
C001151,Chanchal Mannan,Female,19,No,No,Punjab,Amritsar,803308,Value,18-25
C001152,Zinal Viswanathan,Female,19,No,No,West Bengal,Howrah,414863,Premium,18-25
C001153,Radha Desai,Female,44,No,Yes,Uttar Pradesh,Noida,908505,Mass Market,36-45
C001154,Vrishti Parmer,Female,31,No,No,Karnataka,Mysuru,487159,Mass Market,26-35
C001155,Nitesh Raval,Female,65,Yes,No,Rajasthan,Jodhpur,518237,Value,56-65
C001156,Vedant Kapur,Female,56,No,No,Tamil Nadu,Chennai,210907,Value,56-65
C001157,Siddharth Bains,Male,70,Yes,No,West Bengal,Howrah,447939,Mass Market,65+
C001158,Jatin Peri,Female,70,Yes,No,Maharashtra,Mumbai,171740,Value,65+
C001159,Keya Kumer,Female,29,No,No,Maharashtra,Nagpur,345688,Mass Market,26-35
C001160,Chanakya Chokshi,Male,49,No,No,Telangana,Warangal,865737,Mass Market,46-55
C001161,Chanakya D’Alia,Female,45,No,No,Tamil Nadu,Chennai,496660,Mass Market,36-45
C001162,Sachi Rai,Male,45,No,No,Madhya Pradesh,Bhopal,236604,Value,36-45
C001163,Zayyan Som,Male,63,Yes,Yes,Karnataka,Mysuru,412081,Premium,56-65
C001164,Samesh Andra,Female,42,No,No,Gujarat,Ahmedabad,368938,Mass Market,36-45
C001165,Osha Chaudhuri,Male,21,No,Yes,Karnataka,Bengaluru,528940,Mass Market,18-25
C001166,Laksh Sahota,Female,43,No,Yes,Tamil Nadu,Coimbatore,393516,Premium,36-45
C001167,Yasti Dalal,Female,53,No,Yes,Punjab,Chandigarh,269577,Premium,46-55
C001168,Ishaan Cherian,Male,67,Yes,Yes,Maharashtra,Pune,266848,Mass Market,65+
C001169,Rushil Iyengar,Male,20,No,No,Karnataka,Mangaluru,316367,Mass Market,18-25
C001170,Saksham Parmar,Male,18,No,No,West Bengal,Kolkata,752481,Mass Market,18-25
C001171,Chakrika Dyal,Female,34,No,Yes,Karnataka,Bengaluru,537642,Mass Market,26-35
C001172,Watika Johal,Female,24,No,No,Tamil Nadu,Coimbatore,930395,Value,18-25
C001173,Ganga Keer,Female,65,Yes,No,West Bengal,Kolkata,952608,High Value,56-65
C001174,Agastya Chakraborty,Male,22,No,No,Delhi,New Delhi,329873,Value,18-25
C001175,Wakeeta Dixit,Female,36,No,No,Karnataka,Mangaluru,11499,High Value,36-45
C001176,Yasti Borde,Male,56,No,No,Telangana,Hyderabad,475473,Value,56-65
C001177,Aahana Kashyap,Female,63,Yes,Yes,Tamil Nadu,Chennai,704990,Premium,56-65
C001178,Chaman Lalla,Male,51,No,Yes,Kerala,Kochi,781945,Mass Market,46-55
C001179,Chandresh Chaudhry,Female,52,No,Yes,Uttar Pradesh,Noida,597739,Mass Market,46-55
C001180,Balveer Mannan,Male,66,Yes,No,Uttar Pradesh,Noida,103405,Premium,65+
C001181,Dhriti Sandhu,Female,33,No,No,Telangana,Warangal,368910,Mass Market,26-35
C001182,Girish Bath,Male,57,No,Yes,Uttar Pradesh,Noida,417569,Mass Market,56-65
C001183,Lakshit Garde,Female,67,Yes,Yes,Telangana,Hyderabad,307218,Value,65+
C001184,Ishita Sarma,Female,64,Yes,Yes,Delhi,Delhi,716991,Mass Market,56-65
C001185,Girik Pradhan,Male,56,No,No,Madhya Pradesh,Indore,587236,Value,56-65
C001186,Qadim Comar,Female,44,No,Yes,Maharashtra,Pune,411048,Mass Market,36-45
C001187,Mugdha Shan,Female,58,No,No,West Bengal,Howrah,786712,Premium,56-65
C001188,Lekha Sridhar,Male,55,No,Yes,Telangana,Hyderabad,572818,Mass Market,46-55
C001189,Ojas Chowdhury,Male,67,Yes,No,Kerala,Kochi,912789,Value,65+
C001190,Daniel Dutta,Female,67,Yes,Yes,Rajasthan,Udaipur,249919,Mass Market,65+
C001191,Omaja Subramanian,Male,42,No,No,Rajasthan,Jaipur,84158,Premium,36-45
C001192,Pratyush Raghavan,Female,43,No,Yes,Kerala,Kochi,537304,Value,36-45
C001193,Ayush De,Male,31,No,No,Rajasthan,Jaipur,763185,Mass Market,26-35
C001194,Vinaya Chowdhury,Female,31,No,No,Gujarat,Surat,967071,Mass Market,26-35
C001195,Ridhi Batra,Male,31,No,No,Uttar Pradesh,Noida,944814,Mass Market,26-35
C001196,Advika Murthy,Female,42,No,No,Telangana,Warangal,407,Value,36-45
C001197,Udarsh Nigam,Female,53,No,No,Tamil Nadu,Chennai,602310,Value,46-55
C001198,Rachita Kothari,Female,21,No,Yes,Telangana,Hyderabad,407972,Mass Market,18-25
C001199,Hiral Rajan,Female,64,Yes,No,Tamil Nadu,Coimbatore,822885,Value,56-65
C001200,Chatura Apte,Male,32,No,No,Delhi,New Delhi,273449,Premium,26-35
C001201,Yashasvi Singh,Female,49,No,No,Tamil Nadu,Chennai,992519,Mass Market,46-55
C001202,Noah Borde,Male,35,No,No,Madhya Pradesh,Bhopal,366547,Value,26-35
C001203,Ekani Khosla,Male,31,No,No,Rajasthan,Udaipur,878371,Value,26-35
C001204,Arunima Bedi,Male,18,No,No,Uttar Pradesh,Lucknow,539259,Value,18-25
C001205,Kritika Rau,Male,59,No,Yes,West Bengal,Kolkata,677185,Mass Market,56-65
C001206,Farhan Sharaf,Female,37,No,No,West Bengal,Howrah,601743,Mass Market,36-45
C001207,Sara Chakrabarti,Female,27,No,Yes,Gujarat,Surat,402560,Mass Market,26-35
C001208,Sanya Mutti,Male,27,No,No,Delhi,Delhi,413166,Value,26-35
C001209,Widisha Badami,Male,41,No,No,Madhya Pradesh,Indore,752707,Value,36-45
C001210,Netra Sachar,Female,51,No,Yes,Kerala,Thiruvananthapuram,279717,Mass Market,46-55
C001211,Aadi Chand,Male,45,No,No,Punjab,Amritsar,350642,Mass Market,36-45
C001212,Yashoda Jhaveri,Male,44,No,No,Madhya Pradesh,Indore,299043,Mass Market,36-45
C001213,Harita Patla,Male,57,No,Yes,Uttar Pradesh,Lucknow,767622,Premium,56-65
C001214,Udant Sha,Female,18,No,Yes,Tamil Nadu,Madurai,25431,Mass Market,18-25
C001215,Urvashi Patla,Female,50,No,No,Gujarat,Vadodara,391584,Value,46-55
C001216,Ishaan Chatterjee,Male,21,No,No,Maharashtra,Nagpur,472560,Premium,18-25
C001217,Aarnav Om,Male,24,No,No,Tamil Nadu,Coimbatore,678203,Premium,18-25
C001218,Bishakha Vig,Female,26,No,No,Gujarat,Vadodara,906155,Value,26-35
C001219,Hitesh Bath,Female,33,No,Yes,Madhya Pradesh,Indore,261340,Mass Market,26-35
C001220,Waida Dey,Male,22,No,No,Punjab,Chandigarh,312206,Premium,18-25
C001221,Hredhaan Kumar,Female,51,No,No,Delhi,Delhi,766540,Premium,46-55
C001222,Raghav Dara,Male,40,No,No,West Bengal,Howrah,324216,Premium,36-45
C001223,Tanveer Shankar,Male,60,Yes,Yes,Telangana,Warangal,353286,Mass Market,56-65
C001224,Hamsini Chokshi,Female,67,Yes,No,Tamil Nadu,Madurai,780581,Mass Market,65+
C001225,Chakradhar Dasgupta,Male,42,No,No,Karnataka,Bengaluru,805732,Value,36-45
C001226,Tanvi Thaman,Female,68,Yes,No,Tamil Nadu,Coimbatore,367886,High Value,65+
C001227,Wishi Agrawal,Male,30,No,No,Kerala,Thiruvananthapuram,555261,Premium,26-35
C001228,Rachita Subramanian,Male,41,No,No,Telangana,Hyderabad,107055,Premium,36-45
C001229,Oscar Dave,Female,28,No,No,Kerala,Kochi,52950,Value,26-35
C001230,Lila Nagy,Male,69,Yes,Yes,Madhya Pradesh,Bhopal,874412,Mass Market,65+
C001231,Omya Kothari,Female,68,Yes,No,Gujarat,Vadodara,599896,Value,65+
C001232,Mitali Oza,Male,34,No,No,Delhi,New Delhi,586926,Premium,26-35
C001233,Sneha Deol,Male,54,No,No,Karnataka,Bengaluru,560062,Value,46-55
C001234,Nitara Vala,Male,30,No,Yes,Kerala,Kochi,515179,High Value,26-35
C001235,Dipta Kalla,Female,44,No,No,Madhya Pradesh,Bhopal,519378,Mass Market,36-45
C001236,Shaurya Mannan,Male,37,No,Yes,Maharashtra,Nagpur,953127,Mass Market,36-45
C001237,Kevin Gokhale,Female,50,No,Yes,West Bengal,Howrah,445801,High Value,46-55
C001238,Jack Pandey,Male,59,No,No,Uttar Pradesh,Kanpur,621346,Mass Market,56-65
C001239,Omisha Walla,Female,49,No,No,Delhi,Delhi,646152,Value,46-55
C001240,Pahal Arya,Male,25,No,Yes,West Bengal,Howrah,532224,Premium,18-25
C001241,Aryan Raj,Female,46,No,No,Karnataka,Bengaluru,81014,Mass Market,46-55
C001242,Chatresh Bhalla,Female,57,No,No,Tamil Nadu,Madurai,297198,Premium,56-65
C001243,Amara Dyal,Female,36,No,No,Gujarat,Ahmedabad,89437,Mass Market,36-45
C001244,Zashil Dhingra,Female,23,No,Yes,Rajasthan,Udaipur,812681,Premium,18-25
C001245,Chakrika Jani,Female,61,Yes,No,Telangana,Hyderabad,930080,Mass Market,56-65
C001246,Jagrati Sethi,Female,56,No,No,Delhi,Delhi,889905,Value,56-65
C001247,Udarsh Ramachandran,Male,65,Yes,Yes,Karnataka,Mysuru,814033,Value,56-65
C001248,Yasti Mani,Male,58,No,No,Rajasthan,Jaipur,50810,Value,56-65
C001249,Lakshmi Ram,Female,38,No,No,West Bengal,Howrah,635869,Value,36-45
C001250,Dhriti Bhagat,Female,39,No,Yes,Gujarat,Surat,213116,High Value,36-45
C001251,Zayan Jain,Female,59,No,No,Tamil Nadu,Coimbatore,946021,Premium,56-65
C001252,Umang Pillai,Male,27,No,No,Punjab,Ludhiana,467642,High Value,26-35
C001253,Rishi Menon,Male,27,No,No,Tamil Nadu,Coimbatore,259836,Value,26-35
C001254,Peter Borde,Male,69,Yes,No,Maharashtra,Mumbai,74988,Value,65+
C001255,Oscar Varkey,Female,46,No,No,Gujarat,Surat,959126,Mass Market,46-55
C001256,Krishna Baria,Male,33,No,No,Uttar Pradesh,Agra,920331,High Value,26-35
C001257,Arya Lalla,Male,18,No,No,Rajasthan,Jodhpur,656571,Mass Market,18-25
C001258,Naveen Kumer,Male,34,No,No,Kerala,Thiruvananthapuram,657813,Mass Market,26-35
C001259,Ganga Shukla,Male,47,No,Yes,Madhya Pradesh,Bhopal,499504,Mass Market,46-55
C001260,Balveer Dube,Female,43,No,Yes,Maharashtra,Pune,896416,Mass Market,36-45
C001261,Charan Mitra,Male,70,Yes,No,Punjab,Amritsar,508629,High Value,65+
C001262,Ishita Bora,Female,63,Yes,Yes,Gujarat,Surat,322307,Mass Market,56-65
C001263,Thomas Gour,Male,36,No,No,Karnataka,Bengaluru,487641,High Value,36-45
C001264,Yashasvi Dutta,Male,70,Yes,No,Gujarat,Ahmedabad,613955,Value,65+
C001265,Netra Chanda,Male,38,No,No,Uttar Pradesh,Lucknow,458618,Premium,36-45
C001266,Timothy Kala,Male,34,No,No,Gujarat,Ahmedabad,583934,Value,26-35
C001267,Garima Patel,Male,63,Yes,Yes,Rajasthan,Jodhpur,835442,Mass Market,56-65
C001268,Tejas Wali,Male,57,No,Yes,Gujarat,Ahmedabad,885988,Value,56-65
C001269,Aditya Contractor,Female,38,No,No,Gujarat,Vadodara,920696,Value,36-45
C001270,Sanaya Khosla,Male,70,Yes,No,West Bengal,Howrah,693259,Mass Market,65+
C001271,Balveer Nagi,Female,58,No,No,Punjab,Chandigarh,276223,Mass Market,56-65
C001272,Ishaan Raju,Female,57,No,Yes,Madhya Pradesh,Indore,831275,Mass Market,56-65
C001273,Barkha Bakshi,Female,62,Yes,Yes,Punjab,Amritsar,418399,Mass Market,56-65
C001274,Yoshita Trivedi,Male,66,Yes,Yes,Telangana,Warangal,578022,Value,65+
C001275,Vidhi Bassi,Male,36,No,Yes,Rajasthan,Udaipur,177106,Mass Market,36-45
C001276,Reyansh Nagi,Male,24,No,No,Telangana,Hyderabad,945026,Premium,18-25
C001277,Gopal Ganesh,Male,34,No,No,West Bengal,Howrah,473534,High Value,26-35
C001278,Dominic Kade,Female,18,No,Yes,Maharashtra,Nagpur,439103,Mass Market,18-25
C001279,Panini Chawla,Male,54,No,No,Kerala,Thiruvananthapuram,318667,Value,46-55
C001280,Radhika Bora,Male,23,No,No,Uttar Pradesh,Lucknow,667477,Mass Market,18-25
C001281,Arjun Sharaf,Female,43,No,Yes,Madhya Pradesh,Bhopal,11040,Mass Market,36-45
C001282,Baljiwan Chahal,Female,19,No,No,Uttar Pradesh,Kanpur,843782,Premium,18-25
C001283,Chatura Gokhale,Female,49,No,No,West Bengal,Howrah,18777,Mass Market,46-55
C001284,Ekavir Kari,Male,65,Yes,No,Rajasthan,Jaipur,334225,Mass Market,56-65
C001285,Nikita Rama,Male,22,No,No,Delhi,New Delhi,939224,Mass Market,18-25
C001286,Nidhi Sant,Male,54,No,Yes,Madhya Pradesh,Indore,577727,Premium,46-55
C001287,Anay Ramachandran,Male,48,No,No,Kerala,Thiruvananthapuram,457502,Value,46-55
C001288,Abeer Bhatnagar,Male,29,No,No,Madhya Pradesh,Indore,885211,High Value,26-35
C001289,Elijah Parmar,Male,52,No,No,West Bengal,Kolkata,846036,High Value,46-55
C001290,Bimala Mitra,Male,47,No,No,Maharashtra,Nagpur,839687,Mass Market,46-55
C001291,Baghyawati Sarma,Male,65,Yes,No,Karnataka,Mangaluru,204759,Mass Market,56-65
C001292,Megha Balasubramanian,Male,23,No,No,Gujarat,Surat,589477,Mass Market,18-25
C001293,Naksh Walla,Female,32,No,No,Tamil Nadu,Chennai,693928,Value,26-35
C001294,Laban Raman,Female,32,No,No,Tamil Nadu,Coimbatore,320254,Value,26-35
C001295,Maanas Misra,Female,33,No,No,Uttar Pradesh,Noida,167946,Mass Market,26-35
C001296,Advay Dhaliwal,Male,37,No,Yes,Gujarat,Surat,781898,Mass Market,36-45
C001297,Benjamin Ahluwalia,Male,30,No,Yes,Karnataka,Mangaluru,361395,Mass Market,26-35
C001298,Frederick Mody,Male,61,Yes,No,Delhi,New Delhi,592118,Premium,56-65
C001299,Hemangini Kakar,Female,59,No,Yes,Uttar Pradesh,Kanpur,723501,High Value,56-65
C001300,Yauvani Dhar,Female,63,Yes,Yes,Madhya Pradesh,Indore,737796,Mass Market,56-65
C001301,Qarin Kant,Male,48,No,No,Telangana,Hyderabad,638965,Mass Market,46-55
C001302,Rishi Contractor,Female,51,No,Yes,Punjab,Ludhiana,997791,Mass Market,46-55
C001303,Chatura Shenoy,Male,46,No,Yes,Tamil Nadu,Madurai,822008,Premium,46-55
C001304,Bina Bhavsar,Male,20,No,No,Uttar Pradesh,Kanpur,1428,High Value,18-25
C001305,Guneet Hora,Female,26,No,No,Tamil Nadu,Coimbatore,690625,Mass Market,26-35
C001306,Ganga Parikh,Female,28,No,No,West Bengal,Howrah,575951,Mass Market,26-35
C001307,Wahab Chaudhry,Female,28,No,No,Delhi,New Delhi,909671,Mass Market,26-35
C001308,Ekaraj Hari,Female,42,No,No,Delhi,New Delhi,800458,Value,36-45
C001309,Vedika Seshadri,Male,39,No,No,Telangana,Hyderabad,242274,Value,36-45
C001310,Damini Dua,Female,59,No,No,Rajasthan,Udaipur,652948,Value,56-65
C001311,Diya Sangha,Male,63,Yes,No,Delhi,Delhi,51719,High Value,56-65
C001312,Aayush Munshi,Female,26,No,No,Madhya Pradesh,Indore,251234,Mass Market,26-35
C001313,Timothy Sarin,Male,37,No,No,West Bengal,Kolkata,353675,Premium,36-45
C001314,Jagvi Desai,Female,38,No,No,Maharashtra,Mumbai,777342,Mass Market,36-45
C001315,Varsha Shere,Male,27,No,Yes,Uttar Pradesh,Lucknow,587503,Mass Market,26-35
C001316,Jagrati Mody,Female,39,No,No,Madhya Pradesh,Indore,49791,Premium,36-45
C001317,Ikbal Gill,Male,46,No,Yes,Gujarat,Surat,77128,High Value,46-55
C001318,Avni Dey,Female,26,No,No,Punjab,Ludhiana,619907,Premium,26-35
C001319,Adya Bose,Male,22,No,No,Maharashtra,Nashik,666974,Premium,18-25
C001320,Anirudh Tripathi,Male,57,No,No,Madhya Pradesh,Bhopal,217124,Premium,56-65
C001321,Nidhi Kala,Male,28,No,Yes,Gujarat,Ahmedabad,566830,Mass Market,26-35
C001322,Abha Zacharia,Male,18,No,No,Tamil Nadu,Coimbatore,253695,Premium,18-25
C001323,Manthan Pau,Female,70,Yes,Yes,Kerala,Thiruvananthapuram,558767,Premium,65+
C001324,Udant Mannan,Male,59,No,No,Tamil Nadu,Madurai,507810,Value,56-65
C001325,Ucchal Thaker,Female,18,No,No,Tamil Nadu,Coimbatore,283947,Value,18-25
C001326,Mekhala Patla,Male,56,No,Yes,Telangana,Hyderabad,461261,Premium,56-65
C001327,William Gandhi,Male,63,Yes,No,West Bengal,Kolkata,993631,Premium,56-65
C001328,Sanaya Dutta,Female,22,No,Yes,Uttar Pradesh,Noida,275644,Mass Market,18-25
C001329,Madhav Sule,Female,66,Yes,No,Telangana,Hyderabad,909519,Premium,65+
C001330,Banjeet Kanda,Male,39,No,Yes,Delhi,New Delhi,663006,Premium,36-45
C001331,Vincent Bhatnagar,Female,43,No,Yes,Delhi,New Delhi,621051,Mass Market,36-45
C001332,Kala Kaur,Female,70,Yes,Yes,Delhi,Delhi,407870,Premium,65+
C001333,Samuel Vasa,Male,23,No,Yes,West Bengal,Howrah,811353,Mass Market,18-25
C001334,Lipika Singh,Female,49,No,No,Telangana,Warangal,396527,Mass Market,46-55
C001335,Chakradhar Baral,Female,65,Yes,No,Telangana,Warangal,959867,Value,56-65
C001336,Harshil Verma,Female,28,No,No,Maharashtra,Nashik,705548,High Value,26-35
C001337,Adya Ghosh,Male,27,No,Yes,Telangana,Warangal,712996,Mass Market,26-35
C001338,Kritika Pau,Female,64,Yes,No,Gujarat,Surat,548270,Premium,56-65
C001339,Zansi Krishnamurthy,Male,56,No,No,Delhi,New Delhi,293313,Value,56-65
C001340,Udant Varty,Male,51,No,No,Telangana,Hyderabad,689374,Premium,46-55
C001341,Ira Pai,Male,48,No,No,Punjab,Ludhiana,21368,Premium,46-55
C001342,Vasatika Ahuja,Male,29,No,No,West Bengal,Howrah,157712,Premium,26-35
C001343,Ria Gandhi,Female,68,Yes,Yes,Uttar Pradesh,Lucknow,842519,Premium,65+
C001344,Faraj Varkey,Female,61,Yes,No,Delhi,Delhi,617655,Premium,56-65
C001345,Siddharth Doctor,Female,33,No,No,Rajasthan,Udaipur,235528,Mass Market,26-35
C001346,Nakul Pathak,Male,55,No,No,Gujarat,Vadodara,870630,Mass Market,46-55
C001347,Victor Sachdeva,Male,20,No,Yes,Rajasthan,Udaipur,282933,Mass Market,18-25
C001348,Ishaan Subramaniam,Male,19,No,Yes,Delhi,Delhi,287897,Premium,18-25
C001349,Varenya Kade,Female,69,Yes,No,Punjab,Amritsar,535964,Mass Market,65+
C001350,Nirja Bains,Male,22,No,Yes,Maharashtra,Nagpur,268474,Mass Market,18-25
C001351,Caleb Datta,Female,28,No,Yes,West Bengal,Kolkata,455072,Premium,26-35
C001352,Krish Vala,Female,42,No,No,Uttar Pradesh,Noida,101850,Premium,36-45
C001353,Manan Bhalla,Male,52,No,No,Uttar Pradesh,Agra,875645,Premium,46-55
C001354,Aarna Gole,Female,52,No,No,Delhi,New Delhi,581058,Mass Market,46-55
C001355,Anirudh Mander,Male,39,No,Yes,Telangana,Hyderabad,108867,Mass Market,36-45
C001356,Tarak Sen,Female,54,No,No,Maharashtra,Pune,447619,Mass Market,46-55
C001357,Vasatika Garde,Female,39,No,Yes,Punjab,Ludhiana,788663,Mass Market,36-45
C001358,Nirja Dhar,Male,28,No,No,West Bengal,Kolkata,465333,Mass Market,26-35
C001359,Yasti Lalla,Male,49,No,No,Delhi,New Delhi,774963,Mass Market,46-55
C001360,Hema Setty,Female,52,No,No,Telangana,Warangal,792262,Mass Market,46-55
C001361,Victor Radhakrishnan,Female,48,No,No,Kerala,Thiruvananthapuram,915023,Value,46-55
C001362,Kevin Chopra,Male,62,Yes,No,Delhi,Delhi,438734,Mass Market,56-65
C001363,Samaksh Virk,Female,70,Yes,Yes,Maharashtra,Mumbai,52194,Mass Market,65+
C001364,Mason Char,Female,25,No,Yes,West Bengal,Kolkata,504726,Premium,18-25
C001365,Vamakshi Barad,Female,37,No,Yes,Gujarat,Surat,979629,Premium,36-45
C001366,Girik Subramaniam,Male,59,No,Yes,Delhi,Delhi,459773,Premium,56-65
C001367,Aarav Sankar,Female,51,No,No,Telangana,Hyderabad,609859,Value,46-55
C001368,Kamala Bassi,Female,21,No,Yes,Kerala,Kochi,981747,High Value,18-25
C001369,Veer Subramaniam,Male,35,No,No,Punjab,Ludhiana,665397,High Value,26-35
C001370,Inaya Chaudhari,Male,68,Yes,Yes,Karnataka,Mangaluru,874895,Value,65+
C001371,Krish Kumar,Female,21,No,No,Kerala,Kochi,713198,Value,18-25
C001372,Viraj Chacko,Male,37,No,No,Karnataka,Mangaluru,449616,Mass Market,36-45
C001373,Nilima Kurian,Female,26,No,Yes,Karnataka,Mangaluru,952574,Premium,26-35
C001374,Abdul Amble,Male,33,No,No,Punjab,Amritsar,774372,Value,26-35
C001375,Zinal Amble,Male,43,No,No,Telangana,Warangal,238487,High Value,36-45
C001376,Samesh Mutti,Female,55,No,Yes,Maharashtra,Mumbai,561918,Value,46-55
C001377,Janaki Chhabra,Male,42,No,No,Maharashtra,Nashik,557983,High Value,36-45
C001378,Pooja Kulkarni,Male,21,No,Yes,West Bengal,Kolkata,290005,Premium,18-25
C001379,Pallavi Pau,Male,58,No,No,Tamil Nadu,Coimbatore,545173,High Value,56-65
C001380,Mekhala Jani,Female,62,Yes,No,Karnataka,Bengaluru,585405,Mass Market,56-65
C001381,Vasudha Gola,Male,58,No,No,Uttar Pradesh,Agra,934424,Mass Market,56-65
C001382,Veda Kulkarni,Male,55,No,No,Tamil Nadu,Chennai,271239,Premium,46-55
C001383,Hemangini Rao,Female,70,Yes,Yes,Madhya Pradesh,Bhopal,306533,Premium,65+
C001384,Jagat Karpe,Male,36,No,No,Karnataka,Mangaluru,359759,Mass Market,36-45
C001385,Neel Chaudhry,Female,31,No,No,Uttar Pradesh,Agra,962821,Premium,26-35
C001386,Yashoda Rattan,Male,38,No,No,Maharashtra,Nashik,87875,Value,36-45
C001387,Charles Dyal,Female,32,No,No,Uttar Pradesh,Agra,882737,Mass Market,26-35
C001388,Abdul Chand,Male,20,No,No,Tamil Nadu,Coimbatore,309773,Value,18-25
C001389,Urishilla Saran,Female,54,No,No,Gujarat,Ahmedabad,666097,High Value,46-55
C001390,Devansh Lall,Male,70,Yes,Yes,Delhi,Delhi,855004,Value,65+
C001391,Kamala Buch,Male,67,Yes,No,Rajasthan,Jaipur,507296,Premium,65+
C001392,Leena Rattan,Male,63,Yes,Yes,Karnataka,Mysuru,901079,Mass Market,56-65
C001393,Dakshesh Gill,Male,33,No,No,Maharashtra,Pune,226527,Premium,26-35
C001394,Reva Anne,Male,31,No,No,West Bengal,Howrah,546305,High Value,26-35
C001395,Zarna Mangal,Male,26,No,No,Kerala,Thiruvananthapuram,156711,Value,26-35
C001396,Bahadurjit Uppal,Female,64,Yes,Yes,Karnataka,Bengaluru,753987,Mass Market,56-65
C001397,Omkaar Banik,Male,24,No,No,Telangana,Warangal,458198,Value,18-25
C001398,William Acharya,Male,31,No,No,Tamil Nadu,Chennai,88407,High Value,26-35
C001399,Gabriel Majumdar,Female,23,No,No,Maharashtra,Pune,538053,Mass Market,18-25
C001400,Ira Rana,Female,38,No,Yes,Punjab,Ludhiana,597268,Value,36-45
C001401,Sai Vasa,Male,32,No,No,Punjab,Amritsar,950705,Mass Market,26-35
C001402,Ekapad Chana,Male,69,Yes,Yes,Uttar Pradesh,Agra,306967,Value,65+
C001403,Ijaya Palan,Male,25,No,No,West Bengal,Kolkata,128156,Value,18-25
C001404,Upkaar Hayer,Female,51,No,Yes,Delhi,Delhi,870278,High Value,46-55
C001405,Netra Agrawal,Female,57,No,Yes,Maharashtra,Nagpur,379821,Value,56-65
C001406,Parth Ray,Male,18,No,Yes,Punjab,Amritsar,924137,Value,18-25
C001407,Elijah Thakur,Female,49,No,Yes,Delhi,Delhi,730639,Premium,46-55
C001408,Harini Dada,Female,66,Yes,Yes,Karnataka,Bengaluru,858306,Mass Market,65+
C001409,Zashil Savant,Female,68,Yes,No,Kerala,Thiruvananthapuram,836816,Value,65+
C001410,Veda Kohli,Female,22,No,No,Karnataka,Bengaluru,238665,Premium,18-25
C001411,Tara Sharma,Male,47,No,No,Rajasthan,Jaipur,67755,Mass Market,46-55
C001412,Vasatika Dada,Male,39,No,No,Tamil Nadu,Madurai,735410,Mass Market,36-45
C001413,Ekansh Raja,Male,37,No,No,Uttar Pradesh,Lucknow,772504,Value,36-45
C001414,Victor Mutti,Male,33,No,No,Karnataka,Mangaluru,258988,Mass Market,26-35
C001415,Ira Varty,Male,24,No,Yes,Gujarat,Vadodara,85587,Mass Market,18-25
C001416,Adya Kothari,Female,24,No,Yes,Telangana,Hyderabad,357845,High Value,18-25
C001417,Girik Rastogi,Male,67,Yes,No,Rajasthan,Jodhpur,208024,Value,65+
C001418,Faqid Gokhale,Male,67,Yes,Yes,Kerala,Thiruvananthapuram,41507,Premium,65+
C001419,Dipta Pandya,Male,19,No,Yes,Maharashtra,Pune,931660,Mass Market,18-25
C001420,Amruta Goswami,Female,64,Yes,Yes,Telangana,Hyderabad,611556,High Value,56-65
C001421,Wishi Iyengar,Male,31,No,Yes,West Bengal,Kolkata,134047,Premium,26-35
C001422,Wyatt Lanka,Male,48,No,No,Uttar Pradesh,Noida,458,Premium,46-55
C001423,Veer Jain,Male,67,Yes,Yes,Maharashtra,Nagpur,89227,Mass Market,65+
C001424,Ishani Dugal,Male,58,No,No,Rajasthan,Jaipur,699064,Value,56-65
C001425,Jagdish Brar,Female,31,No,No,Delhi,New Delhi,935658,Value,26-35
C001426,Abeer Basak,Female,22,No,No,Telangana,Hyderabad,363836,Premium,18-25
C001427,Kamya Murty,Male,28,No,Yes,Telangana,Hyderabad,722455,Premium,26-35
C001428,Anvi Swaminathan,Female,57,No,Yes,Rajasthan,Jaipur,708335,Mass Market,56-65
C001429,Yasti Mammen,Female,22,No,No,Punjab,Amritsar,424496,High Value,18-25
C001430,Tristan Dave,Female,46,No,No,Delhi,Delhi,390004,High Value,46-55
C001431,Pallavi Sridhar,Male,28,No,No,West Bengal,Howrah,398048,Value,26-35
C001432,Yadavi Palan,Male,22,No,No,Karnataka,Mangaluru,725140,Mass Market,18-25
C001433,Owen Shankar,Male,66,Yes,No,Uttar Pradesh,Agra,170998,Premium,65+
C001434,Zarna Sharma,Female,49,No,No,Tamil Nadu,Madurai,317098,Value,46-55
C001435,Abhiram Arora,Male,53,No,No,Kerala,Thiruvananthapuram,668813,Premium,46-55
C001436,Ladli Chaudhuri,Male,32,No,No,Rajasthan,Udaipur,384691,Premium,26-35
C001437,Janaki Lad,Male,36,No,Yes,Tamil Nadu,Coimbatore,815016,Mass Market,36-45
C001438,Adya Khalsa,Female,39,No,Yes,Maharashtra,Pune,546625,Value,36-45
C001439,Urishilla Oza,Male,51,No,Yes,Uttar Pradesh,Agra,312536,Value,46-55
C001440,Qarin Tara,Female,34,No,Yes,Madhya Pradesh,Indore,276987,High Value,26-35
C001441,Shivansh Saini,Female,29,No,No,Punjab,Ludhiana,229579,Mass Market,26-35
C001442,Janya Rattan,Male,42,No,Yes,Kerala,Thiruvananthapuram,745080,Mass Market,36-45
C001443,Shravya Gole,Female,34,No,No,West Bengal,Howrah,173315,Premium,26-35
C001444,Veer Chaudhry,Male,27,No,No,Telangana,Warangal,160426,Mass Market,26-35
C001445,Warinder Sankaran,Female,45,No,Yes,West Bengal,Kolkata,447165,Value,36-45
C001446,Rohan Dhingra,Male,35,No,No,Tamil Nadu,Coimbatore,441526,Mass Market,26-35
C001447,Urvashi Andra,Female,68,Yes,Yes,Madhya Pradesh,Indore,458296,Value,65+
C001448,Oviya Tata,Female,35,No,Yes,Uttar Pradesh,Kanpur,541913,Value,26-35
C001449,Zansi Walla,Female,62,Yes,No,Delhi,Delhi,804987,Value,56-65
C001450,Vidhi Mital,Female,49,No,No,Telangana,Warangal,209383,High Value,46-55
C001451,Champak Rao,Male,31,No,No,Gujarat,Ahmedabad,396524,Mass Market,26-35
C001452,Nihal Bhasin,Female,33,No,Yes,Punjab,Chandigarh,760741,Mass Market,26-35
C001453,Aachal Soni,Female,67,Yes,No,Tamil Nadu,Coimbatore,644026,Value,65+
C001454,Shivani Natt,Female,35,No,Yes,Maharashtra,Nagpur,353425,Value,26-35
C001455,Jalsa Parsa,Male,33,No,Yes,Uttar Pradesh,Lucknow,561832,Value,26-35
C001456,Hemangini Bahri,Female,34,No,No,Uttar Pradesh,Lucknow,213841,Mass Market,26-35
C001457,Jairaj Panchal,Female,24,No,Yes,Karnataka,Mangaluru,510954,High Value,18-25
C001458,Owen Mane,Female,29,No,No,Telangana,Warangal,527505,Value,26-35
C001459,Ekta Uppal,Male,51,No,No,Telangana,Warangal,880848,Mass Market,46-55
C001460,Sanya Brar,Female,27,No,No,Madhya Pradesh,Indore,72712,Value,26-35
C001461,Bhavini Sheth,Male,22,No,Yes,Rajasthan,Jodhpur,334029,Mass Market,18-25
C001462,Oliver Nazareth,Female,38,No,No,Gujarat,Vadodara,781326,Mass Market,36-45
C001463,Nidhi Bora,Male,20,No,Yes,Delhi,New Delhi,273326,Mass Market,18-25
C001464,Neel Oza,Female,36,No,No,Telangana,Warangal,776746,Mass Market,36-45
C001465,Dipta Nadig,Female,62,Yes,Yes,Maharashtra,Nashik,881946,Mass Market,56-65
C001466,Amara Rana,Male,61,Yes,No,Karnataka,Mangaluru,749294,Value,56-65
C001467,Sai Patil,Female,52,No,No,Telangana,Hyderabad,993136,Value,46-55
C001468,Odika Ganesh,Male,23,No,Yes,Rajasthan,Jaipur,572668,Value,18-25
C001469,Arin Dass,Female,31,No,Yes,Karnataka,Mysuru,905366,Mass Market,26-35
C001470,Zayan Buch,Female,21,No,Yes,Tamil Nadu,Chennai,832031,High Value,18-25
C001471,Ojas Ranganathan,Female,62,Yes,No,Maharashtra,Nagpur,131779,Premium,56-65
C001472,Girish Bhatt,Female,68,Yes,No,Telangana,Hyderabad,534038,High Value,65+
C001473,Chatura Bal,Female,35,No,Yes,Delhi,New Delhi,331518,Mass Market,26-35
C001474,Fiyaz Chawla,Male,46,No,No,Telangana,Hyderabad,166480,Value,46-55
C001475,Nachiket Chad,Male,52,No,No,Tamil Nadu,Chennai,362801,Mass Market,46-55
C001476,Dayamai Karnik,Female,69,Yes,No,Karnataka,Mangaluru,889531,Premium,65+
C001477,Bhanumati Savant,Female,55,No,Yes,Gujarat,Surat,543978,Mass Market,46-55
C001478,Karan Vyas,Female,33,No,No,Kerala,Thiruvananthapuram,573415,Mass Market,26-35
C001479,Ayush Banerjee,Female,37,No,Yes,Delhi,New Delhi,66086,Value,36-45
C001480,Eshana Soni,Male,41,No,No,Tamil Nadu,Coimbatore,365046,Value,36-45
C001481,Anita Saxena,Female,52,No,No,Telangana,Warangal,262247,Value,46-55
C001482,Peter Shan,Male,61,Yes,No,Tamil Nadu,Coimbatore,251826,Mass Market,56-65
C001483,Dayita Palan,Male,68,Yes,No,Uttar Pradesh,Agra,350621,Value,65+
C001484,Utkarsh Chakraborty,Male,36,No,No,Gujarat,Surat,840157,High Value,36-45
C001485,Darika Pau,Male,21,No,Yes,West Bengal,Howrah,62981,Premium,18-25
C001486,Abha Dugal,Male,50,No,No,Punjab,Amritsar,997526,Value,46-55
C001487,Advaith Acharya,Male,19,No,Yes,Rajasthan,Udaipur,650836,Value,18-25
C001488,Hemangini Mangat,Female,30,No,Yes,Uttar Pradesh,Lucknow,682140,Mass Market,26-35
C001489,Abhiram Swamy,Male,62,Yes,No,Tamil Nadu,Madurai,373087,Mass Market,56-65
C001490,Chandani Andra,Male,47,No,No,Rajasthan,Udaipur,439039,Mass Market,46-55
C001491,Brinda Kashyap,Male,51,No,No,Delhi,Delhi,920056,Value,46-55
C001492,Kashvi Gulati,Male,47,No,No,Madhya Pradesh,Indore,607024,Premium,46-55
C001493,Rajeshri Rana,Male,68,Yes,No,Uttar Pradesh,Kanpur,485798,Value,65+
C001494,Nihal Ramakrishnan,Male,41,No,Yes,Delhi,New Delhi,132738,Mass Market,36-45
C001495,Thomas Lall,Female,65,Yes,Yes,Kerala,Thiruvananthapuram,522932,Value,56-65
C001496,Pahal Khatri,Female,61,Yes,No,Tamil Nadu,Coimbatore,972540,Mass Market,56-65
C001497,Bhavani Wali,Female,50,No,Yes,Gujarat,Surat,493847,Premium,46-55
C001498,Nitara Guha,Male,58,No,No,Telangana,Hyderabad,431886,Mass Market,56-65
C001499,Qabil Deshpande,Male,66,Yes,No,Rajasthan,Jodhpur,594780,Value,65+
C001500,Indrajit Shah,Female,27,No,No,Madhya Pradesh,Indore,792463,Value,26-35
C001501,Anita Swamy,Male,35,No,No,Karnataka,Mangaluru,698375,Mass Market,26-35
C001502,Ekani Bahl,Male,36,No,Yes,Punjab,Amritsar,504583,Mass Market,36-45
C001503,Chandran Warrior,Male,24,No,No,Tamil Nadu,Chennai,500770,Value,18-25
C001504,Quincy Chaudry,Male,36,No,Yes,Delhi,Delhi,317211,Mass Market,36-45
C001505,Amruta Dass,Male,41,No,No,Karnataka,Mysuru,598043,Value,36-45
C001506,Abhiram Kaul,Male,32,No,Yes,Rajasthan,Udaipur,315696,Premium,26-35
C001507,Matthew Aurora,Female,58,No,No,Punjab,Amritsar,10146,Mass Market,56-65
C001508,Teerth Oommen,Male,59,No,No,Tamil Nadu,Madurai,193352,Value,56-65
C001509,Devika Tara,Female,40,No,No,Karnataka,Mysuru,622609,High Value,36-45
C001510,Ubika Balay,Female,69,Yes,No,Tamil Nadu,Chennai,164266,Value,65+
C001511,Faris Dhingra,Female,69,Yes,No,Uttar Pradesh,Lucknow,316140,High Value,65+
C001512,Amaira Ramanathan,Female,21,No,No,Karnataka,Mysuru,310171,Mass Market,18-25
C001513,Upma Golla,Female,55,No,No,Kerala,Thiruvananthapuram,199457,Premium,46-55
C001514,Zashil Raj,Male,21,No,No,Madhya Pradesh,Bhopal,51995,Value,18-25
C001515,Jairaj Kothari,Male,22,No,No,West Bengal,Kolkata,819005,Premium,18-25
C001516,Saanvi Kota,Male,58,No,No,Rajasthan,Udaipur,735263,Mass Market,56-65
C001517,Rushil Sharma,Female,61,Yes,No,Tamil Nadu,Madurai,951763,Mass Market,56-65
C001518,Sathvik Solanki,Female,40,No,Yes,Karnataka,Mangaluru,241302,Mass Market,36-45
C001519,Devika Naidu,Male,57,No,No,Punjab,Amritsar,867106,High Value,56-65
C001520,Brijesh Verma,Female,70,Yes,No,Gujarat,Vadodara,560249,Value,65+
C001521,Zehaan Srivastava,Male,54,No,No,Kerala,Kochi,357774,High Value,46-55
C001522,Rushil Patel,Female,28,No,No,Karnataka,Mangaluru,490571,Mass Market,26-35
C001523,Tejas Chowdhury,Male,28,No,No,Uttar Pradesh,Agra,532279,Mass Market,26-35
C001524,Radha Nair,Male,30,No,No,Delhi,Delhi,526158,Mass Market,26-35
C001525,Oliver Majumdar,Male,31,No,No,Karnataka,Bengaluru,898916,Value,26-35
C001526,Meghana Kibe,Male,25,No,No,West Bengal,Howrah,171511,Premium,18-25
C001527,Brijesh Soman,Male,42,No,No,Madhya Pradesh,Bhopal,424124,Mass Market,36-45
C001528,Kamya Chakraborty,Male,35,No,No,Rajasthan,Jaipur,546731,High Value,26-35
C001529,Nakul Tata,Female,68,Yes,No,Tamil Nadu,Chennai,717419,Mass Market,65+
C001530,Hamsini Bhasin,Male,61,Yes,Yes,Tamil Nadu,Coimbatore,669545,Value,56-65
C001531,Ishani Dube,Male,61,Yes,No,Tamil Nadu,Coimbatore,857034,Premium,56-65
C001532,Jeremiah Sura,Female,35,No,No,Telangana,Hyderabad,117617,Mass Market,26-35
C001533,Edhitha Palan,Female,27,No,Yes,Uttar Pradesh,Noida,613011,Mass Market,26-35
C001534,Reyansh Bail,Male,24,No,No,Gujarat,Ahmedabad,738318,Mass Market,18-25
C001535,Ishita Desai,Male,67,Yes,No,Kerala,Kochi,720357,Mass Market,65+
C001536,Balveer Sundaram,Male,61,Yes,No,Rajasthan,Jaipur,564001,High Value,56-65
C001537,Chaitaly Suri,Male,31,No,No,Rajasthan,Jodhpur,542607,High Value,26-35
C001538,Rachit Pall,Female,32,No,No,Tamil Nadu,Chennai,411643,Premium,26-35
C001539,Upadhriti Maharaj,Male,33,No,No,Kerala,Kochi,241147,Premium,26-35
C001540,Ekapad Wali,Male,19,No,No,Uttar Pradesh,Kanpur,466248,Mass Market,18-25
C001541,Shivani Merchant,Female,47,No,No,Delhi,New Delhi,230642,Mass Market,46-55
C001542,Jeevika Setty,Male,47,No,No,Rajasthan,Udaipur,168460,Premium,46-55
C001543,Yashawini Raghavan,Female,35,No,No,Karnataka,Mysuru,895159,Value,26-35
C001544,Anirudh Patla,Male,48,No,No,West Bengal,Kolkata,346652,Value,46-55
C001545,Ekani Bhatnagar,Female,61,Yes,Yes,Uttar Pradesh,Noida,746453,Premium,56-65
C001546,Ranveer Viswanathan,Male,65,Yes,No,Punjab,Chandigarh,164950,Value,56-65
C001547,Mitesh Mandal,Female,30,No,No,Tamil Nadu,Madurai,54113,Mass Market,26-35
C001548,Nimrat Nagy,Female,37,No,No,Punjab,Amritsar,134631,Premium,36-45
C001549,Gopal Virk,Male,66,Yes,Yes,Rajasthan,Jaipur,789078,Value,65+
C001550,Caleb Dayal,Female,67,Yes,Yes,Telangana,Warangal,957601,Premium,65+
C001551,Azad Jaggi,Female,52,No,Yes,Maharashtra,Mumbai,41544,Value,46-55
C001552,Vedika Handa,Female,40,No,No,Maharashtra,Nashik,473343,Mass Market,36-45
C001553,Azad Rama,Female,59,No,No,Gujarat,Surat,973697,Mass Market,56-65
C001554,Aahana Bawa,Female,50,No,No,Rajasthan,Udaipur,168525,Premium,46-55
C001555,Timothy Bobal,Male,55,No,No,Madhya Pradesh,Indore,175040,Value,46-55
C001556,Sathvik Swamy,Male,52,No,No,Delhi,Delhi,701185,Value,46-55
C001557,Upadhriti Bhat,Female,68,Yes,Yes,Punjab,Amritsar,897409,Value,65+
C001558,Ojasvi Pillay,Male,53,No,No,Telangana,Warangal,290550,Value,46-55
C001559,Amaira Wadhwa,Female,37,No,No,Karnataka,Mangaluru,792818,Mass Market,36-45
C001560,Ekavir Modi,Female,20,No,No,Uttar Pradesh,Agra,726680,Mass Market,18-25
C001561,Tarak Venkataraman,Male,25,No,No,Karnataka,Bengaluru,399241,Mass Market,18-25
C001562,Harrison Kashyap,Male,57,No,No,Punjab,Amritsar,119540,Mass Market,56-65
C001563,Ranveer Hans,Female,49,No,No,Rajasthan,Jaipur,278908,Value,46-55
C001564,Praneel Sagar,Male,46,No,No,West Bengal,Howrah,683112,Mass Market,46-55
C001565,Ishita Shanker,Female,24,No,No,Maharashtra,Nashik,795928,Mass Market,18-25
C001566,Hemang Ganesan,Male,19,No,No,Rajasthan,Jaipur,233125,Mass Market,18-25
C001567,Neelima Thaman,Female,38,No,Yes,Uttar Pradesh,Kanpur,772503,Mass Market,36-45
C001568,Nakul Walla,Male,23,No,No,Rajasthan,Udaipur,616271,High Value,18-25
C001569,Indira Murty,Female,45,No,No,Madhya Pradesh,Bhopal,134277,Mass Market,36-45
C001570,Kamya Sachar,Male,65,Yes,Yes,Madhya Pradesh,Bhopal,235737,Value,56-65
C001571,Ekiya Khosla,Female,59,No,Yes,Maharashtra,Nagpur,214209,Mass Market,56-65
C001572,Keya Kumar,Male,53,No,Yes,Punjab,Ludhiana,207937,Premium,46-55
C001573,Sneha Sem,Female,49,No,No,Punjab,Amritsar,158719,High Value,46-55
C001574,Aadi Banerjee,Female,62,Yes,No,West Bengal,Howrah,250592,Value,56-65
C001575,Amol Vasa,Male,59,No,Yes,Uttar Pradesh,Noida,309558,Premium,56-65
C001576,Chasmum Ahuja,Male,70,Yes,Yes,Tamil Nadu,Chennai,799364,Mass Market,65+
C001577,Tristan Kala,Male,63,Yes,No,Delhi,New Delhi,737957,Mass Market,56-65
C001578,Anthony Majumdar,Female,26,No,Yes,Rajasthan,Jodhpur,381612,Mass Market,26-35
C001579,Girindra Barad,Female,28,No,Yes,Uttar Pradesh,Lucknow,135111,Mass Market,26-35
C001580,Ishani Dugal,Male,40,No,No,West Bengal,Howrah,301075,Mass Market,36-45
C001581,Alka Peri,Male,67,Yes,No,Kerala,Thiruvananthapuram,502469,Mass Market,65+
C001582,Viraj Kunda,Male,28,No,Yes,Tamil Nadu,Madurai,841232,Value,26-35
C001583,George Ratta,Female,66,Yes,No,Rajasthan,Jaipur,232087,Premium,65+
C001584,Faras Nair,Male,19,No,Yes,Gujarat,Vadodara,857094,Mass Market,18-25
C001585,Oscar Sura,Female,20,No,No,Kerala,Kochi,913708,Mass Market,18-25
C001586,Charita Barad,Male,28,No,Yes,Telangana,Warangal,878379,Value,26-35
C001587,Farhan Bhalla,Female,67,Yes,Yes,Maharashtra,Mumbai,131682,Value,65+
C001588,Ijaya Saraf,Male,52,No,No,Gujarat,Ahmedabad,608099,Mass Market,46-55
C001589,Jai Karan,Male,32,No,No,Rajasthan,Jodhpur,715193,Mass Market,26-35
C001590,Lavanya Bhagat,Female,60,Yes,Yes,Karnataka,Mysuru,784498,Value,56-65
C001591,Benjamin Nagar,Female,28,No,Yes,Kerala,Kochi,803747,Mass Market,26-35
C001592,Eta Thakkar,Female,48,No,No,West Bengal,Howrah,811337,Premium,46-55
C001593,Michael Bedi,Male,45,No,No,Kerala,Kochi,494624,Mass Market,36-45
C001594,Sanaya Thaman,Male,45,No,Yes,West Bengal,Kolkata,540770,Mass Market,36-45
C001595,Tristan Sankaran,Female,49,No,No,Uttar Pradesh,Agra,535588,Value,46-55
C001596,Meera Divan,Female,42,No,Yes,Maharashtra,Nagpur,348118,High Value,36-45
C001597,Gayathri Butala,Male,37,No,No,Tamil Nadu,Chennai,829385,Value,36-45
C001598,Chandran Rastogi,Male,45,No,Yes,Rajasthan,Jodhpur,284779,Mass Market,36-45
C001599,Frederick Rastogi,Male,42,No,No,Karnataka,Bengaluru,587537,Mass Market,36-45
C001600,Kalpit Deshmukh,Female,28,No,Yes,Tamil Nadu,Coimbatore,564153,Value,26-35
C001601,Rudra Sura,Male,36,No,No,Maharashtra,Nagpur,70666,Mass Market,36-45
C001602,Rohan Viswanathan,Male,45,No,No,Uttar Pradesh,Noida,63311,Value,36-45
C001603,Xavier Bora,Male,18,No,No,Telangana,Warangal,611955,Value,18-25
C001604,Qushi Naik,Male,22,No,Yes,Tamil Nadu,Chennai,93731,Mass Market,18-25
C001605,Isaiah Sachdev,Male,27,No,Yes,Karnataka,Mysuru,403779,Mass Market,26-35
C001606,Jasmit Pall,Male,59,No,No,Delhi,New Delhi,703793,Premium,56-65
C001607,Ekani Padmanabhan,Male,63,Yes,Yes,Kerala,Kochi,618920,Value,56-65
C001608,Dalaja Gara,Female,51,No,No,West Bengal,Howrah,458207,Premium,46-55
C001609,Riya Dhingra,Male,53,No,Yes,Punjab,Chandigarh,162474,Mass Market,46-55
C001610,Chaitanya Kaur,Male,19,No,No,Tamil Nadu,Madurai,468473,Value,18-25
C001611,Kashvi Dugal,Female,35,No,No,Punjab,Amritsar,550652,Mass Market,26-35
C001612,Isaiah Bhagat,Female,30,No,No,Madhya Pradesh,Bhopal,536791,Mass Market,26-35
C001613,Manbir Mani,Male,68,Yes,Yes,Karnataka,Bengaluru,72095,Value,65+
C001614,Hemal Choudhry,Male,22,No,Yes,Delhi,New Delhi,890355,Premium,18-25
C001615,Shivani Sinha,Male,37,No,No,Madhya Pradesh,Indore,819968,Mass Market,36-45
C001616,Garima Kadakia,Female,19,No,No,Gujarat,Surat,456578,Premium,18-25
C001617,Samar Virk,Female,28,No,No,Madhya Pradesh,Bhopal,744205,Value,26-35
C001618,Vasudha Dhaliwal,Female,47,No,No,Gujarat,Vadodara,51556,Mass Market,46-55
C001619,Krisha Vyas,Female,49,No,No,Karnataka,Bengaluru,409201,Premium,46-55
C001620,Aadhya Garde,Female,49,No,No,Uttar Pradesh,Agra,759930,Value,46-55
C001621,Bhanumati Iyer,Male,67,Yes,No,Maharashtra,Nashik,134140,Value,65+
C001622,Chatresh Shroff,Male,55,No,No,Karnataka,Mangaluru,806709,Value,46-55
C001623,Ekalinga Rama,Female,45,No,No,Maharashtra,Mumbai,446548,Value,36-45
C001624,Jagvi Chokshi,Female,27,No,No,West Bengal,Kolkata,40,Premium,26-35
C001625,Brinda Raju,Male,39,No,No,Delhi,New Delhi,464549,Mass Market,36-45
C001626,Lajita Trivedi,Female,34,No,No,Punjab,Ludhiana,683487,Mass Market,26-35
C001627,Diya Sundaram,Male,39,No,No,Punjab,Chandigarh,256048,Premium,36-45
C001628,Quincy Issac,Male,60,Yes,No,Kerala,Kochi,466257,Premium,56-65
C001629,Anthony Baral,Male,36,No,No,Telangana,Warangal,13807,Mass Market,36-45
C001630,Dalaja Nath,Male,34,No,Yes,Telangana,Hyderabad,118121,Mass Market,26-35
C001631,Maya Dugar,Female,41,No,Yes,Rajasthan,Jodhpur,525081,Value,36-45
C001632,Idika Pandey,Male,53,No,No,Punjab,Chandigarh,959043,Mass Market,46-55
C001633,Chasmum Keer,Female,49,No,No,Telangana,Warangal,507174,Value,46-55
C001634,David Kurian,Female,63,Yes,Yes,Karnataka,Bengaluru,647763,Mass Market,56-65
C001635,Ayushman Mammen,Female,69,Yes,No,Madhya Pradesh,Indore,32319,Value,65+
C001636,Max Om,Male,53,No,Yes,Kerala,Kochi,670254,Mass Market,46-55
C001637,Laksh Chahal,Male,45,No,Yes,Karnataka,Mysuru,168444,Value,36-45
C001638,Utkarsh Sahni,Male,31,No,No,Tamil Nadu,Madurai,964589,Value,26-35
C001639,Michael Sandhu,Female,53,No,No,Gujarat,Vadodara,441832,Value,46-55
C001640,Forum Sen,Female,23,No,Yes,West Bengal,Howrah,137244,Mass Market,18-25
C001641,Samuel Devi,Male,26,No,No,Tamil Nadu,Chennai,929759,Mass Market,26-35
C001642,Lakshit More,Female,38,No,Yes,West Bengal,Kolkata,448940,Mass Market,36-45
C001643,Qushi Dhillon,Male,29,No,No,Telangana,Warangal,946584,Value,26-35
C001644,Eesha Bir,Female,47,No,Yes,Tamil Nadu,Madurai,392488,Value,46-55
C001645,Qarin Nadkarni,Male,48,No,Yes,Gujarat,Vadodara,807376,Mass Market,46-55
C001646,Ayushman Nagar,Female,57,No,No,Uttar Pradesh,Lucknow,649737,Premium,56-65
C001647,Nisha Mitter,Male,21,No,No,Gujarat,Vadodara,534251,Premium,18-25
C001648,Anusha Doshi,Female,48,No,Yes,Madhya Pradesh,Indore,871628,Value,46-55
C001649,Hredhaan Deep,Female,44,No,No,Punjab,Amritsar,476766,Mass Market,36-45
C001650,Atharv Loke,Female,42,No,Yes,Maharashtra,Pune,91919,Premium,36-45
C001651,Vincent Kashyap,Male,22,No,No,Kerala,Thiruvananthapuram,526425,Premium,18-25
C001652,Jagrati Buch,Male,23,No,Yes,Punjab,Ludhiana,176970,High Value,18-25
C001653,Krish Thakkar,Male,22,No,No,West Bengal,Kolkata,675910,Mass Market,18-25
C001654,Kashvi Gour,Male,68,Yes,No,Punjab,Amritsar,639670,High Value,65+
C001655,Vyanjana Som,Male,44,No,No,Punjab,Ludhiana,477714,Mass Market,36-45
C001656,Nihal Hans,Female,25,No,No,Karnataka,Bengaluru,577025,Value,18-25
C001657,Bachittar Rege,Female,26,No,No,Gujarat,Vadodara,155449,Value,26-35
C001658,Anamika Sachar,Male,32,No,No,Delhi,Delhi,99857,Value,26-35
C001659,Samaksh Jayaraman,Male,53,No,Yes,Kerala,Kochi,256374,Value,46-55
C001660,Peter Sarna,Male,58,No,No,West Bengal,Kolkata,845557,Mass Market,56-65
C001661,Ekta Shankar,Female,24,No,No,Maharashtra,Nagpur,633542,Premium,18-25
C001662,Prisha Ravel,Male,49,No,No,Delhi,New Delhi,509530,Value,46-55
C001663,Lajita Munshi,Female,25,No,No,Uttar Pradesh,Lucknow,277282,High Value,18-25
C001664,Balvan Verma,Male,64,Yes,Yes,Uttar Pradesh,Agra,695887,Mass Market,56-65
C001665,Siya Shan,Female,68,Yes,No,West Bengal,Howrah,894266,Value,65+
C001666,Yatan Venkataraman,Female,32,No,No,Delhi,New Delhi,366980,Value,26-35
C001667,Balveer Ram,Male,54,No,Yes,Tamil Nadu,Madurai,764482,Value,46-55
C001668,Ranveer Manne,Female,36,No,No,Telangana,Warangal,350079,Premium,36-45
C001669,Mitali Modi,Male,56,No,No,Delhi,Delhi,165377,Mass Market,56-65
C001670,Triya Ganesan,Female,23,No,No,Delhi,Delhi,842471,Mass Market,18-25
C001671,Chaitaly Bhagat,Male,36,No,Yes,Madhya Pradesh,Indore,491916,Premium,36-45
C001672,Ubika Seth,Female,45,No,No,Rajasthan,Jodhpur,695072,Value,36-45
C001673,Xiti Chowdhury,Female,34,No,Yes,Tamil Nadu,Chennai,925016,Mass Market,26-35
C001674,Krishna Ramaswamy,Female,59,No,No,Rajasthan,Jodhpur,569780,Value,56-65
C001675,Ekiya Seshadri,Female,36,No,No,Delhi,New Delhi,982307,Value,36-45
C001676,Praneel Setty,Male,48,No,No,Delhi,New Delhi,81334,Value,46-55
C001677,Suhani Chana,Male,28,No,Yes,Punjab,Amritsar,237432,Mass Market,26-35
C001678,Ekiya Gade,Male,32,No,No,Punjab,Amritsar,924941,Value,26-35
C001679,Gavin Comar,Male,27,No,No,Karnataka,Mysuru,169599,Value,26-35
C001680,Janani Chada,Female,60,Yes,Yes,Punjab,Chandigarh,129464,Premium,56-65
C001681,Yasti Dutta,Male,40,No,No,Madhya Pradesh,Indore,311828,Premium,36-45
C001682,Lajita Bassi,Female,20,No,No,Rajasthan,Jodhpur,914659,Value,18-25
C001683,Gautami Doctor,Female,20,No,No,Rajasthan,Udaipur,112033,Mass Market,18-25
C001684,Maanav Gola,Female,35,No,Yes,Karnataka,Mysuru,596669,Mass Market,26-35
C001685,Oni Morar,Male,42,No,Yes,Maharashtra,Pune,239438,Mass Market,36-45
C001686,Sanaya Mani,Female,60,Yes,No,West Bengal,Howrah,754288,Mass Market,56-65
C001687,Jacob Deep,Female,37,No,Yes,Telangana,Warangal,637734,Premium,36-45
C001688,Aarush Kulkarni,Male,46,No,Yes,Karnataka,Mangaluru,30277,Premium,46-55
C001689,Tara Tank,Female,39,No,No,Tamil Nadu,Chennai,179316,Value,36-45
C001690,Abdul Tak,Female,67,Yes,Yes,Kerala,Kochi,505532,Mass Market,65+
C001691,Teerth Soni,Male,32,No,No,Gujarat,Ahmedabad,799244,Mass Market,26-35
C001692,Nimrat Sathe,Male,56,No,No,Maharashtra,Nashik,726877,Premium,56-65
C001693,Abeer Konda,Male,27,No,No,Kerala,Kochi,889491,Premium,26-35
C001694,Sarthak Bawa,Male,38,No,No,Kerala,Thiruvananthapuram,867287,Mass Market,36-45
C001695,Manbir Bhakta,Male,69,Yes,Yes,Uttar Pradesh,Noida,478691,Value,65+
C001696,Balhaar Dhillon,Male,46,No,No,Gujarat,Ahmedabad,407629,Mass Market,46-55
C001697,Chanchal Narula,Male,49,No,No,Karnataka,Bengaluru,965241,Mass Market,46-55
C001698,Chandran Chopra,Male,27,No,No,Maharashtra,Mumbai,731802,Mass Market,26-35
C001699,Pranav Edwin,Female,30,No,No,Uttar Pradesh,Kanpur,404107,Value,26-35
C001700,Peter Shah,Male,64,Yes,No,Delhi,Delhi,912943,Mass Market,56-65
C001701,Balendra Chander,Female,40,No,Yes,Madhya Pradesh,Bhopal,702657,Mass Market,36-45
C001702,Ekantika Pillay,Male,67,Yes,No,Gujarat,Vadodara,496355,Mass Market,65+
C001703,Ekansh Sane,Male,40,No,Yes,Gujarat,Surat,193531,Mass Market,36-45
C001704,Brinda Sinha,Male,48,No,Yes,Kerala,Thiruvananthapuram,15845,Value,46-55
C001705,Jairaj Maharaj,Male,21,No,No,Karnataka,Bengaluru,731370,Mass Market,18-25
C001706,Odika Vohra,Male,69,Yes,No,Punjab,Amritsar,174931,Premium,65+
C001707,Shaurya Bhardwaj,Female,66,Yes,No,Gujarat,Ahmedabad,560730,Mass Market,65+
C001708,Gagan Sule,Male,20,No,Yes,Delhi,Delhi,173733,Mass Market,18-25
C001709,Prisha Nadig,Female,38,No,Yes,Rajasthan,Jodhpur,10149,Mass Market,36-45
C001710,Irya Dayal,Female,70,Yes,Yes,Maharashtra,Mumbai,621892,Mass Market,65+
C001711,Zinal Tank,Male,19,No,Yes,Gujarat,Vadodara,400613,Mass Market,18-25
C001712,Pranit Kaul,Male,21,No,Yes,Maharashtra,Nagpur,549660,Mass Market,18-25
C001713,Rishi Agarwal,Female,18,No,No,Uttar Pradesh,Kanpur,514358,Premium,18-25
C001714,Arjun Shroff,Male,32,No,No,Uttar Pradesh,Lucknow,471180,Value,26-35
C001715,Sarthak Sachdeva,Male,50,No,Yes,Gujarat,Surat,450153,Premium,46-55
C001716,Chakradev Nath,Female,23,No,Yes,Gujarat,Surat,195960,Mass Market,18-25
C001717,Simon Apte,Male,24,No,No,Uttar Pradesh,Agra,769347,Value,18-25
C001718,Baghyawati Kumar,Female,36,No,No,Tamil Nadu,Madurai,966054,Mass Market,36-45
C001719,Darika Mital,Female,61,Yes,No,Uttar Pradesh,Agra,625750,Premium,56-65
C001720,Abeer Comar,Male,18,No,Yes,Tamil Nadu,Coimbatore,224640,High Value,18-25
C001721,Harita Randhawa,Male,56,No,Yes,Telangana,Warangal,948617,Premium,56-65
C001722,Parth Hari,Male,36,No,No,Delhi,New Delhi,418277,Mass Market,36-45
C001723,Hamsini Srinivas,Male,62,Yes,No,Delhi,Delhi,148816,Mass Market,56-65
C001724,Balendra Deshpande,Male,43,No,No,Maharashtra,Nashik,580197,Mass Market,36-45
C001725,Nachiket Sharma,Female,61,Yes,No,Madhya Pradesh,Bhopal,570826,Mass Market,56-65
C001726,Turvi Sachdev,Male,29,No,Yes,Karnataka,Mangaluru,865044,Mass Market,26-35
C001727,Chandani Mutti,Male,39,No,No,Maharashtra,Nagpur,144294,Mass Market,36-45
C001728,Sathvik Narula,Female,30,No,No,Gujarat,Ahmedabad,670880,Mass Market,26-35
C001729,Dominic Dixit,Female,45,No,No,Punjab,Amritsar,15137,Value,36-45
C001730,Azaan Nori,Female,31,No,No,West Bengal,Howrah,268497,Value,26-35
C001731,Noah Ramachandran,Male,39,No,No,Uttar Pradesh,Lucknow,424169,Premium,36-45
C001732,Jackson Morar,Female,47,No,Yes,West Bengal,Howrah,420768,Mass Market,46-55
C001733,Azad Magar,Male,61,Yes,Yes,Telangana,Hyderabad,700681,Mass Market,56-65
C001734,Gabriel Taneja,Male,37,No,No,Telangana,Warangal,365972,Value,36-45
C001735,Kamya Seth,Male,61,Yes,Yes,Rajasthan,Jodhpur,976610,Value,56-65
C001736,Tarak Vohra,Female,44,No,No,Telangana,Hyderabad,417150,Mass Market,36-45
C001737,Parth Choudhury,Male,55,No,No,Maharashtra,Mumbai,760175,Premium,46-55
C001738,Baljiwan Jaggi,Male,59,No,Yes,Uttar Pradesh,Kanpur,800778,Mass Market,56-65
C001739,Sachi Toor,Male,69,Yes,Yes,Karnataka,Mangaluru,284557,Mass Market,65+
C001740,Vasudha Tella,Male,58,No,No,Maharashtra,Nagpur,186770,Value,56-65
C001741,Ranveer Oak,Female,51,No,Yes,Uttar Pradesh,Kanpur,672192,Mass Market,46-55
C001742,Dayita Narang,Female,56,No,Yes,Punjab,Ludhiana,834914,Value,56-65
C001743,Guneet Varty,Female,58,No,Yes,Punjab,Amritsar,92152,Mass Market,56-65
C001744,Samesh Bansal,Male,61,Yes,No,Madhya Pradesh,Bhopal,259783,Mass Market,56-65
C001745,Lila Vig,Male,54,No,Yes,Madhya Pradesh,Indore,674089,High Value,46-55
C001746,Aayush Mukhopadhyay,Male,18,No,No,Tamil Nadu,Madurai,205994,Mass Market,18-25
C001747,Gagan Nath,Male,32,No,No,Kerala,Thiruvananthapuram,769880,Value,26-35
C001748,Chakradhar Chauhan,Male,49,No,Yes,Uttar Pradesh,Kanpur,225620,Mass Market,46-55
C001749,Arin Muni,Female,25,No,Yes,Karnataka,Mysuru,610880,Value,18-25
C001750,Ekani Iyer,Male,50,No,No,Gujarat,Ahmedabad,570162,Mass Market,46-55
C001751,Bhavini Malhotra,Male,35,No,No,Punjab,Amritsar,637035,Premium,26-35
C001752,Ridhi Dalal,Male,62,Yes,Yes,Kerala,Thiruvananthapuram,959151,Premium,56-65
C001753,Manthan Dugar,Male,46,No,Yes,Punjab,Amritsar,761662,Mass Market,46-55
C001754,Ishwar Aurora,Male,49,No,No,Kerala,Thiruvananthapuram,586360,Mass Market,46-55
C001755,Samuel Palla,Female,50,No,No,West Bengal,Howrah,536873,High Value,46-55
C001756,Anika Dhaliwal,Female,22,No,Yes,Tamil Nadu,Madurai,92254,Premium,18-25
C001757,Yash Garg,Female,35,No,No,Kerala,Kochi,80694,Value,26-35
C001758,Deepa Nigam,Male,65,Yes,Yes,Rajasthan,Jaipur,978738,Value,56-65
C001759,Chandresh De,Male,27,No,Yes,Madhya Pradesh,Bhopal,183410,Premium,26-35
C001760,Urishilla Bedi,Male,53,No,Yes,Gujarat,Surat,66584,Mass Market,46-55
C001761,Leela Bhagat,Male,50,No,No,Kerala,Kochi,393004,Value,46-55
C001762,Pooja Ramanathan,Female,40,No,No,Gujarat,Ahmedabad,35608,Value,36-45
C001763,Sanaya Parekh,Male,57,No,No,West Bengal,Kolkata,64937,Premium,56-65
C001764,Gaurangi Hora,Male,22,No,No,Rajasthan,Udaipur,904479,Mass Market,18-25
C001765,Udyati Deep,Male,51,No,No,Kerala,Thiruvananthapuram,583047,Value,46-55
C001766,Upadhriti Chatterjee,Male,41,No,Yes,Delhi,New Delhi,278902,Value,36-45
C001767,Dayita Shroff,Female,34,No,Yes,West Bengal,Kolkata,645130,Premium,26-35
C001768,Vincent Kapur,Male,48,No,No,Uttar Pradesh,Lucknow,501985,Value,46-55
C001769,Aarna Patla,Male,24,No,No,Maharashtra,Pune,547388,Premium,18-25
C001770,Qadim Narayanan,Male,34,No,No,Kerala,Thiruvananthapuram,842740,Premium,26-35
C001771,Sudiksha Sura,Male,45,No,Yes,Maharashtra,Nagpur,282850,Value,36-45
C001772,Dhruv Soman,Female,55,No,Yes,West Bengal,Howrah,255320,Mass Market,46-55
C001773,Indali Srinivas,Female,39,No,No,Tamil Nadu,Madurai,285155,Value,36-45
C001774,Onkar Mandal,Female,32,No,Yes,Maharashtra,Mumbai,135247,Premium,26-35
C001775,Joshua Trivedi,Female,54,No,No,Maharashtra,Pune,178875,Mass Market,46-55
C001776,Nidra Chhabra,Male,32,No,No,Delhi,Delhi,513918,Value,26-35
C001777,Ekavir Mittal,Female,67,Yes,Yes,Punjab,Ludhiana,180514,Mass Market,65+
C001778,Nandini Sachdev,Male,67,Yes,Yes,Madhya Pradesh,Bhopal,200740,Mass Market,65+
C001779,Yagnesh Dutt,Male,42,No,Yes,Uttar Pradesh,Agra,515699,Value,36-45
C001780,Leena Bhatti,Female,70,Yes,Yes,Kerala,Kochi,327692,Value,65+
C001781,Sathvik Sankar,Male,38,No,No,Kerala,Kochi,899473,Value,36-45
C001782,Hema Keer,Female,55,No,Yes,Karnataka,Mangaluru,930925,Premium,46-55
C001783,Faras Sur,Male,19,No,Yes,Uttar Pradesh,Kanpur,390605,Mass Market,18-25
C001784,Ubika Nanda,Female,44,No,No,Gujarat,Surat,360712,Mass Market,36-45
C001785,Sai Goda,Female,66,Yes,No,Madhya Pradesh,Bhopal,137394,Premium,65+
C001786,Nidra Boase,Female,49,No,No,Gujarat,Vadodara,258193,Value,46-55
C001787,Ladli Narang,Female,38,No,No,West Bengal,Howrah,694364,Mass Market,36-45
C001788,Darsh Chana,Female,21,No,No,Madhya Pradesh,Indore,653145,Premium,18-25
C001789,Liam Acharya,Male,61,Yes,Yes,Punjab,Chandigarh,568150,Premium,56-65
C001790,Manthan Sethi,Male,36,No,No,Rajasthan,Jaipur,146318,Value,36-45
C001791,Madhavi Sekhon,Male,19,No,No,Punjab,Amritsar,989763,Premium,18-25
C001792,Samesh Nadig,Female,43,No,Yes,Karnataka,Bengaluru,23042,Mass Market,36-45
C001793,Daksha Saran,Male,51,No,No,Rajasthan,Jodhpur,338831,Mass Market,46-55
C001794,Gaurav Anand,Female,31,No,No,Gujarat,Vadodara,25092,Premium,26-35
C001795,Joshua Menon,Male,32,No,No,Gujarat,Surat,40043,Value,26-35
C001796,Kala Bera,Male,37,No,Yes,Punjab,Amritsar,668470,Mass Market,36-45
C001797,Jagrati Choudhary,Female,51,No,Yes,Karnataka,Bengaluru,260275,Value,46-55
C001798,Azaan Keer,Male,53,No,No,Gujarat,Surat,896636,Value,46-55
C001799,Meera Nadkarni,Male,36,No,No,Punjab,Ludhiana,537380,Mass Market,36-45
C001800,Nidra Raj,Male,26,No,Yes,Rajasthan,Udaipur,330970,Value,26-35
C001801,Siddharth Ghose,Female,24,No,No,West Bengal,Howrah,998247,Mass Market,18-25
C001802,Liam Guha,Female,47,No,Yes,Madhya Pradesh,Indore,75186,Mass Market,46-55
C001803,Jagvi Sahni,Male,30,No,Yes,Madhya Pradesh,Bhopal,109863,Value,26-35
C001804,Bhavya Dass,Male,44,No,No,West Bengal,Howrah,782816,Mass Market,36-45
C001805,Advay Bora,Male,61,Yes,Yes,Karnataka,Bengaluru,6688,Mass Market,56-65
C001806,Maanas Sur,Female,52,No,Yes,Madhya Pradesh,Indore,279042,Premium,46-55
C001807,Laban Chad,Female,30,No,Yes,Karnataka,Bengaluru,284658,Value,26-35
C001808,Ojasvi Shah,Male,32,No,No,Tamil Nadu,Chennai,681792,Value,26-35
C001809,Pranit Sha,Male,63,Yes,Yes,Kerala,Thiruvananthapuram,419979,Mass Market,56-65
C001810,Shivani Rajagopalan,Male,26,No,No,Tamil Nadu,Chennai,31080,Mass Market,26-35
C001811,Upkaar Grewal,Female,62,Yes,No,Uttar Pradesh,Agra,480985,Value,56-65
C001812,Abhimanyu Tara,Female,40,No,No,Uttar Pradesh,Lucknow,487890,Mass Market,36-45
C001813,Yachana Luthra,Male,53,No,Yes,Madhya Pradesh,Bhopal,833465,Value,46-55
C001814,Jeevika Bandi,Male,70,Yes,No,Tamil Nadu,Madurai,726021,Value,65+
C001815,Vasudha Pillay,Male,57,No,Yes,Kerala,Thiruvananthapuram,180666,Value,56-65
C001816,Vasatika Buch,Female,20,No,No,Tamil Nadu,Madurai,59974,Mass Market,18-25
C001817,Ati Shroff,Male,51,No,No,Gujarat,Ahmedabad,87803,Mass Market,46-55
C001818,Gaurang Korpal,Female,36,No,Yes,Rajasthan,Udaipur,825371,High Value,36-45
C001819,Faras Zacharia,Female,45,No,No,Gujarat,Vadodara,688704,High Value,36-45
C001820,Chatresh Oza,Male,40,No,Yes,Punjab,Ludhiana,557813,Value,36-45
C001821,Upasna Setty,Male,57,No,Yes,Kerala,Thiruvananthapuram,314217,Premium,56-65
C001822,Garima Sama,Male,66,Yes,Yes,Gujarat,Ahmedabad,624799,Value,65+
C001823,Chaitaly Mann,Female,62,Yes,No,Uttar Pradesh,Noida,433178,Mass Market,56-65
C001824,Balendra Modi,Female,24,No,Yes,Maharashtra,Nagpur,730597,Mass Market,18-25
C001825,Darsh Solanki,Female,58,No,Yes,Telangana,Hyderabad,620840,Mass Market,56-65
C001826,Charan Manne,Male,29,No,Yes,Madhya Pradesh,Indore,846401,Value,26-35
C001827,Bhavini Sundaram,Male,31,No,No,Madhya Pradesh,Indore,774662,Value,26-35
C001828,Jonathan Tiwari,Female,63,Yes,No,Kerala,Kochi,997856,High Value,56-65
C001829,Arunima Krishnan,Female,32,No,Yes,Delhi,New Delhi,255424,Premium,26-35
C001830,Avni Maharaj,Male,20,No,Yes,Uttar Pradesh,Agra,866729,Premium,18-25
C001831,Akshay Choudhury,Female,32,No,No,Karnataka,Bengaluru,990722,Premium,26-35
C001832,Matthew Sekhon,Female,68,Yes,No,Madhya Pradesh,Bhopal,794060,Premium,65+
C001833,Parth Lal,Female,41,No,No,Punjab,Amritsar,541382,Mass Market,36-45
C001834,Vedhika Golla,Female,69,Yes,No,Delhi,Delhi,386883,Mass Market,65+
C001835,Hemal Chad,Female,63,Yes,Yes,Rajasthan,Jodhpur,923898,Value,56-65
C001836,Mitesh Tandon,Female,25,No,No,Telangana,Hyderabad,225468,Value,18-25
C001837,Leela Khanna,Male,22,No,Yes,Punjab,Amritsar,296610,Mass Market,18-25
C001838,Oliver Kade,Male,68,Yes,No,Delhi,New Delhi,565748,Premium,65+
C001839,Chatura Lalla,Female,21,No,Yes,Telangana,Hyderabad,843714,High Value,18-25
C001840,Charles Ganesh,Male,31,No,No,West Bengal,Howrah,627350,Value,26-35
C001841,Mohini Soni,Male,33,No,Yes,West Bengal,Howrah,1266,Value,26-35
C001842,Vamakshi Walia,Male,37,No,Yes,Maharashtra,Nashik,609614,Premium,36-45
C001843,Ladli Ramakrishnan,Male,41,No,No,Kerala,Thiruvananthapuram,910091,Mass Market,36-45
C001844,Adweta Dhillon,Female,23,No,No,Kerala,Thiruvananthapuram,659545,Mass Market,18-25
C001845,Advik Mani,Female,48,No,No,Maharashtra,Mumbai,300178,Premium,46-55
C001846,Lavanya Mutti,Male,23,No,No,Karnataka,Bengaluru,627420,Premium,18-25
C001847,Gunbir Wali,Male,52,No,No,Delhi,Delhi,225898,Value,46-55
C001848,Rachana Mahajan,Male,32,No,Yes,Karnataka,Mangaluru,307321,Premium,26-35
C001849,Anamika Loke,Female,46,No,No,Telangana,Hyderabad,656910,Mass Market,46-55
C001850,Aadhya Raman,Female,20,No,No,West Bengal,Howrah,86117,Value,18-25
C001851,Wyatt Hayer,Male,28,No,No,Delhi,Delhi,340250,Value,26-35
C001852,Pranit Munshi,Female,20,No,No,West Bengal,Howrah,642276,Mass Market,18-25
C001853,Abhiram Bir,Female,45,No,No,Tamil Nadu,Chennai,349465,Mass Market,36-45
C001854,Nisha Chaudhari,Female,27,No,No,Rajasthan,Udaipur,650534,High Value,26-35
C001855,Sanaya Panchal,Female,67,Yes,Yes,Rajasthan,Udaipur,741160,Mass Market,65+
C001856,Bhanumati Krishnamurthy,Male,50,No,Yes,Tamil Nadu,Madurai,859538,Mass Market,46-55
C001857,Bahadurjit Bajwa,Female,65,Yes,Yes,Madhya Pradesh,Indore,559875,Value,56-65
C001858,Dakshesh Kalla,Male,33,No,No,Rajasthan,Jaipur,41552,Mass Market,26-35
C001859,Jagdish Chadha,Female,27,No,Yes,Kerala,Thiruvananthapuram,301643,Premium,26-35
C001860,Keya Goyal,Female,50,No,Yes,Uttar Pradesh,Lucknow,329774,Mass Market,46-55
C001861,Qarin Kulkarni,Female,53,No,Yes,West Bengal,Kolkata,433294,Value,46-55
C001862,Unni Borra,Female,20,No,No,Gujarat,Vadodara,786740,Mass Market,18-25
C001863,Aradhana Sane,Male,22,No,No,West Bengal,Kolkata,772464,Premium,18-25
C001864,Aarini Edwin,Male,29,No,Yes,West Bengal,Howrah,283419,Value,26-35
C001865,Aradhana Bhatia,Female,61,Yes,No,Karnataka,Bengaluru,671009,Mass Market,56-65
C001866,Lipika Natarajan,Female,30,No,No,Gujarat,Ahmedabad,844298,High Value,26-35
C001867,Aarna Lanka,Male,41,No,Yes,Gujarat,Surat,993164,Mass Market,36-45
C001868,Ridhi Boase,Male,61,Yes,No,Punjab,Amritsar,128265,Value,56-65
C001869,Sai Ramaswamy,Male,49,No,No,Uttar Pradesh,Noida,970248,High Value,46-55
C001870,Vyanjana Chopra,Female,33,No,Yes,Maharashtra,Nagpur,55799,Value,26-35
C001871,Raagini Kamdar,Female,49,No,Yes,West Bengal,Howrah,584345,Premium,46-55
C001872,Riya Lad,Male,62,Yes,No,Maharashtra,Mumbai,512343,Mass Market,56-65
C001873,Bakhshi Bora,Male,54,No,No,Madhya Pradesh,Bhopal,407080,Mass Market,46-55
C001874,Zashil Sehgal,Female,53,No,Yes,Telangana,Hyderabad,313959,Mass Market,46-55
C001875,Widisha Dixit,Female,38,No,No,West Bengal,Howrah,357845,High Value,36-45
C001876,Baljiwan Ramakrishnan,Male,64,Yes,No,Gujarat,Ahmedabad,731282,High Value,56-65
C001877,Max Narayan,Female,29,No,No,Gujarat,Vadodara,112642,Mass Market,26-35
C001878,Aarush Varma,Male,68,Yes,Yes,Tamil Nadu,Coimbatore,815447,Mass Market,65+
C001879,Vanya Sarin,Male,38,No,No,Punjab,Amritsar,770705,Mass Market,36-45
C001880,Ekaraj Zachariah,Female,68,Yes,Yes,West Bengal,Kolkata,709506,Mass Market,65+
C001881,Aarush Rajagopalan,Female,38,No,No,Uttar Pradesh,Noida,632762,Mass Market,36-45
C001882,Jairaj Wason,Female,60,Yes,No,Gujarat,Vadodara,326572,Premium,56-65
C001883,Gauri Mitter,Female,70,Yes,No,Madhya Pradesh,Indore,798047,Premium,65+
C001884,Christopher Chana,Female,23,No,Yes,West Bengal,Kolkata,789379,Premium,18-25
C001885,Harini Buch,Male,26,No,No,Uttar Pradesh,Kanpur,752399,Value,26-35
C001886,Bimala Jain,Male,18,No,No,West Bengal,Kolkata,369184,Premium,18-25
C001887,Balveer Rajagopalan,Male,29,No,No,Gujarat,Ahmedabad,441983,Premium,26-35
C001888,Chandani Ramakrishnan,Male,31,No,Yes,Karnataka,Bengaluru,792826,Value,26-35
C001889,Jagrati Sur,Female,23,No,No,Maharashtra,Mumbai,901651,Mass Market,18-25
C001890,Raksha Gupta,Female,18,No,Yes,Madhya Pradesh,Bhopal,995274,Mass Market,18-25
C001891,Balendra Hans,Male,39,No,No,Uttar Pradesh,Noida,871553,Value,36-45
C001892,William Suresh,Male,51,No,No,West Bengal,Howrah,317931,High Value,46-55
C001893,Dev Zachariah,Female,28,No,No,Karnataka,Mangaluru,475619,Value,26-35
C001894,Xalak Walla,Male,20,No,Yes,Madhya Pradesh,Indore,176502,High Value,18-25
C001895,Amol Bansal,Female,59,No,No,Uttar Pradesh,Agra,278,Mass Market,56-65
C001896,Daksh Nazareth,Female,23,No,No,Karnataka,Mangaluru,499587,Premium,18-25
C001897,Nidra Dani,Female,23,No,Yes,Karnataka,Mangaluru,51253,Premium,18-25
C001898,Tara Yadav,Male,37,No,No,West Bengal,Howrah,631905,Value,36-45
C001899,Viraj Bora,Male,38,No,No,Delhi,Delhi,769328,High Value,36-45
C001900,Lohit Suresh,Female,19,No,No,Madhya Pradesh,Bhopal,927462,Value,18-25
C001901,Urishilla Bath,Female,43,No,No,West Bengal,Kolkata,689753,Mass Market,36-45
C001902,Kalpit Atwal,Male,48,No,No,West Bengal,Howrah,152438,Mass Market,46-55
C001903,Chandresh Mohanty,Female,43,No,No,Maharashtra,Nagpur,207579,Value,36-45
C001904,Tanmayi Garde,Male,49,No,Yes,Madhya Pradesh,Bhopal,144494,High Value,46-55
C001905,Hitesh Comar,Female,27,No,Yes,Punjab,Chandigarh,996459,Mass Market,26-35
C001906,Thomas Bhatnagar,Male,40,No,No,Delhi,New Delhi,243840,Value,36-45
C001907,Pooja Nazareth,Female,23,No,No,Tamil Nadu,Chennai,771573,Premium,18-25
C001908,Ekta Dara,Male,40,No,Yes,Telangana,Warangal,850705,Mass Market,36-45
C001909,Ekanta Kala,Male,45,No,Yes,Karnataka,Mysuru,825110,Mass Market,36-45
C001910,Oscar Nayak,Male,66,Yes,Yes,Madhya Pradesh,Bhopal,186720,Mass Market,65+
C001911,Jai Mahal,Male,47,No,No,Punjab,Ludhiana,591445,Mass Market,46-55
C001912,Ojasvi Ganguly,Female,31,No,Yes,Rajasthan,Jaipur,619667,Mass Market,26-35
C001913,Nitesh Sarna,Female,54,No,No,West Bengal,Howrah,15043,Mass Market,46-55
C001914,Banjeet Deol,Male,49,No,Yes,Uttar Pradesh,Noida,10265,Mass Market,46-55
C001915,Krisha Dugar,Male,66,Yes,No,Karnataka,Mysuru,764756,Value,65+
C001916,Vidhi Buch,Female,51,No,No,Madhya Pradesh,Bhopal,573297,Value,46-55
C001917,Abhimanyu Gola,Female,58,No,No,Maharashtra,Nagpur,410506,Premium,56-65
C001918,Bhanumati Saha,Female,61,Yes,Yes,Uttar Pradesh,Agra,902330,Value,56-65
C001919,Jonathan Jhaveri,Male,68,Yes,No,Uttar Pradesh,Noida,621470,High Value,65+
C001920,Anika Virk,Male,39,No,Yes,Kerala,Thiruvananthapuram,165373,Premium,36-45
C001921,Nisha Khare,Female,48,No,Yes,Kerala,Kochi,534289,High Value,46-55
C001922,Baljiwan Gole,Male,24,No,No,Maharashtra,Nagpur,781629,Mass Market,18-25
C001923,Gaurang Mitra,Female,58,No,No,Rajasthan,Jaipur,96150,Premium,56-65
C001924,Omya Agrawal,Male,38,No,No,Madhya Pradesh,Bhopal,106616,Premium,36-45
C001925,Rehaan Dalal,Female,33,No,No,Maharashtra,Mumbai,367059,Mass Market,26-35
C001926,Janaki Zacharia,Male,37,No,No,Gujarat,Surat,411797,Mass Market,36-45
C001927,Ucchal Joshi,Female,60,Yes,Yes,Uttar Pradesh,Agra,963199,Value,56-65
C001928,Chatresh Hari,Male,61,Yes,No,Karnataka,Bengaluru,670996,Mass Market,56-65
C001929,Manthan Som,Female,64,Yes,No,Gujarat,Ahmedabad,874961,Mass Market,56-65
C001930,Patrick Dutta,Male,67,Yes,No,Karnataka,Bengaluru,298308,Value,65+
C001931,Chatura Patla,Female,36,No,No,Punjab,Chandigarh,884779,Value,36-45
C001932,Shaurya Saran,Female,65,Yes,No,Tamil Nadu,Coimbatore,437596,High Value,56-65
C001933,Gaurika Setty,Female,49,No,No,Punjab,Ludhiana,862748,Value,46-55
C001934,Hemang Ben,Female,32,No,No,West Bengal,Howrah,300971,Value,26-35
C001935,Nakul Balakrishnan,Female,22,No,Yes,Punjab,Chandigarh,475950,Mass Market,18-25
C001936,Yutika D’Alia,Female,28,No,No,Madhya Pradesh,Indore,336721,Value,26-35
C001937,Wahab Saxena,Male,32,No,No,Kerala,Thiruvananthapuram,567814,Value,26-35
C001938,Oni Issac,Female,46,No,No,Telangana,Warangal,828246,Premium,46-55
C001939,Victor Choudhary,Male,67,Yes,Yes,Telangana,Hyderabad,913716,Mass Market,65+
C001940,Vedant Chaudhari,Male,62,Yes,No,West Bengal,Kolkata,94231,Value,56-65
C001941,Nitara Iyengar,Male,21,No,No,Tamil Nadu,Coimbatore,963781,Value,18-25
C001942,Thomas Borah,Male,66,Yes,No,Maharashtra,Nashik,191518,Premium,65+
C001943,Vedhika Bhagat,Female,53,No,Yes,Punjab,Ludhiana,369004,High Value,46-55
C001944,Maanav Kalita,Female,65,Yes,No,Madhya Pradesh,Bhopal,904644,Mass Market,56-65
C001945,Pranav Ram,Female,40,No,No,Kerala,Thiruvananthapuram,58151,Value,36-45
C001946,Laban Shankar,Male,32,No,Yes,Delhi,New Delhi,942789,Premium,26-35
C001947,Jagrati Madan,Male,63,Yes,Yes,Gujarat,Ahmedabad,192689,Premium,56-65
C001948,Gautami Datta,Male,61,Yes,No,Kerala,Thiruvananthapuram,98606,Value,56-65
C001949,Darpan Mand,Male,20,No,No,Uttar Pradesh,Agra,441666,Mass Market,18-25
C001950,Indrajit Shroff,Male,49,No,Yes,West Bengal,Kolkata,177294,Mass Market,46-55
C001951,Omya Garg,Male,27,No,No,Telangana,Hyderabad,67080,Value,26-35
C001952,Thomas Merchant,Male,57,No,Yes,Kerala,Thiruvananthapuram,858240,Value,56-65
C001953,Onkar Karpe,Female,55,No,No,Kerala,Kochi,977957,Mass Market,46-55
C001954,Nisha Vig,Female,39,No,Yes,Delhi,New Delhi,400303,Mass Market,36-45
C001955,Tarak Solanki,Female,31,No,Yes,Telangana,Warangal,518617,Value,26-35
C001956,Arya Atwal,Female,34,No,No,Tamil Nadu,Coimbatore,989622,High Value,26-35
C001957,Yatin Kota,Female,38,No,Yes,Delhi,Delhi,947641,High Value,36-45
C001958,Radha Kapadia,Male,68,Yes,No,Maharashtra,Nagpur,958325,Value,65+
C001959,Abdul Sahni,Female,65,Yes,No,Telangana,Hyderabad,990102,Premium,56-65
C001960,Banjeet Singhal,Female,32,No,No,Punjab,Chandigarh,334922,Mass Market,26-35
C001961,Pavani Wali,Male,32,No,No,Gujarat,Surat,770859,Value,26-35
C001962,Varenya Chaudhari,Male,18,No,No,Maharashtra,Pune,268239,Mass Market,18-25
C001963,Warhi Khosla,Female,41,No,Yes,Maharashtra,Nagpur,543448,Premium,36-45
C001964,Advik Ray,Male,29,No,Yes,Uttar Pradesh,Kanpur,138011,High Value,26-35
C001965,Kevin Parmer,Female,27,No,No,Tamil Nadu,Coimbatore,576941,Premium,26-35
C001966,William Chana,Female,63,Yes,Yes,Delhi,Delhi,139855,Value,56-65
C001967,Varsha Mody,Male,59,No,No,Punjab,Chandigarh,237508,Premium,56-65
C001968,Tripti Bajwa,Male,59,No,No,Delhi,Delhi,973175,High Value,56-65
C001969,Ubika Devi,Male,69,Yes,Yes,Telangana,Hyderabad,523243,Mass Market,65+
C001970,Qasim Prabhakar,Male,48,No,No,Punjab,Amritsar,213957,Premium,46-55
C001971,Aarav Bobal,Male,28,No,Yes,Delhi,New Delhi,562807,Mass Market,26-35
C001972,Gaurangi Wali,Female,33,No,No,Telangana,Warangal,350064,Premium,26-35
C001973,Chaman Sandhu,Male,26,No,No,Punjab,Amritsar,580482,Mass Market,26-35
C001974,Sarthak Buch,Male,64,Yes,No,Gujarat,Surat,78286,Mass Market,56-65
C001975,Christopher Varma,Male,31,No,Yes,West Bengal,Kolkata,558729,Premium,26-35
C001976,Charan Choudhry,Female,36,No,No,Gujarat,Surat,706258,Mass Market,36-45
C001977,Jasmit Shroff,Male,48,No,Yes,Telangana,Warangal,360805,Mass Market,46-55
C001978,Jasmit Peri,Male,26,No,No,Madhya Pradesh,Bhopal,822623,Value,26-35
C001979,Ekalinga Jayaraman,Female,53,No,No,Karnataka,Mangaluru,675011,Premium,46-55
C001980,Gaurika Khare,Female,70,Yes,No,Telangana,Hyderabad,327034,Mass Market,65+
C001981,Vanya Kadakia,Male,56,No,No,Kerala,Kochi,477568,Premium,56-65
C001982,Ekani Pandit,Female,43,No,No,Tamil Nadu,Chennai,371379,Premium,36-45
C001983,Yahvi Sampath,Male,25,No,Yes,Telangana,Warangal,80538,Value,18-25
C001984,Chatura Bhatnagar,Male,41,No,Yes,Karnataka,Mysuru,898122,Value,36-45
C001985,Hemani Sethi,Male,25,No,No,Maharashtra,Nagpur,965753,Mass Market,18-25
C001986,Yachana Vyas,Male,36,No,Yes,Karnataka,Mangaluru,644512,Mass Market,36-45
C001987,Upma Wali,Female,64,Yes,No,Punjab,Ludhiana,622208,Mass Market,56-65
C001988,Siya Pillai,Male,65,Yes,No,Tamil Nadu,Chennai,464429,Mass Market,56-65
C001989,Raghav Shankar,Male,47,No,No,Gujarat,Ahmedabad,138071,Mass Market,46-55
C001990,Faris Raman,Female,39,No,No,Kerala,Thiruvananthapuram,69939,Mass Market,36-45
C001991,Bhavya Bose,Female,26,No,No,Telangana,Hyderabad,510683,Premium,26-35
C001992,Nitesh Majumdar,Male,61,Yes,No,Maharashtra,Mumbai,921629,Value,56-65
C001993,Manbir Taneja,Female,65,Yes,No,Madhya Pradesh,Indore,42785,High Value,56-65
C001994,Samarth Verma,Male,21,No,No,West Bengal,Kolkata,103630,Mass Market,18-25
C001995,Chaaya Saha,Female,54,No,No,Uttar Pradesh,Kanpur,695625,Mass Market,46-55
C001996,Urvi Palan,Female,25,No,No,Gujarat,Surat,969412,Value,18-25
C001997,Sachi Bail,Female,18,No,No,Gujarat,Vadodara,528889,Mass Market,18-25
C001998,Ranbir Bhatnagar,Male,45,No,No,Uttar Pradesh,Agra,888608,Premium,36-45
C001999,Vincent Venkatesh,Male,23,No,Yes,Telangana,Hyderabad,107149,Value,18-25
C002000,Nisha Oza,Male,64,Yes,Yes,Tamil Nadu,Madurai,360368,Value,56-65
C002001,Vedika Wagle,Male,53,No,No,Tamil Nadu,Madurai,858844,Mass Market,46-55
C002002,Tanvi Modi,Male,70,Yes,No,Kerala,Kochi,372132,Mass Market,65+
C002003,Damini Garg,Female,28,No,Yes,Tamil Nadu,Coimbatore,776383,Value,26-35
C002004,Utkarsh Sule,Male,22,No,No,Rajasthan,Udaipur,918043,Mass Market,18-25
C002005,Bhavya Batta,Male,67,Yes,No,Punjab,Ludhiana,309797,Mass Market,65+
C002006,Ira Mane,Female,41,No,No,Maharashtra,Pune,684218,Value,36-45
C002007,Ojas Dyal,Male,64,Yes,No,Madhya Pradesh,Bhopal,801874,Mass Market,56-65
C002008,Qabil Gill,Female,35,No,Yes,Punjab,Amritsar,291311,Premium,26-35
C002009,Neel Khanna,Male,37,No,No,Madhya Pradesh,Bhopal,659746,Mass Market,36-45
C002010,Benjamin Nadig,Male,45,No,No,Punjab,Amritsar,302312,Mass Market,36-45
C002011,Ridhi Lad,Male,30,No,No,Karnataka,Mysuru,781704,Mass Market,26-35
C002012,Qarin Jha,Male,22,No,Yes,Rajasthan,Udaipur,327588,Mass Market,18-25
C002013,Edhitha Padmanabhan,Female,47,No,Yes,Punjab,Amritsar,185920,Mass Market,46-55
C002014,Kashish Sen,Male,18,No,No,Uttar Pradesh,Agra,304165,Mass Market,18-25
C002015,Charvi Dara,Male,39,No,Yes,Delhi,Delhi,726189,Mass Market,36-45
C002016,Nidhi Tata,Male,35,No,No,Kerala,Thiruvananthapuram,95310,Mass Market,26-35
C002017,Tara Nagarajan,Male,63,Yes,No,Telangana,Hyderabad,179251,Premium,56-65
C002018,Aayush Tripathi,Female,22,No,No,Rajasthan,Jodhpur,622380,Premium,18-25
C002019,Chakrika Som,Male,48,No,No,Tamil Nadu,Coimbatore,370209,Mass Market,46-55
C002020,Manan Sathe,Female,23,No,No,Maharashtra,Mumbai,940146,Mass Market,18-25
C002021,Isaiah Srinivas,Female,44,No,No,Gujarat,Surat,136077,Value,36-45
C002022,Liam Dada,Female,42,No,No,Uttar Pradesh,Kanpur,720450,Premium,36-45
C002023,Aryan Ratti,Female,46,No,No,Uttar Pradesh,Lucknow,635333,High Value,46-55
C002024,Sanaya Parikh,Male,45,No,No,Punjab,Amritsar,16262,Mass Market,36-45
C002025,Eta Bhakta,Male,33,No,No,Maharashtra,Nashik,104946,Value,26-35
C002026,Tristan Mall,Male,70,Yes,No,Telangana,Warangal,730515,Premium,65+
C002027,Arin Chacko,Female,29,No,Yes,Maharashtra,Pune,332096,Premium,26-35
C002028,Gagan Vala,Female,37,No,No,West Bengal,Kolkata,309240,Mass Market,36-45
C002029,Robert Swaminathan,Male,35,No,No,Karnataka,Mangaluru,413596,Value,26-35
C002030,Yasti Bhalla,Female,51,No,No,Delhi,Delhi,533903,Mass Market,46-55
C002031,Mitali Divan,Male,70,Yes,No,Rajasthan,Jaipur,385743,Mass Market,65+
C002032,Kala Raju,Female,40,No,No,Uttar Pradesh,Agra,919580,Value,36-45
C002033,Advik Mane,Male,62,Yes,No,West Bengal,Kolkata,84162,Mass Market,56-65
C002034,Indali Morar,Female,44,No,No,Gujarat,Vadodara,750146,Premium,36-45
C002035,Gagan Kale,Female,66,Yes,No,Madhya Pradesh,Indore,146500,Premium,65+
C002036,Ojasvi Savant,Male,34,No,No,Punjab,Chandigarh,945584,Premium,26-35
C002037,Nihal Samra,Male,65,Yes,Yes,Gujarat,Vadodara,420181,Mass Market,56-65
C002038,Liam Chadha,Male,38,No,No,Uttar Pradesh,Lucknow,232016,Mass Market,36-45
C002039,Sarthak Mitter,Male,67,Yes,No,Tamil Nadu,Chennai,198890,Mass Market,65+
C002040,Gautami Bhatti,Male,57,No,No,Tamil Nadu,Chennai,91750,Value,56-65
C002041,Gaurang Ahuja,Female,48,No,Yes,Delhi,Delhi,519267,Value,46-55
C002042,Anjali Sachdeva,Female,20,No,Yes,Gujarat,Surat,504616,Mass Market,18-25
C002043,Turvi Devan,Male,34,No,No,Kerala,Thiruvananthapuram,284396,Value,26-35
C002044,Quincy Raj,Male,67,Yes,Yes,Kerala,Kochi,688720,Value,65+
C002045,Vritti Basak,Female,43,No,No,Kerala,Thiruvananthapuram,48710,Mass Market,36-45
C002046,Daksha Tak,Female,40,No,No,Gujarat,Vadodara,653476,Value,36-45
C002047,Udarsh Bala,Male,23,No,No,Gujarat,Ahmedabad,144271,Value,18-25
C002048,Mitesh Lala,Female,45,No,Yes,Telangana,Warangal,453145,Premium,36-45
C002049,Urmi Dash,Male,25,No,No,Punjab,Amritsar,508002,Value,18-25
C002050,Omisha Gola,Male,62,Yes,No,West Bengal,Howrah,695473,Mass Market,56-65
C002051,Yash Balakrishnan,Male,25,No,No,Uttar Pradesh,Lucknow,642729,Value,18-25
C002052,Aradhana Tailor,Male,36,No,No,Maharashtra,Pune,361090,Premium,36-45
C002053,Janaki Srivastava,Male,55,No,No,Karnataka,Mangaluru,450814,Mass Market,46-55
C002054,Aarna Soni,Female,46,No,Yes,Madhya Pradesh,Indore,470236,Premium,46-55
C002055,Kashvi Vala,Female,40,No,No,Uttar Pradesh,Kanpur,741706,Mass Market,36-45
C002056,Aashi Gaba,Female,64,Yes,No,Tamil Nadu,Madurai,225255,Value,56-65
C002057,Madhav Nagarajan,Male,49,No,No,Gujarat,Surat,134176,High Value,46-55
C002058,Krishna Parikh,Male,27,No,No,Rajasthan,Udaipur,280954,Value,26-35
C002059,Chatresh Mahajan,Female,44,No,No,Uttar Pradesh,Agra,754016,Value,36-45
C002060,Oni Parekh,Male,66,Yes,Yes,Rajasthan,Jodhpur,790584,Mass Market,65+
C002061,Bimala Manne,Male,18,No,No,Karnataka,Bengaluru,817393,Mass Market,18-25
C002062,Yoshita Hari,Male,56,No,No,Madhya Pradesh,Bhopal,969108,Value,56-65
C002063,Girindra Ganesh,Female,46,No,No,Maharashtra,Nagpur,965612,Value,46-55
C002064,Diya Mitra,Male,62,Yes,No,Punjab,Amritsar,646467,Mass Market,56-65
C002065,Janani Char,Male,20,No,No,Kerala,Thiruvananthapuram,478562,High Value,18-25
C002066,Maanas Arya,Female,68,Yes,No,Tamil Nadu,Madurai,84501,Mass Market,65+
C002067,Zarna Manda,Male,64,Yes,No,West Bengal,Howrah,399925,Value,56-65
C002068,Vedhika Sabharwal,Male,54,No,Yes,Delhi,Delhi,99286,Value,46-55
C002069,Nicholas Chaudry,Male,48,No,No,Maharashtra,Pune,28551,Value,46-55
C002070,Mohammed Thakur,Male,28,No,No,Telangana,Hyderabad,382552,Value,26-35
C002071,Raghav Vora,Female,39,No,No,Karnataka,Mysuru,328659,Mass Market,36-45
C002072,Omisha Sharma,Male,35,No,Yes,Telangana,Warangal,819805,High Value,26-35
C002073,Jackson Deep,Male,52,No,No,Maharashtra,Pune,839053,Value,46-55
C002074,Varsha Pall,Female,23,No,Yes,Delhi,Delhi,673083,Value,18-25
C002075,Janani Dewan,Female,20,No,No,Maharashtra,Nagpur,388401,Value,18-25
C002076,Hema Gera,Female,22,No,No,Karnataka,Mangaluru,776921,Mass Market,18-25
C002077,Ayush Dani,Male,26,No,No,Telangana,Hyderabad,50719,Premium,26-35
C002078,Kabir Dhar,Male,45,No,No,Maharashtra,Nashik,95744,Value,36-45
C002079,Damyanti Dass,Female,36,No,No,Gujarat,Surat,406914,Value,36-45
C002080,Kalpit Brar,Female,45,No,No,Delhi,Delhi,876738,Premium,36-45
C002081,Isaac Brahmbhatt,Male,44,No,Yes,Madhya Pradesh,Bhopal,315567,Premium,36-45
C002082,Veda Sankar,Male,30,No,Yes,Kerala,Thiruvananthapuram,959792,Mass Market,26-35
C002083,Ronith Chokshi,Male,55,No,Yes,Punjab,Ludhiana,263273,Premium,46-55
C002084,Yochana Bhargava,Female,60,Yes,No,Tamil Nadu,Chennai,437039,Mass Market,56-65
C002085,Jagat Kulkarni,Male,70,Yes,No,Rajasthan,Udaipur,905665,Value,65+
C002086,Dominic Mitra,Male,38,No,Yes,Kerala,Thiruvananthapuram,413430,Mass Market,36-45
C002087,Gopal Dasgupta,Male,44,No,Yes,Telangana,Warangal,683298,Mass Market,36-45
C002088,Ryan Goyal,Female,63,Yes,No,Tamil Nadu,Coimbatore,681605,Mass Market,56-65
C002089,Ayush Chana,Female,23,No,No,Uttar Pradesh,Noida,917024,Mass Market,18-25
C002090,Arunima Pall,Male,55,No,Yes,Delhi,Delhi,363743,Mass Market,46-55
C002091,Naveen Tella,Female,66,Yes,No,Kerala,Kochi,380131,Value,65+
C002092,Yashasvi Bir,Female,28,No,Yes,Kerala,Thiruvananthapuram,341357,Mass Market,26-35
C002093,Akshay Wadhwa,Male,64,Yes,Yes,Delhi,New Delhi,682611,Premium,56-65
C002094,Rehaan Manda,Male,58,No,Yes,Gujarat,Surat,476207,Mass Market,56-65
C002095,Aayush Chaudhary,Male,70,Yes,No,Gujarat,Surat,478735,Mass Market,65+
C002096,Yamini Soman,Female,34,No,Yes,Karnataka,Mangaluru,145564,Value,26-35
C002097,Qasim Sarraf,Female,56,No,Yes,Kerala,Thiruvananthapuram,311688,Mass Market,56-65
C002098,Pratyush Pant,Female,24,No,Yes,Uttar Pradesh,Agra,926637,Mass Market,18-25
C002099,Panini Kala,Female,47,No,No,Maharashtra,Pune,88943,High Value,46-55
C002100,Nikita Chowdhury,Male,38,No,Yes,Kerala,Kochi,14857,Mass Market,36-45
C002101,Jatin Shukla,Female,18,No,Yes,Karnataka,Mangaluru,656088,Premium,18-25
C002102,Zinal Deshpande,Male,42,No,No,Rajasthan,Jodhpur,418902,Mass Market,36-45
C002103,Jalsa Mani,Male,49,No,Yes,Rajasthan,Udaipur,462882,Premium,46-55
C002104,Fitan Narang,Female,25,No,No,Telangana,Warangal,173460,Mass Market,18-25
C002105,Jack Rajan,Female,22,No,Yes,Rajasthan,Jaipur,363149,High Value,18-25
C002106,Tanmayi Muni,Male,47,No,Yes,Punjab,Chandigarh,181372,Mass Market,46-55
C002107,Upkaar Reddy,Female,68,Yes,No,Madhya Pradesh,Indore,938045,Mass Market,65+
C002108,Priya Gulati,Female,25,No,Yes,Rajasthan,Jaipur,308349,Value,18-25
C002109,Vamakshi Pillai,Male,66,Yes,Yes,Maharashtra,Mumbai,164764,Value,65+
C002110,Agastya Swamy,Female,36,No,No,Karnataka,Mangaluru,738681,Mass Market,36-45
C002111,Meghana Sarma,Male,61,Yes,No,Maharashtra,Pune,372278,Mass Market,56-65
C002112,Jagdish Dhar,Male,47,No,No,Delhi,New Delhi,815539,Premium,46-55
C002113,Nandini Chaudry,Male,32,No,No,Telangana,Hyderabad,588302,Mass Market,26-35
C002114,Dhruv Patla,Female,53,No,No,Karnataka,Bengaluru,367160,Value,46-55
C002115,Hamsini Iyer,Female,61,Yes,No,Punjab,Ludhiana,384178,Value,56-65
C002116,Jason Kaul,Male,44,No,No,Gujarat,Surat,602874,Value,36-45
C002117,Xalak Mallick,Male,30,No,No,Kerala,Thiruvananthapuram,726488,Mass Market,26-35
C002118,Mugdha Parekh,Female,31,No,Yes,Kerala,Kochi,50391,Value,26-35
C002119,Nidhi Sundaram,Male,54,No,Yes,Tamil Nadu,Madurai,781288,Mass Market,46-55
C002120,Manan Sha,Female,65,Yes,No,Tamil Nadu,Chennai,793985,Mass Market,56-65
C002121,Jason Krishna,Female,47,No,No,Madhya Pradesh,Indore,82278,Value,46-55
C002122,Widisha Kashyap,Male,56,No,No,West Bengal,Kolkata,469539,High Value,56-65
C002123,Ayushman Chaudhary,Female,64,Yes,No,West Bengal,Howrah,369823,Mass Market,56-65
C002124,Ekansh Tara,Male,30,No,No,Uttar Pradesh,Agra,72486,Mass Market,26-35
C002125,Praneel Raja,Female,33,No,No,Rajasthan,Jodhpur,156230,Value,26-35
C002126,Michael Mitter,Female,61,Yes,No,Karnataka,Mangaluru,780194,Mass Market,56-65
C002127,Faraj Venkatesh,Female,24,No,No,Delhi,New Delhi,701412,Value,18-25
C002128,Unnati Jaggi,Male,65,Yes,Yes,Maharashtra,Nagpur,447120,High Value,56-65
C002129,Widisha Swaminathan,Female,44,No,No,Madhya Pradesh,Bhopal,624874,High Value,36-45
C002130,Hemal Zachariah,Male,62,Yes,No,Gujarat,Surat,623788,Mass Market,56-65
C002131,Azad Sani,Male,52,No,No,Telangana,Hyderabad,173277,Value,46-55
C002132,Leela Sengupta,Male,32,No,Yes,Karnataka,Bengaluru,63951,High Value,26-35
C002133,Krisha Savant,Female,45,No,No,Punjab,Amritsar,689906,Mass Market,36-45
C002134,Balendra Bali,Male,52,No,Yes,Punjab,Amritsar,741698,Value,46-55
C002135,Chavvi Gala,Female,24,No,Yes,Delhi,New Delhi,366337,Mass Market,18-25
C002136,Raagini Desai,Female,67,Yes,No,Delhi,New Delhi,618453,Mass Market,65+
C002137,Lopa Sura,Male,63,Yes,Yes,Punjab,Chandigarh,777785,High Value,56-65
C002138,Vritti Zacharia,Female,67,Yes,Yes,Telangana,Warangal,945836,Premium,65+
C002139,Vamakshi Dugar,Male,68,Yes,Yes,Maharashtra,Pune,883744,Mass Market,65+
C002140,Mahika Lall,Female,63,Yes,No,Gujarat,Ahmedabad,396042,Premium,56-65
C002141,Krishna Pandit,Female,37,No,Yes,Madhya Pradesh,Bhopal,450256,Value,36-45
C002142,Ekani Bhat,Male,49,No,No,Punjab,Ludhiana,21782,Premium,46-55
C002143,Chakradev Dave,Female,55,No,No,Tamil Nadu,Chennai,988161,Mass Market,46-55
C002144,Ikshita Bala,Male,57,No,No,Madhya Pradesh,Bhopal,376329,Mass Market,56-65
C002145,Lajita Chatterjee,Male,49,No,No,Uttar Pradesh,Lucknow,38043,Mass Market,46-55
C002146,Hemani Parikh,Female,43,No,No,Delhi,New Delhi,412698,Value,36-45
C002147,Indali Bhalla,Male,56,No,Yes,Uttar Pradesh,Kanpur,865510,Mass Market,56-65
C002148,Yug Keer,Male,37,No,Yes,Uttar Pradesh,Lucknow,199707,Mass Market,36-45
C002149,Frado Bhatti,Male,35,No,No,Madhya Pradesh,Bhopal,931329,High Value,26-35
C002150,Ishwar Nazareth,Female,67,Yes,No,Uttar Pradesh,Kanpur,27594,High Value,65+
C002151,Anmol Yohannan,Male,32,No,Yes,Madhya Pradesh,Bhopal,501657,Value,26-35
C002152,Baljiwan Sharma,Male,69,Yes,Yes,Madhya Pradesh,Bhopal,557486,Premium,65+
C002153,Yutika Sama,Female,39,No,No,Telangana,Hyderabad,281070,High Value,36-45
C002154,Anmol Singh,Female,68,Yes,No,Tamil Nadu,Madurai,605573,Value,65+
C002155,Edhitha Purohit,Male,39,No,No,Rajasthan,Jodhpur,109600,Value,36-45
C002156,Ekantika Chaudhari,Male,70,Yes,No,Rajasthan,Jodhpur,616153,Premium,65+
C002157,Harish Jha,Male,38,No,No,Maharashtra,Pune,766024,Value,36-45
C002158,Watika Thakkar,Male,19,No,No,Madhya Pradesh,Indore,569791,Mass Market,18-25
C002159,Ojas Mistry,Male,57,No,No,Maharashtra,Nagpur,433697,Mass Market,56-65
C002160,Rajata Jaggi,Female,70,Yes,No,Madhya Pradesh,Indore,755460,Value,65+
C002161,Faqid Wason,Female,60,Yes,No,Gujarat,Vadodara,834260,High Value,56-65
C002162,Bhavna Lanka,Female,35,No,Yes,West Bengal,Howrah,338824,Value,26-35
C002163,Chameli Ratti,Male,40,No,Yes,Delhi,Delhi,966081,Premium,36-45
C002164,George Chandran,Female,30,No,No,Delhi,New Delhi,588041,Premium,26-35
C002165,Anjali Bhavsar,Male,58,No,No,Tamil Nadu,Chennai,36348,Mass Market,56-65
C002166,Prisha Kadakia,Female,26,No,Yes,Uttar Pradesh,Kanpur,451261,Premium,26-35
C002167,Faraj Mittal,Female,66,Yes,Yes,Tamil Nadu,Coimbatore,790229,Mass Market,65+
C002168,Rachita Zacharia,Male,24,No,No,Rajasthan,Udaipur,94431,Value,18-25
C002169,Ryan Sachdeva,Female,58,No,No,Rajasthan,Udaipur,134557,Premium,56-65
C002170,Zayan Varma,Male,18,No,Yes,Tamil Nadu,Chennai,72566,Value,18-25
C002171,Pranit Bahl,Female,19,No,Yes,Rajasthan,Jaipur,230636,Premium,18-25
C002172,Xalak Kala,Male,21,No,No,Rajasthan,Udaipur,783715,Mass Market,18-25
C002173,Amrita Walia,Male,31,No,Yes,Tamil Nadu,Madurai,41367,Premium,26-35
C002174,Darpan Vig,Female,49,No,No,Tamil Nadu,Coimbatore,767959,Mass Market,46-55
C002175,Janya Shere,Male,53,No,Yes,Telangana,Warangal,224967,Value,46-55
C002176,Wridesh Dora,Female,19,No,Yes,Maharashtra,Nagpur,719675,Value,18-25
C002177,Radhika Roy,Male,57,No,Yes,Uttar Pradesh,Lucknow,791209,Value,56-65
C002178,Devansh Jani,Female,67,Yes,Yes,Delhi,Delhi,540289,Mass Market,65+
C002179,Amara Mangat,Female,68,Yes,Yes,Maharashtra,Mumbai,438826,Mass Market,65+
C002180,Aahana Keer,Male,31,No,Yes,Gujarat,Ahmedabad,694136,Value,26-35
C002181,William Comar,Male,37,No,No,Tamil Nadu,Chennai,748868,Value,36-45
C002182,Rehaan Bala,Male,42,No,Yes,Punjab,Ludhiana,908786,Value,36-45
C002183,Dayita Shetty,Male,59,No,No,Maharashtra,Nagpur,914183,Value,56-65
C002184,Rajata Sami,Male,66,Yes,Yes,West Bengal,Kolkata,909490,High Value,65+
C002185,Saksham Dutta,Female,25,No,No,West Bengal,Kolkata,447427,High Value,18-25
C002186,Laban Balakrishnan,Female,45,No,Yes,Karnataka,Mysuru,725445,Mass Market,36-45
C002187,Arunima Goda,Female,63,Yes,Yes,Rajasthan,Jodhpur,786109,Mass Market,56-65
C002188,Vedika Bahri,Female,38,No,No,Gujarat,Ahmedabad,472874,Value,36-45
C002189,Fiyaz Murthy,Female,40,No,No,Telangana,Warangal,751939,Mass Market,36-45
C002190,Devansh Ray,Female,49,No,No,Madhya Pradesh,Bhopal,460378,Mass Market,46-55
C002191,Gautam Ranganathan,Male,25,No,No,Madhya Pradesh,Bhopal,803568,Mass Market,18-25
C002192,Warinder Choudhury,Female,48,No,No,Madhya Pradesh,Bhopal,85877,Mass Market,46-55
C002193,Zayan Taneja,Female,54,No,No,Kerala,Kochi,75013,Value,46-55
C002194,Wazir Das,Female,33,No,No,Karnataka,Mysuru,925679,Mass Market,26-35
C002195,Forum Ramakrishnan,Male,57,No,No,Maharashtra,Nagpur,463177,Mass Market,56-65
C002196,Pallavi Kamdar,Male,59,No,No,Delhi,New Delhi,862667,Premium,56-65
C002197,Hredhaan Gill,Male,44,No,No,Delhi,New Delhi,163386,Premium,36-45
C002198,Anvi Sarraf,Female,57,No,Yes,Punjab,Amritsar,813032,Premium,56-65
C002199,Aachal Bhalla,Male,58,No,Yes,Tamil Nadu,Chennai,249864,Mass Market,56-65
C002200,Kavya Chowdhury,Male,35,No,No,Telangana,Warangal,946654,Mass Market,26-35
C002201,Pallavi Soman,Female,52,No,No,Delhi,Delhi,705364,Mass Market,46-55
C002202,Arunima Dhillon,Male,66,Yes,No,Punjab,Chandigarh,349541,Mass Market,65+
C002203,Vaishnavi Pillai,Male,69,Yes,No,Uttar Pradesh,Agra,176208,Mass Market,65+
C002204,Ansh Banerjee,Male,32,No,Yes,West Bengal,Howrah,128934,Premium,26-35
C002205,Wriddhish Kulkarni,Female,70,Yes,Yes,Rajasthan,Udaipur,800920,High Value,65+
C002206,Dayamai Patil,Female,44,No,Yes,Rajasthan,Jaipur,365045,Premium,36-45
C002207,Warjas Savant,Male,34,No,No,Delhi,Delhi,869690,Premium,26-35
C002208,Abhiram Ramaswamy,Female,57,No,No,Tamil Nadu,Coimbatore,192331,Value,56-65
C002209,Charvi Chana,Male,19,No,Yes,Karnataka,Mangaluru,240415,Premium,18-25
C002210,Chameli Kade,Female,66,Yes,No,Madhya Pradesh,Indore,584276,High Value,65+
C002211,Reva Nadig,Female,67,Yes,Yes,Uttar Pradesh,Noida,127793,Value,65+
C002212,Bahadurjit Mahal,Female,48,No,Yes,Uttar Pradesh,Noida,335694,Mass Market,46-55
C002213,Vyanjana Sinha,Male,54,No,No,Gujarat,Surat,18445,Mass Market,46-55
C002214,Gaurangi Sami,Female,58,No,Yes,Telangana,Hyderabad,661629,Value,56-65
C002215,Naveen Lal,Female,58,No,No,Rajasthan,Jodhpur,64103,Mass Market,56-65
C002216,Indira Salvi,Male,51,No,No,Tamil Nadu,Madurai,841732,High Value,46-55
C002217,Sudiksha Bala,Female,51,No,No,Karnataka,Mangaluru,523465,Value,46-55
C002218,Qarin Sawhney,Male,68,Yes,Yes,Punjab,Ludhiana,461203,Value,65+
C002219,Aarush Rattan,Female,20,No,No,Rajasthan,Jodhpur,672644,Mass Market,18-25
C002220,Dalaja Murthy,Male,34,No,No,Kerala,Thiruvananthapuram,198928,Value,26-35
C002221,Indrajit Dugar,Female,31,No,No,Gujarat,Vadodara,435354,Value,26-35
C002222,Zaitra De,Male,31,No,No,Tamil Nadu,Madurai,562860,Premium,26-35
C002223,Ekaja Seth,Male,63,Yes,Yes,Maharashtra,Pune,813847,Mass Market,56-65
C002224,Kiaan Lad,Male,55,No,Yes,Karnataka,Bengaluru,134074,High Value,46-55
C002225,Falak Manda,Male,52,No,No,West Bengal,Kolkata,850582,Value,46-55
C002226,Frado Sachdeva,Male,18,No,No,Karnataka,Mangaluru,55465,Value,18-25
C002227,Qabil Ramaswamy,Male,65,Yes,Yes,Maharashtra,Nashik,206906,High Value,56-65
C002228,Udarsh Bail,Female,46,No,Yes,Rajasthan,Udaipur,195973,High Value,46-55
C002229,Veer Chakraborty,Male,21,No,No,West Bengal,Howrah,253031,Mass Market,18-25
C002230,Rushil Lala,Male,50,No,Yes,Tamil Nadu,Chennai,846439,Premium,46-55
C002231,Chandran Rattan,Female,34,No,Yes,Kerala,Kochi,428054,Mass Market,26-35
C002232,Abha Dixit,Male,45,No,Yes,Madhya Pradesh,Indore,92319,Value,36-45
C002233,Jhalak Garde,Female,67,Yes,Yes,Tamil Nadu,Madurai,78730,Mass Market,65+
C002234,Akshay Vora,Female,43,No,No,Gujarat,Vadodara,390034,Value,36-45
C002235,Sudiksha Talwar,Female,25,No,Yes,West Bengal,Kolkata,292620,Value,18-25
C002236,Udarsh Jani,Female,51,No,Yes,Karnataka,Mangaluru,555628,Value,46-55
C002237,Amaira Mani,Female,35,No,Yes,Punjab,Amritsar,975657,Value,26-35
C002238,Lavanya De,Male,48,No,Yes,Kerala,Kochi,393994,Value,46-55
C002239,Samuel Kale,Male,44,No,No,Kerala,Kochi,109518,Mass Market,36-45
C002240,Ranbir Sahota,Male,33,No,Yes,Telangana,Warangal,787828,Premium,26-35
C002241,Nilima Dhingra,Female,27,No,No,Maharashtra,Nashik,957283,Value,26-35
C002242,Bina Lala,Male,57,No,Yes,West Bengal,Kolkata,830189,Value,56-65
C002243,Shravya Kothari,Female,29,No,Yes,Madhya Pradesh,Indore,598460,High Value,26-35
C002244,Tara Chada,Female,39,No,Yes,Delhi,Delhi,456256,Mass Market,36-45
C002245,Upasna Deol,Female,33,No,Yes,West Bengal,Kolkata,32718,Value,26-35
C002246,Mitali Kala,Male,29,No,No,Gujarat,Vadodara,587509,Value,26-35
C002247,Pallavi Kunda,Male,28,No,No,Telangana,Warangal,207520,Mass Market,26-35
C002248,Girish Bhargava,Female,37,No,No,Punjab,Chandigarh,690743,Mass Market,36-45
C002249,Gaurangi Keer,Female,68,Yes,Yes,Delhi,Delhi,648477,Premium,65+
C002250,Irya Bath,Male,18,No,Yes,West Bengal,Kolkata,920244,Mass Market,18-25
C002251,Zehaan Thaman,Male,44,No,Yes,West Bengal,Howrah,73197,Value,36-45
C002252,Chasmum Rana,Female,20,No,No,Tamil Nadu,Coimbatore,890112,Value,18-25
C002253,Kevin Barman,Female,29,No,Yes,Uttar Pradesh,Lucknow,367291,Value,26-35
C002254,Abha Gara,Female,47,No,No,Karnataka,Mangaluru,942616,Premium,46-55
C002255,Harinakshi Sidhu,Female,26,No,Yes,Uttar Pradesh,Agra,647107,Premium,26-35
C002256,Gaurav Nadig,Female,70,Yes,Yes,Tamil Nadu,Madurai,527565,Mass Market,65+
C002257,Lucky Lad,Male,54,No,No,Delhi,Delhi,83130,Premium,46-55
C002258,Dhriti Basu,Male,18,No,No,Uttar Pradesh,Lucknow,161832,Premium,18-25
C002259,Xalak Mand,Male,59,No,No,Maharashtra,Nashik,529007,Mass Market,56-65
C002260,Qushi Mandal,Male,66,Yes,No,Maharashtra,Nagpur,166430,High Value,65+
C002261,Aishani Varughese,Female,21,No,No,West Bengal,Kolkata,42831,Premium,18-25
C002262,Rajata Gala,Female,32,No,Yes,Karnataka,Mangaluru,723246,Mass Market,26-35
C002263,Vyanjana Dora,Female,68,Yes,No,Rajasthan,Jaipur,471060,Value,65+
C002264,Chatresh Gulati,Male,44,No,Yes,West Bengal,Kolkata,67377,Premium,36-45
C002265,Chatura Karpe,Female,25,No,No,Punjab,Chandigarh,141810,Value,18-25
C002266,Balendra Singhal,Female,40,No,No,West Bengal,Howrah,729084,Premium,36-45
C002267,Nihal Sibal,Female,32,No,No,Maharashtra,Nagpur,980117,Value,26-35
C002268,Jack Talwar,Female,44,No,No,Maharashtra,Mumbai,564765,Value,36-45
C002269,Riya Parikh,Male,48,No,No,Kerala,Kochi,757903,Mass Market,46-55
C002270,Tanvi Tailor,Male,56,No,Yes,Delhi,New Delhi,675947,Value,56-65
C002271,Manbir Dasgupta,Male,64,Yes,Yes,Delhi,Delhi,99993,Value,56-65
C002272,Girik Jani,Male,25,No,Yes,Punjab,Chandigarh,848652,Premium,18-25
C002273,Pranit Ganguly,Male,47,No,No,Tamil Nadu,Coimbatore,80453,Value,46-55
C002274,Simon Agrawal,Female,59,No,No,Uttar Pradesh,Agra,430498,Mass Market,56-65
C002275,Omaja Bose,Female,35,No,Yes,West Bengal,Kolkata,70002,Mass Market,26-35
C002276,Wishi Chandra,Female,21,No,Yes,Delhi,New Delhi,755475,Value,18-25
C002277,Atharv Mane,Female,64,Yes,No,Tamil Nadu,Madurai,964163,Premium,56-65
C002278,Meera Prakash,Male,60,Yes,No,Tamil Nadu,Madurai,511723,Premium,56-65
C002279,Ekiya Dube,Female,39,No,No,Rajasthan,Udaipur,358217,Value,36-45
C002280,Finn Sharma,Male,20,No,Yes,Uttar Pradesh,Agra,633080,Mass Market,18-25
C002281,Sudiksha Luthra,Male,32,No,No,Rajasthan,Jodhpur,808861,Mass Market,26-35
C002282,Forum Bassi,Male,52,No,No,Delhi,Delhi,258044,Mass Market,46-55
C002283,Ekta Dayal,Male,64,Yes,Yes,Telangana,Warangal,65772,Premium,56-65
C002284,Chanakya Mandal,Male,55,No,No,Delhi,Delhi,127168,Mass Market,46-55
C002285,Christopher Bobal,Male,50,No,No,Gujarat,Surat,98176,Value,46-55
C002286,George Rastogi,Male,31,No,Yes,Telangana,Hyderabad,352152,Value,26-35
C002287,Pranav Khatri,Female,65,Yes,No,West Bengal,Kolkata,737110,High Value,56-65
C002288,Gaurav Bail,Male,18,No,No,Delhi,Delhi,68686,High Value,18-25
C002289,Nicholas Rama,Male,70,Yes,No,Uttar Pradesh,Lucknow,641473,High Value,65+
C002290,Bhavani Dube,Male,66,Yes,Yes,Tamil Nadu,Chennai,946895,Premium,65+
C002291,Chanchal Swaminathan,Female,43,No,No,Maharashtra,Nashik,742525,Premium,36-45
C002292,Dayita Deep,Male,25,No,Yes,Kerala,Kochi,768997,Premium,18-25
C002293,Gopal Pillai,Male,67,Yes,No,Punjab,Amritsar,395166,Premium,65+
C002294,Vrishti Sehgal,Male,33,No,No,Karnataka,Bengaluru,323701,High Value,26-35
C002295,Vamakshi Loyal,Male,55,No,Yes,Telangana,Hyderabad,95071,Value,46-55
C002296,Gautam Sami,Male,27,No,Yes,Karnataka,Bengaluru,199632,Value,26-35
C002297,Quincy Saraf,Male,59,No,No,Gujarat,Surat,47725,Value,56-65
C002298,Girik Baria,Male,54,No,No,Gujarat,Surat,115953,Value,46-55
C002299,Ubika Kapur,Male,43,No,No,Madhya Pradesh,Bhopal,841629,Premium,36-45
C002300,Warhi Vyas,Male,45,No,No,Punjab,Amritsar,628815,Premium,36-45
C002301,Bina Sidhu,Female,29,No,No,West Bengal,Howrah,603098,Value,26-35
C002302,Fariq Sridhar,Female,37,No,No,Uttar Pradesh,Noida,518343,Mass Market,36-45
C002303,Manthan Datta,Male,66,Yes,Yes,Madhya Pradesh,Indore,936356,High Value,65+
C002304,Yuvraj Virk,Male,31,No,Yes,Uttar Pradesh,Agra,877934,Mass Market,26-35
C002305,Chakrika Batta,Female,63,Yes,No,West Bengal,Howrah,244167,Mass Market,56-65
C002306,Chakradev Varghese,Male,52,No,No,Punjab,Chandigarh,218743,Premium,46-55
C002307,Yashvi Sandal,Male,46,No,Yes,Maharashtra,Nagpur,964742,Mass Market,46-55
C002308,Girindra Shetty,Female,29,No,No,Karnataka,Bengaluru,268348,Mass Market,26-35
C002309,Isha Kumar,Male,69,Yes,No,Tamil Nadu,Madurai,92951,Mass Market,65+
C002310,Yahvi Babu,Male,35,No,Yes,Madhya Pradesh,Indore,289084,Mass Market,26-35
C002311,Turvi Gola,Male,61,Yes,No,Kerala,Kochi,482627,Value,56-65
C002312,Maya Bath,Female,19,No,No,Punjab,Amritsar,331258,Mass Market,18-25
C002313,Omaja Mishra,Male,19,No,Yes,Gujarat,Surat,287663,Value,18-25
C002314,Suhani Sengupta,Female,34,No,Yes,Gujarat,Vadodara,41974,Mass Market,26-35
C002315,Harita Grover,Female,27,No,No,Tamil Nadu,Chennai,765224,Premium,26-35
C002316,Qasim Brar,Male,35,No,No,Gujarat,Ahmedabad,968516,Mass Market,26-35
C002317,Hitesh Saraf,Male,39,No,Yes,Uttar Pradesh,Noida,175171,Mass Market,36-45
C002318,Abdul Rana,Male,36,No,Yes,Maharashtra,Mumbai,528454,Mass Market,36-45
C002319,Agastya Garg,Male,70,Yes,Yes,Maharashtra,Mumbai,50057,Value,65+
C002320,Triveni Ravel,Male,18,No,No,Uttar Pradesh,Lucknow,580766,Value,18-25
C002321,Chavvi Patel,Female,41,No,Yes,Rajasthan,Jodhpur,878413,Value,36-45
C002322,Chasmum Chahal,Female,53,No,Yes,Uttar Pradesh,Lucknow,127607,High Value,46-55
C002323,Krishna Atwal,Female,42,No,No,West Bengal,Kolkata,359482,High Value,36-45
C002324,Isaac Babu,Male,53,No,No,Madhya Pradesh,Indore,452488,Value,46-55
C002325,Avi Kadakia,Female,48,No,No,Gujarat,Surat,603534,Mass Market,46-55
C002326,Maanav Khurana,Female,48,No,Yes,Uttar Pradesh,Agra,765461,Value,46-55
C002327,Rayaan Chadha,Female,19,No,No,Delhi,New Delhi,119101,Mass Market,18-25
C002328,Ubika Divan,Male,36,No,No,Telangana,Hyderabad,739129,Premium,36-45
C002329,Pahal Bains,Female,70,Yes,No,Delhi,New Delhi,584480,Mass Market,65+
C002330,Ojas Dua,Male,29,No,No,Gujarat,Ahmedabad,277127,Premium,26-35
C002331,Vedhika Sinha,Male,27,No,Yes,Maharashtra,Nagpur,156853,High Value,26-35
C002332,Shivani Kibe,Male,48,No,No,West Bengal,Kolkata,917447,Value,46-55
C002333,Chaitaly Ramanathan,Female,62,Yes,No,West Bengal,Howrah,80308,Value,56-65
C002334,Gauri Anand,Female,39,No,No,West Bengal,Howrah,290641,Value,36-45
C002335,Rachana Sagar,Male,40,No,No,Telangana,Hyderabad,584029,Mass Market,36-45
C002336,Bina Bansal,Male,69,Yes,No,Rajasthan,Jodhpur,764526,High Value,65+
C002337,Mugdha Sunder,Male,40,No,No,Tamil Nadu,Chennai,872802,Value,36-45
C002338,Vincent Bhat,Male,32,No,No,Delhi,New Delhi,865626,Mass Market,26-35
C002339,Pahal Mutti,Male,43,No,No,Tamil Nadu,Coimbatore,80598,Premium,36-45
C002340,Amrita Sahni,Male,20,No,No,Kerala,Thiruvananthapuram,188800,Mass Market,18-25
C002341,Jackson Talwar,Female,40,No,No,Madhya Pradesh,Bhopal,5378,Mass Market,36-45
C002342,Saumya Sarin,Male,37,No,No,Uttar Pradesh,Lucknow,868722,Value,36-45
C002343,Neel Mani,Male,62,Yes,Yes,Madhya Pradesh,Indore,307108,Value,56-65
C002344,Upasna Padmanabhan,Male,57,No,Yes,Maharashtra,Nashik,692239,Value,56-65
C002345,Vincent Tripathi,Female,56,No,No,Punjab,Amritsar,662154,Value,56-65
C002346,Harinakshi Sidhu,Female,25,No,No,Delhi,Delhi,519807,Mass Market,18-25
C002347,Chaaya Ramakrishnan,Female,35,No,No,Madhya Pradesh,Indore,272929,Value,26-35
C002348,Jagvi Sodhi,Male,58,No,Yes,Rajasthan,Jodhpur,286358,Mass Market,56-65
C002349,Sarthak Mandal,Female,23,No,No,Tamil Nadu,Madurai,492638,High Value,18-25
C002350,Vasudha Dayal,Male,44,No,Yes,Kerala,Thiruvananthapuram,495591,Mass Market,36-45
C002351,Ryan Dugar,Female,53,No,No,Uttar Pradesh,Kanpur,923355,Mass Market,46-55
C002352,Harrison Sagar,Female,32,No,Yes,Gujarat,Vadodara,728346,High Value,26-35
C002353,Chavvi Keer,Female,54,No,Yes,Rajasthan,Jodhpur,891619,High Value,46-55
C002354,Champak Badami,Female,22,No,Yes,Kerala,Thiruvananthapuram,558753,Premium,18-25
C002355,Advika Parikh,Female,56,No,No,Maharashtra,Pune,296149,Mass Market,56-65
C002356,Owen Thakur,Male,26,No,Yes,Uttar Pradesh,Kanpur,941679,Value,26-35
C002357,Devansh Nazareth,Female,24,No,Yes,Uttar Pradesh,Agra,202798,Value,18-25
C002358,Ishaan Karan,Male,58,No,Yes,Karnataka,Bengaluru,454811,Premium,56-65
C002359,Udarsh Sur,Male,37,No,Yes,Maharashtra,Nashik,728458,Mass Market,36-45
C002360,Harini Pant,Male,27,No,No,Rajasthan,Jaipur,874940,Mass Market,26-35
C002361,Amara Dora,Male,43,No,Yes,Rajasthan,Jaipur,926288,Value,36-45
C002362,Chandresh Sarma,Male,21,No,Yes,Kerala,Thiruvananthapuram,580720,Mass Market,18-25
C002363,Indrajit Cherian,Male,55,No,No,Uttar Pradesh,Noida,805701,Value,46-55
C002364,Benjamin Tripathi,Male,41,No,No,Gujarat,Surat,435752,Premium,36-45
C002365,Oliver Dalal,Female,31,No,No,Uttar Pradesh,Lucknow,555680,Premium,26-35
C002366,Janaki Dugar,Male,58,No,No,Kerala,Thiruvananthapuram,690015,Value,56-65
C002367,Riya Toor,Male,18,No,No,Madhya Pradesh,Bhopal,236242,Premium,18-25
C002368,Hardik Dube,Female,34,No,Yes,Uttar Pradesh,Noida,947002,Mass Market,26-35
C002369,Gaurika Devi,Male,62,Yes,No,Kerala,Thiruvananthapuram,190672,Mass Market,56-65
C002370,Saksham Sarna,Female,41,No,No,Telangana,Hyderabad,460957,Value,36-45
C002371,Abeer Korpal,Female,44,No,No,Punjab,Ludhiana,248774,Mass Market,36-45
C002372,Harita Mangat,Female,24,No,No,Tamil Nadu,Chennai,630835,Mass Market,18-25
C002373,Frederick Lata,Female,26,No,No,Gujarat,Surat,289091,Mass Market,26-35
C002374,Oeshi Patel,Male,60,Yes,Yes,Gujarat,Vadodara,63474,High Value,56-65
C002375,Max Wagle,Female,52,No,Yes,Madhya Pradesh,Indore,804202,High Value,46-55
C002376,Vedant Devi,Male,29,No,No,Delhi,Delhi,305975,Value,26-35
C002377,Odika Rout,Male,38,No,No,Telangana,Warangal,336828,Mass Market,36-45
C002378,Zaitra Pathak,Female,20,No,Yes,Kerala,Kochi,657555,Mass Market,18-25
C002379,Saanvi Dhingra,Male,32,No,No,Uttar Pradesh,Noida,586856,Mass Market,26-35
C002380,Zansi Boase,Female,38,No,No,West Bengal,Kolkata,66487,Mass Market,36-45
C002381,Hamsini Murty,Female,27,No,Yes,Uttar Pradesh,Kanpur,648713,Mass Market,26-35
C002382,Nitesh Saraf,Female,50,No,No,Gujarat,Surat,2554,Value,46-55
C002383,Maya Bansal,Female,63,Yes,No,Punjab,Amritsar,453347,Value,56-65
C002384,Dalbir Venkatesh,Male,69,Yes,Yes,West Bengal,Kolkata,294844,Mass Market,65+
C002385,Oni Ratti,Male,23,No,No,Uttar Pradesh,Lucknow,41450,Premium,18-25
C002386,Dipta Padmanabhan,Female,19,No,Yes,Kerala,Kochi,633706,Premium,18-25
C002387,Ati Wable,Male,46,No,No,Telangana,Hyderabad,118196,Value,46-55
C002388,Netra Sehgal,Female,57,No,Yes,Uttar Pradesh,Agra,387595,Mass Market,56-65
C002389,Riya Pai,Female,50,No,No,Karnataka,Bengaluru,942298,High Value,46-55
C002390,Rudra Mitra,Female,21,No,Yes,Kerala,Thiruvananthapuram,332419,Value,18-25
C002391,Balhaar Yogi,Male,21,No,Yes,Punjab,Ludhiana,711801,Mass Market,18-25
C002392,Madhavi Date,Male,46,No,No,Kerala,Kochi,774360,Value,46-55
C002393,Tanay Chander,Male,54,No,Yes,Rajasthan,Jaipur,890985,Value,46-55
C002394,Harini Dutta,Male,37,No,No,Karnataka,Bengaluru,714369,Value,36-45
C002395,Ayaan Zacharia,Female,58,No,No,Karnataka,Mangaluru,749347,Value,56-65
C002396,Wyatt Modi,Male,40,No,No,Karnataka,Bengaluru,889386,Value,36-45
C002397,Yashasvi Choudhry,Male,62,Yes,No,Uttar Pradesh,Agra,618776,Premium,56-65
C002398,Kashish Lad,Male,35,No,Yes,Madhya Pradesh,Indore,580843,Value,26-35
C002399,Jatin Batta,Female,66,Yes,Yes,Karnataka,Mangaluru,965217,Mass Market,65+
C002400,Saumya Misra,Female,42,No,No,Gujarat,Vadodara,53126,Mass Market,36-45
C002401,Sudiksha Nori,Male,18,No,No,Punjab,Amritsar,557402,Mass Market,18-25
C002402,Vivaan Palla,Male,32,No,Yes,Telangana,Hyderabad,595876,Value,26-35
C002403,Bhavani Dey,Male,51,No,No,Delhi,Delhi,591268,Mass Market,46-55
C002404,Zinal Kota,Male,65,Yes,No,Kerala,Kochi,307837,Value,56-65
C002405,Falak Varty,Female,37,No,No,Kerala,Thiruvananthapuram,183594,Mass Market,36-45
C002406,Jalsa Sha,Female,54,No,No,Karnataka,Mysuru,234592,Premium,46-55
C002407,Manan Sandal,Male,44,No,No,Tamil Nadu,Coimbatore,258024,Premium,36-45
C002408,Finn Chanda,Male,39,No,No,Madhya Pradesh,Bhopal,571162,Mass Market,36-45
C002409,Pavani De,Female,68,Yes,No,Telangana,Warangal,435149,Value,65+
C002410,Tanish Sehgal,Male,22,No,Yes,Tamil Nadu,Coimbatore,863270,High Value,18-25
C002411,Kala Vora,Female,51,No,No,Kerala,Thiruvananthapuram,317402,Mass Market,46-55
C002412,Zilmil Rana,Male,56,No,No,Punjab,Ludhiana,60763,High Value,56-65
C002413,Wishi Sampath,Male,20,No,No,Maharashtra,Nashik,433460,Value,18-25
C002414,Vrishti Saha,Male,34,No,No,Telangana,Warangal,633564,Value,26-35
C002415,Maanas Tiwari,Male,41,No,Yes,Punjab,Chandigarh,629870,Mass Market,36-45
C002416,Vedhika Shankar,Female,41,No,No,Madhya Pradesh,Bhopal,521514,Premium,36-45
C002417,Yochana Wadhwa,Male,20,No,No,Karnataka,Mysuru,517236,Value,18-25
C002418,Simon Shah,Male,62,Yes,Yes,Delhi,New Delhi,44852,Premium,56-65
C002419,Bachittar Dugar,Male,24,No,No,West Bengal,Howrah,23547,Premium,18-25
C002420,Jagat Rege,Male,42,No,No,Madhya Pradesh,Bhopal,240553,Value,36-45
C002421,Jai Pingle,Male,20,No,Yes,Uttar Pradesh,Agra,611390,Mass Market,18-25
C002422,Banjeet Virk,Male,32,No,Yes,Maharashtra,Mumbai,458927,Mass Market,26-35
C002423,Jacob Prabhu,Female,46,No,Yes,Kerala,Kochi,234087,Mass Market,46-55
C002424,Kavya Mitter,Male,67,Yes,No,West Bengal,Kolkata,568335,Premium,65+
C002425,Vedika Bala,Male,46,No,No,Punjab,Chandigarh,563859,Mass Market,46-55
C002426,Lucky Sama,Female,27,No,Yes,Kerala,Thiruvananthapuram,828439,Mass Market,26-35
C002427,Dalaja Mander,Male,49,No,No,Maharashtra,Nashik,486980,Mass Market,46-55
C002428,Qadim Suresh,Female,40,No,No,Tamil Nadu,Coimbatore,557338,Premium,36-45
C002429,Jason Palla,Male,56,No,Yes,Maharashtra,Pune,792660,Value,56-65
C002430,Chaitanya Sahni,Female,26,No,Yes,Karnataka,Bengaluru,44750,High Value,26-35
C002431,Dayita Sethi,Female,54,No,No,Rajasthan,Jodhpur,750566,Premium,46-55
C002432,Krishna Soman,Female,69,Yes,No,Telangana,Hyderabad,589906,Premium,65+
C002433,Lakshit Thaman,Female,57,No,No,Kerala,Thiruvananthapuram,869722,Mass Market,56-65
C002434,Shivani Sen,Male,31,No,No,Maharashtra,Pune,242043,Mass Market,26-35
C002435,Eshana Chakraborty,Female,21,No,Yes,Maharashtra,Nashik,63191,Mass Market,18-25
C002436,Lila Kaul,Male,37,No,No,Rajasthan,Udaipur,697136,Value,36-45
C002437,Harinakshi Zachariah,Male,45,No,Yes,Rajasthan,Udaipur,591142,Premium,36-45
C002438,Saanvi Mall,Male,31,No,No,Telangana,Warangal,286122,Mass Market,26-35
C002439,Noah Bakshi,Male,61,Yes,Yes,Telangana,Warangal,286140,Mass Market,56-65
C002440,Jatin Chada,Male,51,No,Yes,Madhya Pradesh,Bhopal,454224,Value,46-55
C002441,Chatresh Vig,Female,30,No,No,Punjab,Amritsar,243023,Mass Market,26-35
C002442,Vamakshi Thakkar,Male,48,No,Yes,Delhi,Delhi,132,Value,46-55
C002443,Jai Wali,Female,50,No,No,Delhi,Delhi,892824,Mass Market,46-55
C002444,Anirudh Maharaj,Female,69,Yes,Yes,Kerala,Kochi,509791,Value,65+
C002445,Yatan Sawhney,Male,56,No,No,Gujarat,Vadodara,532956,Value,56-65
C002446,Ekani Ratti,Male,45,No,No,Rajasthan,Jodhpur,762948,Value,36-45
C002447,Vyanjana Bajaj,Male,42,No,Yes,West Bengal,Kolkata,676408,Mass Market,36-45
C002448,Rajeshri Gole,Male,49,No,No,West Bengal,Kolkata,795361,Mass Market,46-55
C002449,Arjun Wable,Male,26,No,Yes,Karnataka,Mangaluru,83070,Premium,26-35
C002450,Lavanya Kurian,Male,45,No,Yes,Kerala,Thiruvananthapuram,633602,Premium,36-45
C002451,Ishwar Chaudhary,Male,48,No,No,Delhi,New Delhi,315672,Value,46-55
C002452,Bhavika Dhawan,Female,34,No,No,Madhya Pradesh,Indore,173629,Value,26-35
C002453,Aadhya Chakraborty,Female,70,Yes,No,West Bengal,Kolkata,459897,Mass Market,65+
C002454,Damyanti Reddy,Male,40,No,Yes,Telangana,Hyderabad,738243,Premium,36-45
C002455,Daniel Nanda,Female,30,No,No,Maharashtra,Mumbai,146292,Premium,26-35
C002456,Avi Bhardwaj,Male,27,No,No,Maharashtra,Mumbai,228338,Value,26-35
C002457,Madhavi Chaudhary,Male,33,No,Yes,Telangana,Warangal,385223,High Value,26-35
C002458,Lucky Sachar,Female,23,No,Yes,Tamil Nadu,Chennai,906270,Mass Market,18-25
C002459,Aarna Prashad,Male,65,Yes,No,Tamil Nadu,Madurai,14412,Value,56-65
C002460,Charles Jain,Male,28,No,No,Maharashtra,Pune,522924,High Value,26-35
C002461,Warjas Tailor,Female,69,Yes,Yes,Karnataka,Bengaluru,670893,Mass Market,65+
C002462,Ishwar Luthra,Female,20,No,Yes,Gujarat,Vadodara,504629,Mass Market,18-25
C002463,Eesha Shetty,Female,45,No,Yes,Madhya Pradesh,Indore,374153,Premium,36-45
C002464,Dominic Sule,Female,58,No,No,West Bengal,Kolkata,833878,Mass Market,56-65
C002465,Nikita Kaur,Female,32,No,No,Punjab,Chandigarh,919053,Premium,26-35
C002466,Amruta Chaudhuri,Male,30,No,No,Maharashtra,Nashik,945875,Mass Market,26-35
C002467,Jeremiah Modi,Male,59,No,No,Rajasthan,Jodhpur,82572,Value,56-65
C002468,Sanaya Chacko,Male,69,Yes,No,Telangana,Hyderabad,230070,Mass Market,65+
C002469,Lucky Prakash,Male,62,Yes,No,Uttar Pradesh,Agra,186948,Mass Market,56-65
C002470,Yatan Yogi,Male,34,No,No,Punjab,Amritsar,674752,Premium,26-35
C002471,Siya Barman,Male,24,No,Yes,Punjab,Ludhiana,483565,Premium,18-25
C002472,Ucchal Mann,Female,45,No,No,Gujarat,Ahmedabad,869227,Mass Market,36-45
C002473,Aadi Bhasin,Female,55,No,No,Maharashtra,Mumbai,252541,Mass Market,46-55
C002474,Anjali Krishna,Female,30,No,No,Delhi,Delhi,55624,Premium,26-35
C002475,Indali Kala,Male,34,No,No,Karnataka,Bengaluru,266768,Premium,26-35
C002476,Chakradev Edwin,Female,32,No,No,Delhi,New Delhi,940596,Premium,26-35
C002477,Charita Chakraborty,Male,53,No,No,Madhya Pradesh,Bhopal,703364,Value,46-55
C002478,Jason Dey,Female,45,No,No,West Bengal,Howrah,453206,Mass Market,36-45
C002479,Rachana Kade,Male,32,No,No,Kerala,Kochi,432614,Premium,26-35
C002480,Hema Lal,Female,63,Yes,Yes,Maharashtra,Nashik,403715,Premium,56-65
C002481,Anjali Korpal,Male,70,Yes,Yes,Uttar Pradesh,Noida,431091,Value,65+
C002482,Harita Kade,Female,28,No,No,Delhi,New Delhi,683095,Value,26-35
C002483,Falguni Babu,Female,48,No,No,Telangana,Hyderabad,122526,Value,46-55
C002484,Aarnav Soni,Male,21,No,No,Rajasthan,Udaipur,974787,Premium,18-25
C002485,Aditya Ghose,Male,52,No,Yes,Punjab,Chandigarh,676442,Premium,46-55
C002486,Vrinda Ramaswamy,Female,51,No,No,Karnataka,Bengaluru,307078,Premium,46-55
C002487,Faras Yohannan,Male,69,Yes,No,Uttar Pradesh,Noida,10124,Value,65+
C002488,Sai Dasgupta,Female,44,No,No,West Bengal,Howrah,805694,Value,36-45
C002489,Krisha Parmar,Female,27,No,No,Madhya Pradesh,Bhopal,118749,Premium,26-35
C002490,Peter Anand,Male,47,No,No,Kerala,Thiruvananthapuram,44910,Mass Market,46-55
C002491,Turvi Prabhakar,Male,62,Yes,Yes,Kerala,Thiruvananthapuram,723149,Value,56-65
C002492,Sai Andra,Male,37,No,Yes,Karnataka,Bengaluru,49930,Value,36-45
C002493,Anmol Mand,Female,46,No,Yes,Karnataka,Mysuru,404121,High Value,46-55
C002494,Rehaan Chana,Male,70,Yes,No,Tamil Nadu,Coimbatore,704310,Mass Market,65+
C002495,Timothy Kaur,Male,46,No,Yes,Tamil Nadu,Coimbatore,503158,Mass Market,46-55
C002496,Janani Bansal,Male,40,No,No,Madhya Pradesh,Indore,850660,Mass Market,36-45
C002497,Waida Kadakia,Female,67,Yes,No,Tamil Nadu,Madurai,751414,Mass Market,65+
C002498,Rohan Randhawa,Female,38,No,No,Kerala,Kochi,515609,Mass Market,36-45
C002499,Arunima Tella,Female,65,Yes,No,Uttar Pradesh,Kanpur,142770,Value,56-65
C002500,Onkar Hari,Male,60,Yes,No,Uttar Pradesh,Lucknow,153861,Premium,56-65
C002501,Dhruv Dave,Female,27,No,No,Gujarat,Vadodara,511162,Value,26-35
C002502,Joshua Lad,Female,58,No,Yes,Punjab,Amritsar,143593,Mass Market,56-65
C002503,Anusha Handa,Female,29,No,No,Punjab,Chandigarh,106165,Premium,26-35
C002504,Zayyan Setty,Female,47,No,No,West Bengal,Kolkata,472553,Value,46-55
C002505,Prisha Ben,Male,68,Yes,No,Madhya Pradesh,Bhopal,73712,Mass Market,65+
C002506,Rachana Ray,Male,50,No,No,Rajasthan,Jodhpur,72508,Mass Market,46-55
C002507,Jairaj Vasa,Female,35,No,No,Uttar Pradesh,Agra,524088,Premium,26-35
C002508,Warhi Pathak,Male,31,No,No,Gujarat,Vadodara,96925,Premium,26-35
C002509,Udarsh Batta,Female,39,No,Yes,Rajasthan,Jodhpur,360109,Value,36-45
C002510,Osha Walia,Female,38,No,No,Delhi,New Delhi,191400,Mass Market,36-45
C002511,Diya Ahluwalia,Male,18,No,No,Madhya Pradesh,Indore,297192,Premium,18-25
C002512,Robert Natt,Female,66,Yes,Yes,Rajasthan,Udaipur,887415,Mass Market,65+
C002513,Aryan Kara,Male,60,Yes,Yes,Punjab,Chandigarh,925434,Premium,56-65
C002514,Falan Krish,Male,69,Yes,Yes,Delhi,New Delhi,26642,Value,65+
C002515,Nitesh Narayan,Female,32,No,Yes,Rajasthan,Jodhpur,386966,Mass Market,26-35
C002516,Dev Chatterjee,Female,53,No,No,Delhi,Delhi,811051,Mass Market,46-55
C002517,Varsha Sankaran,Male,64,Yes,No,Karnataka,Mangaluru,927243,Mass Market,56-65
C002518,Gaurika Krishna,Male,39,No,Yes,West Bengal,Howrah,677798,Mass Market,36-45
C002519,Hritik Solanki,Female,49,No,No,Punjab,Amritsar,677810,Mass Market,46-55
C002520,Harini Bhagat,Female,63,Yes,Yes,Uttar Pradesh,Lucknow,82408,Value,56-65
C002521,Zinal Khalsa,Female,50,No,Yes,Karnataka,Mangaluru,513315,Value,46-55
C002522,Reva Chandran,Male,58,No,No,Tamil Nadu,Chennai,920823,Value,56-65
C002523,Jeet Chada,Male,56,No,No,Uttar Pradesh,Noida,616201,Value,56-65
C002524,Bahadurjit Purohit,Male,40,No,Yes,West Bengal,Kolkata,295126,Premium,36-45
C002525,Dhruv Datta,Female,60,Yes,Yes,Delhi,Delhi,86961,High Value,56-65
C002526,Riya Bhakta,Male,19,No,No,Tamil Nadu,Coimbatore,84039,Mass Market,18-25
C002527,Rachana Bhatti,Male,19,No,Yes,Tamil Nadu,Chennai,927673,Value,18-25
C002528,Daksh Ben,Female,55,No,No,Uttar Pradesh,Lucknow,86333,Mass Market,46-55
C002529,Lakshmi Ratti,Male,68,Yes,No,Delhi,Delhi,66676,Mass Market,65+
C002530,Nirja Kaul,Female,46,No,Yes,Maharashtra,Mumbai,550800,Value,46-55
C002531,Sudiksha Rajagopalan,Female,69,Yes,No,Telangana,Hyderabad,90830,Value,65+
C002532,Priya Chaudhuri,Female,63,Yes,Yes,Telangana,Warangal,925098,Premium,56-65
C002533,Atharv Setty,Male,20,No,No,Maharashtra,Mumbai,556441,Value,18-25
C002534,Reyansh Chokshi,Male,56,No,No,Madhya Pradesh,Indore,124361,Mass Market,56-65
C002535,Advik Bir,Female,24,No,No,West Bengal,Kolkata,50299,Premium,18-25
C002536,Jonathan Upadhyay,Female,53,No,No,Delhi,Delhi,761918,Mass Market,46-55
C002537,Isha Sama,Female,46,No,No,Punjab,Chandigarh,498367,Mass Market,46-55
C002538,Sai Grewal,Male,54,No,Yes,Uttar Pradesh,Kanpur,903217,Mass Market,46-55
C002539,Laksh Basu,Female,66,Yes,No,West Bengal,Kolkata,491176,High Value,65+
C002540,Joshua Muni,Female,53,No,No,Kerala,Kochi,550043,Value,46-55
C002541,Yochana Parmar,Female,40,No,No,Kerala,Thiruvananthapuram,531575,Value,36-45
C002542,Madhav Din,Female,62,Yes,No,West Bengal,Howrah,295083,Premium,56-65
C002543,Dayamai Oza,Female,33,No,Yes,Maharashtra,Nashik,39036,Value,26-35
C002544,Jyoti Anand,Female,65,Yes,No,Uttar Pradesh,Noida,486756,Premium,56-65
C002545,Dakshesh Khanna,Male,48,No,No,Madhya Pradesh,Indore,535153,Value,46-55
C002546,Pahal Padmanabhan,Male,51,No,No,Uttar Pradesh,Kanpur,743927,High Value,46-55
C002547,Sai Jaggi,Male,67,Yes,No,Delhi,New Delhi,812078,Premium,65+
C002548,Harita Gulati,Male,18,No,Yes,Madhya Pradesh,Indore,37810,Value,18-25
C002549,Unni Narula,Male,35,No,No,Uttar Pradesh,Agra,32082,Mass Market,26-35
C002550,Chandani Sahota,Male,57,No,Yes,Delhi,New Delhi,416099,High Value,56-65
C002551,Nicholas Cheema,Male,60,Yes,No,Delhi,New Delhi,975788,Value,56-65
C002552,Brijesh Tandon,Male,32,No,No,Rajasthan,Jodhpur,166190,Value,26-35
C002553,Aarush Kapoor,Female,65,Yes,No,Karnataka,Mangaluru,644490,Premium,56-65
C002554,Unnati Kala,Female,66,Yes,No,Karnataka,Mangaluru,394616,Value,65+
C002555,Vasana Narula,Male,34,No,No,West Bengal,Howrah,227726,Mass Market,26-35
C002556,Samesh Ratta,Female,61,Yes,Yes,Madhya Pradesh,Bhopal,54026,Mass Market,56-65
C002557,Abeer Patil,Male,27,No,Yes,Gujarat,Ahmedabad,284655,Value,26-35
C002558,Ethan Parmar,Male,37,No,Yes,West Bengal,Howrah,189568,Mass Market,36-45
C002559,Ishwar Dhar,Male,23,No,No,Gujarat,Surat,499339,Value,18-25
C002560,Ria Hayer,Male,25,No,No,Uttar Pradesh,Agra,453918,Premium,18-25
C002561,Caleb Balan,Female,62,Yes,No,Delhi,New Delhi,238487,Mass Market,56-65
C002562,Rudra Mander,Female,51,No,No,Rajasthan,Jodhpur,144433,Mass Market,46-55
C002563,Theodore Lala,Male,49,No,No,Punjab,Amritsar,360908,Premium,46-55
C002564,Harinakshi Korpal,Male,68,Yes,Yes,Gujarat,Surat,753794,Value,65+
C002565,Rohan Bains,Male,59,No,Yes,Telangana,Warangal,631834,Mass Market,56-65
C002566,Adweta Chaudhuri,Male,21,No,Yes,Gujarat,Ahmedabad,900249,Premium,18-25
C002567,Laksh Raghavan,Male,61,Yes,No,Gujarat,Vadodara,785234,Value,56-65
C002568,Hamsini Kade,Male,67,Yes,Yes,Kerala,Thiruvananthapuram,151216,Mass Market,65+
C002569,Tanmayi Khatri,Female,56,No,No,Madhya Pradesh,Indore,608960,Mass Market,56-65
C002570,Kashish Garg,Female,37,No,No,Karnataka,Mangaluru,66589,Mass Market,36-45
C002571,Dhruv Dani,Male,41,No,No,Rajasthan,Jodhpur,824256,Premium,36-45
C002572,Kalpit Gupta,Female,41,No,Yes,Tamil Nadu,Chennai,829385,Value,36-45
C002573,Kritika Prasad,Male,43,No,Yes,Punjab,Amritsar,44503,Value,36-45
C002574,Pushti Konda,Male,42,No,Yes,Madhya Pradesh,Indore,383466,Premium,36-45
C002575,Ranbir Wason,Male,53,No,No,Punjab,Chandigarh,814498,Mass Market,46-55
C002576,Manthan Narang,Female,24,No,Yes,Telangana,Warangal,29653,Mass Market,18-25
C002577,Chatresh Mammen,Female,27,No,No,Delhi,New Delhi,831530,Mass Market,26-35
C002578,Yashoda Suresh,Female,64,Yes,No,Madhya Pradesh,Bhopal,79190,Mass Market,56-65
C002579,Finn Singhal,Male,29,No,Yes,Maharashtra,Pune,878601,Value,26-35
C002580,Oliver Trivedi,Female,18,No,No,West Bengal,Howrah,83345,Value,18-25
C002581,Yashodhara Prasad,Male,69,Yes,No,Madhya Pradesh,Bhopal,298294,Mass Market,65+
C002582,Zilmil Shetty,Female,67,Yes,No,Punjab,Ludhiana,418337,Mass Market,65+
C002583,Ekanta Prakash,Male,42,No,Yes,Karnataka,Bengaluru,474250,Mass Market,36-45
C002584,Warda Som,Male,33,No,Yes,Karnataka,Bengaluru,438203,High Value,26-35
C002585,Nandini Bansal,Female,22,No,Yes,Karnataka,Bengaluru,7867,Value,18-25
C002586,Theodore Jain,Female,36,No,Yes,Madhya Pradesh,Bhopal,550053,Value,36-45
C002587,Wahab Randhawa,Male,21,No,No,Kerala,Thiruvananthapuram,760367,Mass Market,18-25
C002588,Damini Sandal,Female,23,No,No,Karnataka,Mysuru,361424,Value,18-25
C002589,Naksh Prasad,Male,43,No,No,Delhi,Delhi,415163,Mass Market,36-45
C002590,Frado Desai,Female,66,Yes,Yes,Gujarat,Ahmedabad,956614,High Value,65+
C002591,Chakrika Saxena,Female,56,No,Yes,Madhya Pradesh,Indore,436485,Premium,56-65
C002592,Victor Barman,Female,56,No,No,Karnataka,Bengaluru,782757,Value,56-65
C002593,Yauvani Nayar,Female,26,No,Yes,Maharashtra,Pune,306146,Value,26-35
C002594,Shravya Sibal,Male,62,Yes,Yes,Madhya Pradesh,Bhopal,174196,Value,56-65
C002595,Nilima Pillai,Male,69,Yes,No,Uttar Pradesh,Agra,925,Mass Market,65+
C002596,Edhitha Mahajan,Female,31,No,Yes,Gujarat,Vadodara,835962,Mass Market,26-35
C002597,Aryan Gola,Male,65,Yes,No,Gujarat,Vadodara,838777,Value,56-65
C002598,Vivaan Lanka,Male,26,No,Yes,Madhya Pradesh,Bhopal,540234,Mass Market,26-35
C002599,Jagrati Butala,Male,32,No,No,Uttar Pradesh,Lucknow,145137,Mass Market,26-35
C002600,Yachana Varghese,Male,54,No,No,Delhi,New Delhi,28265,Value,46-55
C002601,Aradhana Kari,Female,67,Yes,Yes,Madhya Pradesh,Indore,529367,High Value,65+
C002602,Jagat Bora,Male,70,Yes,No,Uttar Pradesh,Kanpur,627545,High Value,65+
C002603,Balvan Iyer,Female,37,No,No,Kerala,Kochi,34989,Mass Market,36-45
C002604,Ronith Narayan,Male,25,No,No,Karnataka,Mangaluru,975955,Mass Market,18-25
C002605,Chasmum Maharaj,Male,49,No,Yes,Karnataka,Mangaluru,642209,Value,46-55
C002606,Lakshit Lal,Male,64,Yes,No,Karnataka,Mysuru,705447,Premium,56-65
C002607,Chandani Manda,Male,38,No,No,Maharashtra,Nashik,583901,High Value,36-45
C002608,Netra Ravi,Male,58,No,No,Madhya Pradesh,Indore,692704,Premium,56-65
C002609,Urmi Vala,Female,36,No,No,West Bengal,Howrah,885287,Value,36-45
C002610,Mitali Kari,Male,46,No,No,Madhya Pradesh,Bhopal,583443,Mass Market,46-55
C002611,Shaurya Som,Female,48,No,No,West Bengal,Howrah,299738,Mass Market,46-55
C002612,Zaitra Sidhu,Male,23,No,Yes,Delhi,New Delhi,442402,Mass Market,18-25
C002613,Harini Chada,Male,21,No,Yes,Gujarat,Vadodara,804688,Value,18-25
C002614,Raghav Sanghvi,Female,60,Yes,No,Telangana,Hyderabad,989087,Mass Market,56-65
C002615,Shaurya Sarna,Male,46,No,No,Punjab,Amritsar,342724,Premium,46-55
C002616,Ayushman Prasad,Male,59,No,No,West Bengal,Kolkata,711578,Premium,56-65
C002617,Kabir Mody,Male,20,No,No,West Bengal,Howrah,378156,Mass Market,18-25
C002618,Xalak Pant,Male,18,No,No,Telangana,Hyderabad,621736,High Value,18-25
C002619,Umang Saini,Female,61,Yes,No,Karnataka,Bengaluru,138731,Value,56-65
C002620,Netra Yogi,Male,32,No,Yes,West Bengal,Howrah,31916,High Value,26-35
C002621,Eshana Bajaj,Female,64,Yes,Yes,Uttar Pradesh,Kanpur,616246,High Value,56-65
C002622,Liam Dube,Female,38,No,No,Telangana,Warangal,762182,Mass Market,36-45
C002623,Mahika Raj,Male,63,Yes,No,Gujarat,Surat,479224,Mass Market,56-65
C002624,Mahika Bhatt,Female,48,No,No,West Bengal,Kolkata,686707,Mass Market,46-55
C002625,Raghav Soman,Male,24,No,Yes,Madhya Pradesh,Indore,671489,Premium,18-25
C002626,Falguni Seth,Female,34,No,No,Karnataka,Bengaluru,792578,Value,26-35
C002627,Girik Garg,Male,36,No,No,Tamil Nadu,Coimbatore,235298,High Value,36-45
C002628,Peter Balay,Female,56,No,Yes,Kerala,Thiruvananthapuram,93413,Mass Market,56-65
C002629,Avi Grover,Male,20,No,No,Maharashtra,Nashik,345424,Value,18-25
C002630,Ekaraj Raju,Male,47,No,No,Gujarat,Surat,115582,High Value,46-55
C002631,Samesh Kaul,Female,52,No,No,Tamil Nadu,Coimbatore,181951,Value,46-55
C002632,Ekaraj Sha,Female,46,No,No,West Bengal,Kolkata,190706,Mass Market,46-55
C002633,Jyoti Vasa,Male,67,Yes,No,Uttar Pradesh,Kanpur,769313,Value,65+
C002634,Onveer Narain,Male,69,Yes,No,Punjab,Ludhiana,645383,Mass Market,65+
C002635,Mahika Dugar,Female,31,No,No,Telangana,Hyderabad,642550,Mass Market,26-35
C002636,Kai Yadav,Female,52,No,No,Uttar Pradesh,Agra,533210,Mass Market,46-55
C002637,Vanya Biswas,Female,45,No,No,Gujarat,Vadodara,254675,Mass Market,36-45
C002638,Samuel De,Female,47,No,No,Tamil Nadu,Madurai,499959,Premium,46-55
C002639,Dayita Sankaran,Female,43,No,No,Delhi,New Delhi,703170,Mass Market,36-45
C002640,Nathan Mukherjee,Female,24,No,Yes,Maharashtra,Nashik,682583,Premium,18-25
C002641,Yadavi Shanker,Male,56,No,No,Rajasthan,Jaipur,14354,Mass Market,56-65
C002642,Saksham Amble,Male,48,No,Yes,Kerala,Kochi,636798,Mass Market,46-55
C002643,Sanaya Bhatt,Female,22,No,No,Kerala,Thiruvananthapuram,686364,Mass Market,18-25
C002644,Yatin Vora,Female,52,No,Yes,Gujarat,Ahmedabad,498106,Mass Market,46-55
C002645,Vritti Sharma,Male,67,Yes,Yes,West Bengal,Howrah,267392,Mass Market,65+
C002646,Balveer Chand,Male,64,Yes,No,Gujarat,Surat,604294,Value,56-65
C002647,Tanmayi Palan,Female,69,Yes,No,Madhya Pradesh,Bhopal,992119,High Value,65+
C002648,Mahika Gill,Male,31,No,No,West Bengal,Howrah,474350,Mass Market,26-35
C002649,Zaid Gola,Male,53,No,No,Uttar Pradesh,Agra,978209,Mass Market,46-55
C002650,Tanvi Rajagopalan,Male,44,No,No,Tamil Nadu,Coimbatore,872112,Mass Market,36-45
C002651,Girish Ramaswamy,Male,41,No,No,Maharashtra,Nashik,382998,Premium,36-45
C002652,Wriddhish Dugar,Male,57,No,No,Maharashtra,Pune,990150,Value,56-65
C002653,Bishakha Bhavsar,Male,46,No,No,Uttar Pradesh,Kanpur,954761,Premium,46-55
C002654,Wakeeta Sabharwal,Male,70,Yes,Yes,Tamil Nadu,Coimbatore,806803,Mass Market,65+
C002655,Jyoti Bose,Female,62,Yes,No,Punjab,Amritsar,400546,Mass Market,56-65
C002656,Yamini Nanda,Male,39,No,No,Delhi,New Delhi,131433,Mass Market,36-45
C002657,Shravya Gala,Female,25,No,No,Karnataka,Mysuru,57432,Premium,18-25
C002658,Sarthak Toor,Female,32,No,Yes,Maharashtra,Nagpur,115495,Mass Market,26-35
C002659,Turvi Bala,Male,66,Yes,No,Gujarat,Ahmedabad,917919,Value,65+
C002660,Triya Raj,Female,22,No,No,Kerala,Thiruvananthapuram,909136,Value,18-25
C002661,Mohini Hayer,Male,69,Yes,No,Gujarat,Surat,176592,Value,65+
C002662,Baljiwan Anne,Female,21,No,No,Karnataka,Mysuru,594836,Mass Market,18-25
C002663,Ishwar Deshpande,Male,28,No,No,Karnataka,Mangaluru,901680,Value,26-35
C002664,Ucchal Sundaram,Female,35,No,Yes,West Bengal,Howrah,153609,Mass Market,26-35
C002665,Ekansh Butala,Female,59,No,No,Maharashtra,Pune,439453,High Value,56-65
C002666,Raksha Dey,Male,66,Yes,No,Tamil Nadu,Coimbatore,973200,Mass Market,65+
C002667,Arya Edwin,Male,47,No,No,Karnataka,Mysuru,15353,Mass Market,46-55
C002668,Andrew Chaudhry,Female,32,No,Yes,Tamil Nadu,Coimbatore,532562,Mass Market,26-35
C002669,Chaitaly Dash,Female,23,No,No,Punjab,Ludhiana,888804,Premium,18-25
C002670,Om Brahmbhatt,Male,70,Yes,No,Telangana,Warangal,46485,Mass Market,65+
C002671,Anjali Dube,Female,33,No,No,Gujarat,Ahmedabad,516932,Value,26-35
C002672,Ishita Gokhale,Male,64,Yes,No,Kerala,Kochi,57411,Mass Market,56-65
C002673,Bakhshi Walia,Female,57,No,No,Uttar Pradesh,Noida,539103,Mass Market,56-65
C002674,Riya Batta,Male,26,No,Yes,Delhi,New Delhi,667709,Value,26-35
C002675,Madhavi Morar,Female,60,Yes,No,Madhya Pradesh,Bhopal,218586,Mass Market,56-65
C002676,Charles Agrawal,Male,51,No,No,Rajasthan,Udaipur,439429,Value,46-55
C002677,Krishna Jaggi,Male,44,No,Yes,Delhi,New Delhi,88925,Premium,36-45
C002678,Kavya Khare,Male,30,No,Yes,Telangana,Warangal,783980,Premium,26-35
C002679,Gavin Babu,Male,53,No,Yes,Uttar Pradesh,Kanpur,703773,Mass Market,46-55
C002680,Ayaan Atwal,Male,44,No,No,Telangana,Hyderabad,205886,Value,36-45
C002681,Rehaan Bhatnagar,Male,26,No,Yes,West Bengal,Howrah,853074,High Value,26-35
C002682,Gopal Ganesh,Female,22,No,No,Punjab,Amritsar,813409,Premium,18-25
C002683,Chaitanya Sagar,Male,68,Yes,Yes,Tamil Nadu,Coimbatore,140501,Mass Market,65+
C002684,Eta Naidu,Male,39,No,No,Delhi,New Delhi,361700,Value,36-45
C002685,Sarthak Rana,Male,48,No,No,Rajasthan,Udaipur,485412,High Value,46-55
C002686,Jai Kata,Male,20,No,No,Punjab,Ludhiana,481094,Value,18-25
C002687,Hitesh Parikh,Male,47,No,No,Madhya Pradesh,Indore,255396,Premium,46-55
C002688,Oscar Aurora,Male,38,No,No,Madhya Pradesh,Bhopal,556144,Value,36-45
C002689,Diya Arora,Male,52,No,No,Delhi,New Delhi,298701,Mass Market,46-55
C002690,Simon Shanker,Male,23,No,No,Karnataka,Mangaluru,932152,Mass Market,18-25
C002691,Dominic Mallick,Male,45,No,Yes,Madhya Pradesh,Bhopal,176111,Mass Market,36-45
C002692,Caleb Bhavsar,Female,49,No,Yes,West Bengal,Howrah,832409,Mass Market,46-55
C002693,Nirja Mitra,Male,59,No,No,Tamil Nadu,Chennai,526121,Premium,56-65
C002694,Harsh Yadav,Male,54,No,Yes,Madhya Pradesh,Bhopal,694810,Value,46-55
C002695,Zayan Chandran,Female,42,No,No,Punjab,Amritsar,112330,Premium,36-45
C002696,Lipika Deol,Male,49,No,Yes,Karnataka,Mysuru,679655,Value,46-55
C002697,Parth Nadkarni,Female,52,No,No,Kerala,Thiruvananthapuram,732383,Mass Market,46-55
C002698,Ekansh Nayak,Male,39,No,Yes,Delhi,Delhi,841434,Mass Market,36-45
C002699,Saumya Raja,Female,41,No,No,Punjab,Amritsar,622807,High Value,36-45
C002700,Yahvi Arya,Female,56,No,Yes,Gujarat,Ahmedabad,905389,Value,56-65
C002701,Ansh Dash,Male,47,No,No,Madhya Pradesh,Bhopal,595094,Value,46-55
C002702,Warjas Sangha,Female,67,Yes,No,Maharashtra,Mumbai,816836,High Value,65+
C002703,Fariq Bhasin,Male,49,No,No,Rajasthan,Jaipur,577210,Mass Market,46-55
C002704,Kavya Tara,Male,48,No,No,Tamil Nadu,Chennai,274105,Premium,46-55
C002705,Saksham Doshi,Female,40,No,No,Tamil Nadu,Madurai,579815,Premium,36-45
C002706,Samarth Barad,Female,57,No,No,Delhi,Delhi,518495,Mass Market,56-65
C002707,Sachi Narasimhan,Male,50,No,No,West Bengal,Kolkata,296435,Mass Market,46-55
C002708,Arunima Nadkarni,Male,42,No,Yes,Tamil Nadu,Madurai,217328,High Value,36-45
C002709,Oeshi Mani,Male,53,No,No,Rajasthan,Udaipur,248729,Value,46-55
C002710,Veer Narula,Male,41,No,No,Tamil Nadu,Chennai,202917,Mass Market,36-45
C002711,Xavier Jha,Female,48,No,Yes,Uttar Pradesh,Agra,651342,Value,46-55
C002712,Yuvraj Kapadia,Male,56,No,Yes,Tamil Nadu,Coimbatore,457813,Value,56-65
C002713,Ekanta Goswami,Male,63,Yes,No,Karnataka,Mysuru,456253,Premium,56-65
C002714,Abeer Bhattacharyya,Male,30,No,No,Delhi,New Delhi,302413,High Value,26-35
C002715,Ekaraj Hans,Male,27,No,No,Tamil Nadu,Chennai,11314,High Value,26-35
C002716,Lohit Jayaraman,Male,40,No,No,Madhya Pradesh,Indore,442143,High Value,36-45
C002717,Gavin Ghose,Female,35,No,No,Madhya Pradesh,Bhopal,780559,Mass Market,26-35
C002718,Warinder Tripathi,Female,49,No,Yes,Tamil Nadu,Chennai,277026,Premium,46-55
C002719,Pooja Sibal,Female,50,No,Yes,Gujarat,Vadodara,497697,Mass Market,46-55
C002720,Nitesh Hora,Male,53,No,Yes,Delhi,New Delhi,256964,Mass Market,46-55
C002721,Panini Goda,Female,45,No,Yes,Tamil Nadu,Coimbatore,135076,Premium,36-45
C002722,Chavvi Mangal,Female,33,No,Yes,Maharashtra,Nagpur,996727,Value,26-35
C002723,Saksham Magar,Female,33,No,No,Karnataka,Mysuru,339680,High Value,26-35
C002724,Fariq Parsa,Male,35,No,No,Karnataka,Mysuru,711947,Mass Market,26-35
C002725,Krishna Ganesh,Male,25,No,No,Karnataka,Mangaluru,52201,Premium,18-25
C002726,Ridhi Sami,Male,59,No,No,Karnataka,Mangaluru,270422,Mass Market,56-65
C002727,Nachiket Subramaniam,Male,33,No,No,Rajasthan,Udaipur,933238,Mass Market,26-35
C002728,Lakshmi Sane,Male,28,No,No,Maharashtra,Pune,433161,Value,26-35
C002729,Charita Yogi,Male,23,No,No,Gujarat,Surat,697446,Mass Market,18-25
C002730,Parth Kurian,Male,18,No,No,Gujarat,Ahmedabad,71198,Value,18-25
C002731,Ubika Mohan,Female,29,No,Yes,Maharashtra,Nashik,111578,High Value,26-35
C002732,Bhanumati Prashad,Male,55,No,No,Maharashtra,Mumbai,239037,Value,46-55
C002733,Ekbal Nath,Male,45,No,No,Karnataka,Mysuru,558602,Mass Market,36-45
C002734,Upasna Hayre,Female,62,Yes,No,Rajasthan,Jodhpur,423624,Mass Market,56-65
C002735,Ranveer Agrawal,Female,34,No,Yes,Gujarat,Ahmedabad,884693,Value,26-35
C002736,Xiti Prasad,Female,18,No,No,Telangana,Hyderabad,147875,Value,18-25
C002737,Nidhi Sagar,Female,49,No,No,Tamil Nadu,Madurai,805711,Value,46-55
C002738,Kashvi Rajagopalan,Male,25,No,Yes,Madhya Pradesh,Indore,844400,Mass Market,18-25
C002739,Darika Bobal,Female,57,No,No,Karnataka,Mysuru,748942,Premium,56-65
C002740,Balvan Dash,Male,60,Yes,Yes,Punjab,Ludhiana,437936,Mass Market,56-65
C002741,Nicholas Hari,Male,63,Yes,Yes,Punjab,Ludhiana,604486,Value,56-65
C002742,Aadhya Pall,Male,41,No,Yes,Gujarat,Surat,118816,Value,36-45
C002743,Jyoti Bhardwaj,Male,27,No,No,Gujarat,Ahmedabad,827734,Mass Market,26-35
C002744,Panini Koshy,Male,64,Yes,Yes,Gujarat,Vadodara,749678,Premium,56-65
C002745,Vanya Banerjee,Female,56,No,No,Uttar Pradesh,Agra,527331,Value,56-65
C002746,Ayaan Divan,Female,56,No,Yes,Madhya Pradesh,Bhopal,567541,Value,56-65
C002747,Tamanna Din,Female,27,No,Yes,Punjab,Ludhiana,545579,Value,26-35
C002748,Yug Edwin,Male,53,No,No,Rajasthan,Jaipur,79077,High Value,46-55
C002749,Jackson Chanda,Female,42,No,Yes,Gujarat,Surat,455300,Value,36-45
C002750,Mitali Buch,Female,67,Yes,Yes,Delhi,Delhi,731412,Mass Market,65+
C002751,Pallavi Gandhi,Male,27,No,Yes,Telangana,Warangal,259212,Mass Market,26-35
C002752,Zayyan Mittal,Female,36,No,No,Gujarat,Ahmedabad,672405,Mass Market,36-45
C002753,Darika Sabharwal,Male,63,Yes,No,Uttar Pradesh,Kanpur,525177,Mass Market,56-65
C002754,Ikbal Padmanabhan,Male,62,Yes,Yes,Punjab,Chandigarh,856526,High Value,56-65
C002755,Amruta Kadakia,Female,32,No,Yes,Delhi,New Delhi,243742,Value,26-35
C002756,Darika Ahuja,Male,33,No,No,Gujarat,Ahmedabad,202204,Premium,26-35
C002757,Vyanjana Agarwal,Male,19,No,Yes,Madhya Pradesh,Bhopal,64960,Mass Market,18-25
C002758,Ekaraj Sahni,Female,46,No,No,Punjab,Amritsar,265201,Value,46-55
C002759,Bhavya Sankar,Female,21,No,No,Madhya Pradesh,Indore,876096,High Value,18-25
C002760,Patrick Prasad,Male,70,Yes,No,Madhya Pradesh,Indore,372500,Mass Market,65+
C002761,Krish Hora,Male,67,Yes,Yes,West Bengal,Kolkata,219569,Value,65+
C002762,Qabil Thakkar,Male,46,No,No,Rajasthan,Udaipur,205065,High Value,46-55
C002763,Shravya Kala,Female,48,No,No,Uttar Pradesh,Noida,696158,High Value,46-55
C002764,Sai Bhargava,Male,34,No,No,Tamil Nadu,Madurai,452364,Premium,26-35
C002765,Rehaan Lad,Male,27,No,No,Uttar Pradesh,Noida,110020,Premium,26-35
C002766,Ridhi Chopra,Female,44,No,No,Uttar Pradesh,Kanpur,760406,Value,36-45
C002767,Fariq Memon,Male,70,Yes,No,Punjab,Amritsar,321517,Mass Market,65+
C002768,Krishna Dash,Male,58,No,Yes,West Bengal,Howrah,196792,Premium,56-65
C002769,Devansh Oommen,Male,32,No,No,Delhi,Delhi,58653,High Value,26-35
C002770,Wahab Sridhar,Female,61,Yes,Yes,Rajasthan,Jaipur,434220,Value,56-65
C002771,Harrison Andra,Male,48,No,No,Kerala,Thiruvananthapuram,43107,Mass Market,46-55
C002772,Amaira Amble,Male,38,No,No,Tamil Nadu,Madurai,222874,Value,36-45
C002773,Gunbir Kakar,Female,58,No,No,Punjab,Chandigarh,893674,Value,56-65
C002774,Keya Venkatesh,Male,63,Yes,No,Rajasthan,Jaipur,860176,Mass Market,56-65
C002775,Vedika Solanki,Male,62,Yes,Yes,Delhi,Delhi,873880,Premium,56-65
C002776,Pushti Nayar,Male,43,No,Yes,West Bengal,Howrah,113052,Value,36-45
C002777,Hemal Murty,Male,55,No,No,Tamil Nadu,Chennai,383522,Value,46-55
C002778,Jalsa Rastogi,Male,68,Yes,No,Telangana,Hyderabad,775044,Mass Market,65+
C002779,Dakshesh Parekh,Male,53,No,No,Madhya Pradesh,Bhopal,632448,Mass Market,46-55
C002780,Harish Aggarwal,Male,69,Yes,Yes,Gujarat,Vadodara,846041,Value,65+
C002781,Neelima Dewan,Male,34,No,No,Tamil Nadu,Coimbatore,616554,Value,26-35
C002782,Jason Wali,Female,68,Yes,No,Gujarat,Surat,793399,Mass Market,65+
C002783,Yuvraj Pillay,Female,20,No,No,Uttar Pradesh,Lucknow,21461,Mass Market,18-25
C002784,Vaishnavi Varma,Female,31,No,No,Maharashtra,Pune,904761,Mass Market,26-35
C002785,Raghav Aggarwal,Female,66,Yes,No,Punjab,Chandigarh,296544,Value,65+
C002786,Anay Parsa,Male,30,No,No,Maharashtra,Nagpur,904377,High Value,26-35
C002787,Eshana Sawhney,Female,58,No,No,Gujarat,Vadodara,296705,Premium,56-65
C002788,Vedhika Ratta,Male,44,No,Yes,Delhi,New Delhi,356237,Premium,36-45
C002789,Ijaya Sangha,Female,18,No,No,Rajasthan,Udaipur,464560,Value,18-25
C002790,Harish Rajan,Female,34,No,No,West Bengal,Kolkata,851199,Value,26-35
C002791,Robert Dhar,Female,65,Yes,No,Gujarat,Vadodara,656322,Mass Market,56-65
C002792,Joshua Tank,Female,67,Yes,No,Telangana,Hyderabad,791117,Premium,65+
C002793,Charvi Sibal,Female,51,No,No,Uttar Pradesh,Kanpur,125927,Value,46-55
C002794,Sanaya D’Alia,Male,31,No,No,West Bengal,Howrah,916942,Premium,26-35
C002795,Wridesh Kohli,Male,34,No,No,West Bengal,Kolkata,292538,Value,26-35
C002796,Onkar Chakraborty,Female,20,No,No,Tamil Nadu,Coimbatore,187576,Mass Market,18-25
C002797,Radhika Balakrishnan,Male,51,No,No,Maharashtra,Mumbai,765722,Mass Market,46-55
C002798,Eta Rajagopal,Female,57,No,Yes,Delhi,Delhi,588366,Premium,56-65
C002799,Thomas Kurian,Female,42,No,No,Rajasthan,Udaipur,798334,Mass Market,36-45
C002800,Jatin Deshpande,Male,19,No,No,Punjab,Ludhiana,833783,Mass Market,18-25
C002801,Gautam Natarajan,Female,51,No,Yes,Tamil Nadu,Madurai,159266,High Value,46-55
C002802,Dhruv Oza,Female,43,No,Yes,Delhi,Delhi,680807,Value,36-45
C002803,Lakshmi Sarkar,Female,48,No,No,Kerala,Thiruvananthapuram,653000,Mass Market,46-55
C002804,Udant Lad,Female,26,No,No,Tamil Nadu,Madurai,275093,Mass Market,26-35
C002805,Bina Chahal,Male,47,No,No,Rajasthan,Jodhpur,47092,Mass Market,46-55
C002806,Gaurav Oak,Female,37,No,Yes,Telangana,Hyderabad,337142,Value,36-45
C002807,Jack Pillai,Female,38,No,Yes,Karnataka,Mysuru,374727,Premium,36-45
C002808,Dhriti Rai,Male,46,No,No,Tamil Nadu,Coimbatore,922689,Mass Market,46-55
C002809,Deepa Bhatia,Male,42,No,Yes,West Bengal,Howrah,954276,Premium,36-45
C002810,Lipika Sampath,Female,55,No,Yes,Delhi,New Delhi,933698,Mass Market,46-55
C002811,Janya Date,Male,61,Yes,Yes,Maharashtra,Nagpur,240728,Mass Market,56-65
C002812,Hredhaan Rana,Female,42,No,Yes,Punjab,Amritsar,959816,High Value,36-45
C002813,Triveni Mutti,Female,26,No,Yes,Tamil Nadu,Madurai,809809,Mass Market,26-35
C002814,Chaman Kanda,Male,56,No,No,West Bengal,Kolkata,409336,Premium,56-65
C002815,Tamanna Din,Female,61,Yes,Yes,Rajasthan,Udaipur,724452,Premium,56-65
C002816,Madhav Banerjee,Female,43,No,No,Punjab,Chandigarh,759426,Mass Market,36-45
C002817,Dayamai Thakkar,Male,54,No,No,Rajasthan,Jodhpur,327222,Value,46-55
C002818,Anusha Sridhar,Male,33,No,No,Madhya Pradesh,Indore,553250,Value,26-35
C002819,Warda Manne,Male,54,No,No,Uttar Pradesh,Noida,699329,High Value,46-55
C002820,Daniel Nath,Male,29,No,No,Punjab,Ludhiana,451165,Value,26-35
C002821,Shivansh Kar,Female,41,No,No,Punjab,Chandigarh,608624,Value,36-45
C002822,Praneel Sura,Male,43,No,No,Kerala,Kochi,133966,Mass Market,36-45
C002823,Chandani Dutta,Female,37,No,No,Maharashtra,Nagpur,575296,Value,36-45
C002824,Manya Nazareth,Male,26,No,No,West Bengal,Kolkata,471181,Mass Market,26-35
C002825,Urvashi Pall,Male,40,No,No,Madhya Pradesh,Bhopal,207239,Mass Market,36-45
C002826,Mahika Bora,Female,56,No,Yes,Rajasthan,Jodhpur,918465,High Value,56-65
C002827,Barkha Hayer,Female,46,No,No,Gujarat,Vadodara,63698,Mass Market,46-55
C002828,Gunbir Deep,Male,48,No,No,Madhya Pradesh,Indore,167655,Mass Market,46-55
C002829,Chatura Modi,Male,36,No,No,Kerala,Thiruvananthapuram,966976,Value,36-45
C002830,Nihal Devan,Male,37,No,Yes,Telangana,Warangal,223644,Premium,36-45
C002831,Vasudha Manne,Male,40,No,No,West Bengal,Kolkata,143704,Mass Market,36-45
C002832,Shaurya Kamdar,Female,60,Yes,No,Karnataka,Mysuru,424916,Mass Market,56-65
C002833,Aditya Pathak,Male,44,No,Yes,Delhi,New Delhi,631777,Mass Market,36-45
C002834,Manbir Puri,Male,47,No,No,Gujarat,Vadodara,422212,Mass Market,46-55
C002835,Om Bhalla,Male,38,No,No,Delhi,New Delhi,219738,Value,36-45
C002836,Ishani Som,Female,61,Yes,No,Gujarat,Surat,903473,Value,56-65
C002837,Charles Dalal,Female,52,No,No,Madhya Pradesh,Bhopal,751029,Value,46-55
C002838,Radha Dixit,Male,66,Yes,No,Karnataka,Bengaluru,838508,Value,65+
C002839,Yash Bandi,Female,24,No,No,Delhi,New Delhi,327104,Premium,18-25
C002840,Wridesh Ranganathan,Male,39,No,No,Rajasthan,Jodhpur,351356,Value,36-45
C002841,Chasmum Gera,Male,27,No,No,Telangana,Warangal,431719,High Value,26-35
C002842,Gaurav Sheth,Female,40,No,No,Kerala,Kochi,633547,Value,36-45
C002843,Anvi Saxena,Female,32,No,No,Telangana,Warangal,543382,Premium,26-35
C002844,Advay Dar,Female,47,No,No,West Bengal,Kolkata,417689,Value,46-55
C002845,Fitan Dara,Female,51,No,Yes,Rajasthan,Jodhpur,206829,Value,46-55
C002846,Yashodhara Kar,Male,30,No,Yes,Kerala,Kochi,580284,Premium,26-35
C002847,Varsha Mahal,Female,21,No,No,Uttar Pradesh,Noida,718691,Mass Market,18-25
C002848,Pratyush Rajagopalan,Male,35,No,No,Madhya Pradesh,Bhopal,625499,Value,26-35
C002849,Radha Misra,Female,40,No,No,Rajasthan,Udaipur,145365,Premium,36-45
C002850,Hardik Nanda,Male,50,No,Yes,Telangana,Warangal,338613,Premium,46-55
C002851,Qasim Ravi,Female,51,No,No,Delhi,Delhi,746161,Value,46-55
C002852,Meera Yadav,Male,51,No,Yes,Madhya Pradesh,Bhopal,54337,Value,46-55
C002853,Devansh Venkataraman,Male,53,No,No,Tamil Nadu,Coimbatore,736712,Mass Market,46-55
C002854,Sarthak Dalal,Female,52,No,Yes,West Bengal,Howrah,470695,High Value,46-55
C002855,Pranit Ahluwalia,Male,34,No,No,Delhi,Delhi,121789,Mass Market,26-35
C002856,Dipta Das,Male,45,No,Yes,Telangana,Hyderabad,69729,Premium,36-45
C002857,Kabir Jhaveri,Male,31,No,Yes,Gujarat,Ahmedabad,720418,Mass Market,26-35
C002858,Gagan Kunda,Male,51,No,No,Rajasthan,Udaipur,293191,Mass Market,46-55
C002859,Frado Dash,Male,65,Yes,Yes,Madhya Pradesh,Indore,787586,Mass Market,56-65
C002860,Januja Garg,Male,28,No,Yes,Gujarat,Ahmedabad,740192,Value,26-35
C002861,Aadi Kothari,Female,30,No,No,Gujarat,Surat,531755,Mass Market,26-35
C002862,Chakradhar Venkataraman,Male,50,No,Yes,Gujarat,Ahmedabad,461614,Mass Market,46-55
C002863,Sai Dey,Female,19,No,No,Telangana,Warangal,840397,Mass Market,18-25
C002864,Dhriti Virk,Female,51,No,Yes,Karnataka,Bengaluru,675457,Mass Market,46-55
C002865,Yashvi Kadakia,Male,70,Yes,Yes,Maharashtra,Nagpur,909414,Mass Market,65+
C002866,Chaitanya Khalsa,Female,46,No,No,Delhi,New Delhi,509563,Mass Market,46-55
C002867,Raghav Dhar,Male,54,No,Yes,Delhi,Delhi,38552,Premium,46-55
C002868,Tanveer Desai,Female,21,No,No,Madhya Pradesh,Bhopal,313299,Value,18-25
C002869,Jagrati Mall,Male,29,No,No,West Bengal,Kolkata,783435,Value,26-35
C002870,Pahal Borde,Male,43,No,Yes,Punjab,Amritsar,991977,High Value,36-45
C002871,Abha Raj,Female,45,No,No,Gujarat,Ahmedabad,385869,Value,36-45
C002872,Mugdha Shan,Female,20,No,Yes,Rajasthan,Jodhpur,254376,High Value,18-25
C002873,Aachal Sandal,Female,37,No,Yes,Uttar Pradesh,Kanpur,662871,Mass Market,36-45
C002874,Samar Bobal,Male,27,No,Yes,Tamil Nadu,Madurai,716535,Value,26-35
C002875,Reyansh Pradhan,Female,69,Yes,No,Punjab,Chandigarh,539450,Mass Market,65+
C002876,Oni Dube,Male,35,No,No,Karnataka,Mangaluru,989582,Value,26-35
C002877,Radha Raghavan,Male,70,Yes,Yes,Telangana,Warangal,863099,Value,65+
C002878,Yug Brahmbhatt,Male,70,Yes,No,Punjab,Amritsar,285541,Mass Market,65+
C002879,Jeet Wali,Female,70,Yes,No,Rajasthan,Jaipur,939431,Premium,65+
C002880,Niharika Bhatti,Male,44,No,Yes,Karnataka,Mysuru,914215,Value,36-45
C002881,Gaurav Patil,Male,48,No,No,Delhi,New Delhi,409676,Mass Market,46-55
C002882,Anjali Dhingra,Female,44,No,No,West Bengal,Kolkata,428574,Value,36-45
C002883,Anusha Anne,Male,59,No,Yes,Telangana,Warangal,405277,Premium,56-65
C002884,Krishna Kapadia,Male,18,No,Yes,Rajasthan,Jaipur,354766,Mass Market,18-25
C002885,Henry Dasgupta,Male,23,No,No,Maharashtra,Nashik,77997,Mass Market,18-25
C002886,Damini Suri,Female,28,No,No,Rajasthan,Jodhpur,109065,Premium,26-35
C002887,Ikshita Manda,Male,51,No,No,Tamil Nadu,Coimbatore,940723,High Value,46-55
C002888,Hardik Bava,Male,56,No,Yes,Kerala,Kochi,615041,Mass Market,56-65
C002889,Eesha Ramachandran,Female,37,No,No,Delhi,Delhi,708292,High Value,36-45
C002890,Hemani Wali,Female,70,Yes,No,Maharashtra,Mumbai,92513,Mass Market,65+
C002891,Vansha Datta,Male,38,No,No,Gujarat,Ahmedabad,29501,High Value,36-45
C002892,Aditya Varghese,Female,38,No,Yes,Uttar Pradesh,Noida,474729,Value,36-45
C002893,Jonathan Dhar,Female,35,No,No,Uttar Pradesh,Kanpur,555237,Premium,26-35
C002894,Amara Bera,Female,38,No,Yes,Uttar Pradesh,Agra,904975,Premium,36-45
C002895,Zaid Sahota,Male,36,No,No,Punjab,Chandigarh,456844,Mass Market,36-45
C002896,Qadim Sarna,Female,21,No,No,Telangana,Hyderabad,633338,Mass Market,18-25
C002897,Upadhriti Thakkar,Male,30,No,No,Gujarat,Ahmedabad,651903,Value,26-35
C002898,Anya Sangha,Male,35,No,Yes,Kerala,Kochi,830824,Mass Market,26-35
C002899,Dalaja Chahal,Male,69,Yes,No,Madhya Pradesh,Indore,301606,Value,65+
C002900,Niharika Munshi,Male,46,No,No,Gujarat,Vadodara,490359,High Value,46-55
C002901,Fariq Bose,Male,42,No,No,Tamil Nadu,Coimbatore,417733,Mass Market,36-45
C002902,Girik Gandhi,Female,30,No,No,Delhi,Delhi,307182,Value,26-35
C002903,Frado Mangal,Male,44,No,Yes,West Bengal,Kolkata,821606,Mass Market,36-45
C002904,Advaith Samra,Male,36,No,No,Maharashtra,Nagpur,923186,Value,36-45
C002905,Varsha Tank,Male,66,Yes,No,Gujarat,Vadodara,811080,Mass Market,65+
C002906,Nidra Atwal,Male,18,No,No,Tamil Nadu,Coimbatore,388369,Mass Market,18-25
C002907,Abhimanyu Sandal,Female,55,No,No,Tamil Nadu,Coimbatore,25795,Premium,46-55
C002908,Yash Wable,Male,36,No,No,Rajasthan,Udaipur,564411,Premium,36-45
C002909,Saumya Ganguly,Male,69,Yes,No,Uttar Pradesh,Kanpur,547286,Premium,65+
C002910,Parth Borde,Male,18,No,Yes,West Bengal,Kolkata,996240,Premium,18-25
C002911,Kiaan Varkey,Male,57,No,No,Madhya Pradesh,Indore,384920,Value,56-65
C002912,Charan Sami,Male,34,No,No,Rajasthan,Jodhpur,175914,Premium,26-35
C002913,Ladli Garde,Female,38,No,No,Delhi,New Delhi,90903,Mass Market,36-45
C002914,Isaiah Nigam,Female,39,No,No,Delhi,Delhi,728693,Mass Market,36-45
C002915,Jacob Mannan,Male,32,No,Yes,Kerala,Kochi,391067,Mass Market,26-35
C002916,Vasudha Memon,Female,67,Yes,No,Rajasthan,Udaipur,338276,Mass Market,65+
C002917,Tanay Agate,Female,56,No,Yes,Gujarat,Ahmedabad,348024,Mass Market,56-65
C002918,Teerth Mody,Female,65,Yes,Yes,Rajasthan,Jaipur,689923,Mass Market,56-65
C002919,Ubika Sura,Male,56,No,Yes,Uttar Pradesh,Noida,855201,Value,56-65
C002920,Ishani Ahuja,Male,49,No,No,Uttar Pradesh,Kanpur,154448,Mass Market,46-55
C002921,Falguni Misra,Male,66,Yes,No,Punjab,Chandigarh,792074,Premium,65+
C002922,Hredhaan Ahluwalia,Female,21,No,Yes,Gujarat,Vadodara,518703,Value,18-25
C002923,Quincy Ratti,Female,61,Yes,No,Rajasthan,Jodhpur,217759,High Value,56-65
C002924,Aditya Chaudhuri,Male,62,Yes,No,Delhi,Delhi,254983,Mass Market,56-65
C002925,Vyanjana Hora,Male,49,No,No,Rajasthan,Jaipur,32041,Value,46-55
C002926,Yoshita Dube,Female,21,No,No,Karnataka,Mangaluru,372810,Value,18-25
C002927,Jatin Sura,Female,70,Yes,No,Maharashtra,Nagpur,972957,High Value,65+
C002928,Nachiket Krishna,Female,18,No,Yes,West Bengal,Howrah,512637,Mass Market,18-25
C002929,Upma Rana,Female,50,No,No,Maharashtra,Nashik,79633,Mass Market,46-55
C002930,Chandani Patla,Male,24,No,No,Punjab,Ludhiana,225176,Mass Market,18-25
C002931,Qabil Yadav,Female,26,No,No,Maharashtra,Mumbai,689921,Mass Market,26-35
C002932,Ikbal Sarna,Female,18,No,Yes,Maharashtra,Mumbai,746213,Value,18-25
C002933,Neel Dey,Male,33,No,No,Telangana,Warangal,459582,Premium,26-35
C002934,Radha Ahluwalia,Male,35,No,No,Kerala,Thiruvananthapuram,656219,Mass Market,26-35
C002935,Rushil Choudhry,Female,64,Yes,Yes,Kerala,Thiruvananthapuram,959099,Mass Market,56-65
C002936,Bhavani Baria,Male,23,No,No,Telangana,Warangal,414753,Mass Market,18-25
C002937,Megha Sama,Female,19,No,No,Madhya Pradesh,Bhopal,637825,Mass Market,18-25
C002938,Azad Dyal,Female,26,No,No,Punjab,Ludhiana,485864,High Value,26-35
C002939,Varenya Lata,Female,21,No,No,Gujarat,Vadodara,669557,Premium,18-25
C002940,Oviya Suresh,Male,62,Yes,Yes,Kerala,Kochi,51865,Mass Market,56-65
C002941,Joshua Nair,Male,40,No,No,Madhya Pradesh,Indore,679964,Mass Market,36-45
C002942,Yachana Ramachandran,Female,60,Yes,No,Kerala,Thiruvananthapuram,115905,High Value,56-65
C002943,Imaran Chokshi,Male,62,Yes,No,Karnataka,Mangaluru,568704,Mass Market,56-65
C002944,Jonathan Dugal,Female,60,Yes,No,Madhya Pradesh,Bhopal,646979,Value,56-65
C002945,Xiti Arya,Female,68,Yes,Yes,Gujarat,Ahmedabad,80466,High Value,65+
C002946,Charles Oommen,Male,25,No,No,West Bengal,Howrah,638285,Value,18-25
C002947,Abhiram Saraf,Male,56,No,No,Punjab,Chandigarh,416275,Mass Market,56-65
C002948,Bimala Manda,Male,42,No,Yes,Maharashtra,Nashik,209225,Mass Market,36-45
C002949,Fitan Sanghvi,Male,33,No,No,Gujarat,Ahmedabad,123802,High Value,26-35
C002950,Michael Vaidya,Female,52,No,No,Madhya Pradesh,Bhopal,462763,Mass Market,46-55
C002951,Zaid Mand,Female,34,No,No,Maharashtra,Nagpur,148749,Mass Market,26-35
C002952,Adya Kota,Female,35,No,No,West Bengal,Howrah,151295,Premium,26-35
C002953,Rushil Som,Female,44,No,No,Madhya Pradesh,Bhopal,589385,Premium,36-45
C002954,Yadavi Golla,Male,32,No,No,Tamil Nadu,Coimbatore,358499,Value,26-35
C002955,Manthan Karnik,Female,34,No,Yes,Madhya Pradesh,Indore,695359,Mass Market,26-35
C002956,Kevin Rattan,Female,60,Yes,No,Telangana,Warangal,228751,Value,56-65
C002957,Anusha Handa,Female,22,No,Yes,Maharashtra,Nagpur,90181,Mass Market,18-25
C002958,Pooja Badami,Female,33,No,No,Uttar Pradesh,Lucknow,497311,Mass Market,26-35
C002959,Gavin Behl,Male,32,No,Yes,West Bengal,Kolkata,496336,Premium,26-35
C002960,Nikita Vohra,Female,59,No,Yes,Delhi,New Delhi,989105,Mass Market,56-65
C002961,Vihaan Kapadia,Male,63,Yes,Yes,Telangana,Warangal,459619,Mass Market,56-65
C002962,Pooja Srinivas,Male,51,No,No,Telangana,Hyderabad,400597,Mass Market,46-55
C002963,Yashvi Sane,Male,65,Yes,No,Rajasthan,Jaipur,834459,Value,56-65
C002964,Daksha Choudhary,Female,36,No,No,Delhi,New Delhi,210420,Premium,36-45
C002965,Januja Mand,Female,25,No,Yes,Punjab,Ludhiana,182865,Premium,18-25
C002966,Omya Koshy,Female,64,Yes,No,Tamil Nadu,Coimbatore,907872,Value,56-65
C002967,Champak Gopal,Female,27,No,No,Madhya Pradesh,Indore,505415,Value,26-35
C002968,Aadi Ben,Female,22,No,Yes,Rajasthan,Jodhpur,909375,Value,18-25
C002969,Simon Mangal,Female,69,Yes,No,Gujarat,Ahmedabad,707960,Mass Market,65+
C002970,Ati Chaudhuri,Male,65,Yes,No,Telangana,Hyderabad,169413,Mass Market,56-65
C002971,Qasim Krishnan,Male,70,Yes,No,Tamil Nadu,Madurai,128483,Value,65+
C002972,Januja Natt,Male,43,No,Yes,Delhi,Delhi,955958,Mass Market,36-45
C002973,Isaac Chatterjee,Female,39,No,Yes,Tamil Nadu,Chennai,770699,Mass Market,36-45
C002974,Kalpit Narula,Female,61,Yes,No,Karnataka,Mysuru,269156,Value,56-65
C002975,Janaki Wadhwa,Male,40,No,No,Kerala,Kochi,906082,Value,36-45
C002976,Wazir Majumdar,Male,30,No,Yes,Karnataka,Mangaluru,610023,Value,26-35
C002977,Leena Chahal,Female,26,No,Yes,West Bengal,Howrah,120945,Premium,26-35
C002978,Kalpit Dara,Male,66,Yes,No,Karnataka,Mysuru,915734,Value,65+
C002979,Rayaan Hans,Female,37,No,No,Telangana,Hyderabad,385633,High Value,36-45
C002980,Hardik Borde,Female,45,No,No,West Bengal,Howrah,598491,Mass Market,36-45
C002981,Charvi Som,Male,61,Yes,Yes,Karnataka,Mangaluru,878701,Value,56-65
C002982,Mitesh Bassi,Male,54,No,No,Madhya Pradesh,Indore,113379,Mass Market,46-55
C002983,Rehaan Sahota,Female,41,No,Yes,Madhya Pradesh,Indore,233143,Mass Market,36-45
C002984,Idika Pau,Female,61,Yes,No,Delhi,Delhi,417071,Premium,56-65
C002985,Jacob Sarin,Male,50,No,Yes,Madhya Pradesh,Bhopal,787963,Mass Market,46-55
C002986,Vasudha Saini,Female,37,No,No,West Bengal,Kolkata,879081,Mass Market,36-45
C002987,Ojas Mahal,Male,65,Yes,No,Tamil Nadu,Coimbatore,220822,Value,56-65
C002988,Bimala Bath,Male,47,No,No,Maharashtra,Mumbai,448435,Mass Market,46-55
C002989,Ranveer Rao,Female,61,Yes,Yes,Kerala,Kochi,978816,Value,56-65
C002990,Yochana Borde,Female,26,No,Yes,Madhya Pradesh,Indore,957104,Mass Market,26-35
C002991,Raksha Upadhyay,Male,62,Yes,Yes,Rajasthan,Jaipur,599002,Mass Market,56-65
C002992,Madhavi Rattan,Female,66,Yes,No,Karnataka,Mysuru,224170,Premium,65+
C002993,Samuel Gour,Female,34,No,No,Punjab,Chandigarh,831377,Value,26-35
C002994,Nathaniel Kamdar,Male,53,No,No,West Bengal,Kolkata,340305,Value,46-55
C002995,Yochana Shah,Male,31,No,Yes,Gujarat,Vadodara,925173,Value,26-35
C002996,Chavvi Kannan,Female,36,No,Yes,Madhya Pradesh,Indore,358136,Premium,36-45
C002997,Amrita Dani,Male,24,No,Yes,Kerala,Thiruvananthapuram,201529,Premium,18-25
C002998,Udarsh Bath,Male,20,No,No,Gujarat,Ahmedabad,968546,Mass Market,18-25
C002999,Bishakha Baral,Male,50,No,No,Rajasthan,Jaipur,116700,Mass Market,46-55
C003000,Arunima Deol,Female,61,Yes,No,Kerala,Thiruvananthapuram,208212,Mass Market,56-65
C003001,Charan Kothari,Female,49,No,No,Telangana,Hyderabad,76645,Mass Market,46-55
C003002,Jack Agarwal,Female,64,Yes,Yes,Telangana,Warangal,629213,Mass Market,56-65
C003003,Jyoti Nair,Male,28,No,Yes,Kerala,Kochi,11344,Mass Market,26-35
C003004,Aishani Deol,Female,59,No,No,Karnataka,Mysuru,895092,Premium,56-65
C003005,Chaitaly Nair,Female,19,No,No,Maharashtra,Mumbai,848994,Value,18-25
C003006,Advaith Parekh,Female,43,No,Yes,Madhya Pradesh,Indore,494972,Mass Market,36-45
C003007,Ati Goda,Female,21,No,Yes,Karnataka,Mysuru,472047,Value,18-25
C003008,Amol Yogi,Male,34,No,Yes,Maharashtra,Mumbai,421756,Premium,26-35
C003009,Lavanya Kurian,Female,34,No,Yes,Gujarat,Vadodara,949046,Mass Market,26-35
C003010,Riya Kannan,Male,45,No,Yes,Rajasthan,Jaipur,144446,Value,36-45
C003011,Amruta Jani,Male,47,No,Yes,Karnataka,Bengaluru,748145,Mass Market,46-55
C003012,Nachiket Sehgal,Male,57,No,No,Kerala,Thiruvananthapuram,528886,Value,56-65
C003013,Radha Pillay,Male,40,No,Yes,Telangana,Warangal,650893,Mass Market,36-45
C003014,Varenya Chander,Male,63,Yes,Yes,Tamil Nadu,Coimbatore,431784,Value,56-65
C003015,Pratyush Sharaf,Female,41,No,No,West Bengal,Kolkata,139136,Value,36-45
C003016,Patrick Gulati,Male,46,No,No,Kerala,Thiruvananthapuram,548393,Value,46-55
C003017,Pranit Manda,Female,21,No,No,Punjab,Chandigarh,772715,Value,18-25
C003018,Dayita Gaba,Male,55,No,Yes,Gujarat,Vadodara,224125,Value,46-55
C003019,Meera Guha,Male,46,No,No,Delhi,New Delhi,383412,Mass Market,46-55
C003020,Luke Bora,Female,36,No,Yes,West Bengal,Kolkata,722372,Value,36-45
C003021,Yatan Sha,Male,44,No,No,Rajasthan,Udaipur,741975,Premium,36-45
C003022,Harish Vyas,Male,46,No,Yes,Kerala,Kochi,700632,Premium,46-55
C003023,Advik Chaudhry,Female,53,No,Yes,Maharashtra,Pune,998877,High Value,46-55
C003024,Leena Bail,Male,52,No,No,Gujarat,Surat,352108,Mass Market,46-55
C003025,Agastya Bassi,Male,69,Yes,No,Punjab,Ludhiana,837558,Mass Market,65+
C003026,Yuvraj Chacko,Male,23,No,No,Uttar Pradesh,Noida,632189,Value,18-25
C003027,Luke Arya,Female,40,No,Yes,West Bengal,Kolkata,510885,Mass Market,36-45
C003028,Hitesh Nigam,Female,56,No,Yes,Tamil Nadu,Coimbatore,811994,Mass Market,56-65
C003029,Samaksh Dewan,Female,63,Yes,No,Madhya Pradesh,Bhopal,817834,Value,56-65
C003030,Sachi Gade,Female,61,Yes,No,Punjab,Chandigarh,64339,Mass Market,56-65
C003031,Garima Srinivas,Male,65,Yes,No,Madhya Pradesh,Indore,534334,Mass Market,56-65
C003032,Yagnesh Bhalla,Male,69,Yes,No,Uttar Pradesh,Lucknow,197204,High Value,65+
C003033,Jatin Bail,Female,25,No,Yes,Delhi,New Delhi,932424,Mass Market,18-25
C003034,Harshil Minhas,Male,19,No,No,West Bengal,Kolkata,9173,Mass Market,18-25
C003035,Yasti Sagar,Male,30,No,Yes,Uttar Pradesh,Agra,633243,Mass Market,26-35
C003036,Aarav Kapur,Male,57,No,Yes,Delhi,Delhi,872447,Premium,56-65
C003037,Utkarsh Sane,Male,38,No,No,Punjab,Ludhiana,907121,Premium,36-45
C003038,Manan Pandit,Female,48,No,No,Madhya Pradesh,Bhopal,579896,Mass Market,46-55
C003039,Upkaar Rajagopalan,Male,69,Yes,Yes,Gujarat,Ahmedabad,24198,Mass Market,65+
C003040,Vyanjana Gara,Male,65,Yes,Yes,Uttar Pradesh,Noida,724495,Premium,56-65
C003041,Udarsh Chaudry,Male,53,No,No,Karnataka,Mysuru,76991,Mass Market,46-55
C003042,Ishanvi Bose,Female,65,Yes,No,Rajasthan,Udaipur,283119,High Value,56-65
C003043,Jagat Patel,Male,69,Yes,Yes,Tamil Nadu,Chennai,789516,Value,65+
C003044,Caleb Dora,Male,55,No,Yes,West Bengal,Kolkata,501800,Mass Market,46-55
C003045,Priya Wali,Female,44,No,Yes,Kerala,Thiruvananthapuram,440277,Premium,36-45
C003046,Pratyush Sandal,Female,53,No,No,Karnataka,Mangaluru,12316,Mass Market,46-55
C003047,Charvi Mangat,Male,65,Yes,No,Rajasthan,Jaipur,575100,Mass Market,56-65
C003048,Hemang Madan,Male,40,No,No,Delhi,Delhi,366857,Mass Market,36-45
C003049,Jyoti Lanka,Male,38,No,No,Rajasthan,Jaipur,397384,Premium,36-45
C003050,Aarnav Dixit,Male,30,No,No,Delhi,New Delhi,184581,Mass Market,26-35
C003051,Ekaja Divan,Male,54,No,Yes,West Bengal,Howrah,302129,Mass Market,46-55
C003052,Sanya Sridhar,Male,64,Yes,Yes,Delhi,Delhi,823637,Mass Market,56-65
C003053,Isaiah Sane,Male,43,No,No,West Bengal,Kolkata,511298,Premium,36-45
C003054,Maanav Chana,Male,57,No,No,Maharashtra,Pune,310262,Mass Market,56-65
C003055,Joshua Gopal,Female,24,No,No,Gujarat,Surat,705067,Mass Market,18-25
C003056,Ira Nagar,Female,63,Yes,No,Madhya Pradesh,Bhopal,825229,Value,56-65
C003057,Panini Srivastava,Female,56,No,No,West Bengal,Kolkata,546547,Premium,56-65
C003058,Gauri Devi,Male,39,No,Yes,Telangana,Hyderabad,316914,Premium,36-45
C003059,Leela Sahota,Male,56,No,Yes,Punjab,Ludhiana,590365,Mass Market,56-65
C003060,Waida Walia,Female,40,No,Yes,Punjab,Amritsar,542372,Premium,36-45
C003061,Leena Chacko,Male,47,No,Yes,Maharashtra,Mumbai,667622,Value,46-55
C003062,Theodore Chahal,Male,35,No,No,Kerala,Kochi,761747,Mass Market,26-35
C003063,Janaki Agate,Female,59,No,Yes,Gujarat,Surat,455224,Premium,56-65
C003064,Anay Patil,Female,35,No,Yes,Telangana,Warangal,59642,Value,26-35
C003065,Kiaan Choudhary,Female,63,Yes,No,Karnataka,Bengaluru,497806,Value,56-65
C003066,Ikshita Patel,Male,27,No,Yes,Telangana,Warangal,371960,High Value,26-35
C003067,Chaitaly Sharma,Male,56,No,No,Gujarat,Vadodara,489731,Value,56-65
C003068,Oviya Kibe,Female,47,No,No,Tamil Nadu,Coimbatore,601565,Mass Market,46-55
C003069,Udarsh Bhalla,Male,43,No,No,Delhi,Delhi,995211,Premium,36-45
C003070,Jacob Dhar,Female,24,No,No,Delhi,New Delhi,424015,Mass Market,18-25
C003071,Atharv Samra,Female,24,No,Yes,Karnataka,Mysuru,437908,Value,18-25
C003072,Chatura Cherian,Female,22,No,Yes,Punjab,Chandigarh,808835,Mass Market,18-25
C003073,Vansha Dugar,Male,18,No,No,Gujarat,Ahmedabad,583645,Mass Market,18-25
C003074,Manan Pau,Male,63,Yes,No,Kerala,Kochi,875979,Value,56-65
C003075,Farhan Konda,Female,35,No,No,Maharashtra,Mumbai,425429,Value,26-35
C003076,Advik Saha,Female,30,No,Yes,Punjab,Ludhiana,436827,Value,26-35
C003077,Qabil Singhal,Female,42,No,No,West Bengal,Kolkata,684978,Premium,36-45
C003078,Chandani Singhal,Male,57,No,No,Rajasthan,Jaipur,78672,Mass Market,56-65
C003079,Geetika Sawhney,Male,25,No,No,West Bengal,Kolkata,308158,Value,18-25
C003080,Bhavini Choudhry,Female,27,No,Yes,Punjab,Ludhiana,867894,Premium,26-35
C003081,Darpan Balay,Female,49,No,No,Karnataka,Mangaluru,119324,Premium,46-55
C003082,Yahvi Dyal,Female,34,No,No,Gujarat,Surat,719992,Value,26-35
C003083,Meghana Sampath,Male,55,No,No,Telangana,Warangal,523710,Mass Market,46-55
C003084,Aarna Thaker,Female,32,No,Yes,Tamil Nadu,Coimbatore,295963,Value,26-35
C003085,Utkarsh Sampath,Female,32,No,No,Karnataka,Mangaluru,187570,Value,26-35
C003086,Anita Chanda,Female,65,Yes,Yes,Tamil Nadu,Coimbatore,320936,Mass Market,56-65
C003087,Jeremiah Kakar,Male,57,No,Yes,Gujarat,Ahmedabad,301446,Value,56-65
C003088,Daksh Kanda,Male,68,Yes,No,Rajasthan,Udaipur,197294,Mass Market,65+
C003089,Qarin Brahmbhatt,Female,37,No,Yes,Kerala,Kochi,36758,High Value,36-45
C003090,Vansha Munshi,Male,32,No,No,Gujarat,Surat,693289,Premium,26-35
C003091,Lajita Gala,Male,52,No,No,Uttar Pradesh,Lucknow,11713,Mass Market,46-55
C003092,Kamya Samra,Female,23,No,Yes,Madhya Pradesh,Bhopal,370971,Mass Market,18-25
C003093,Anamika Chopra,Male,47,No,No,Madhya Pradesh,Indore,679087,Premium,46-55
C003094,Faras Patil,Female,25,No,No,Madhya Pradesh,Indore,373169,Premium,18-25
C003095,Ayaan Khatri,Male,48,No,Yes,Madhya Pradesh,Indore,759274,High Value,46-55
C003096,Nicholas Chhabra,Female,65,Yes,No,Telangana,Warangal,10069,Mass Market,56-65
C003097,Siddharth Apte,Female,64,Yes,Yes,Delhi,Delhi,740097,Mass Market,56-65
C003098,Raghav Jaggi,Male,49,No,No,Kerala,Kochi,183256,High Value,46-55
C003099,Wridesh Luthra,Male,62,Yes,Yes,Uttar Pradesh,Kanpur,180610,Mass Market,56-65
C003100,Chaitanya Sule,Male,69,Yes,Yes,Punjab,Amritsar,370070,Premium,65+
C003101,Chanakya Murty,Male,32,No,Yes,Karnataka,Mysuru,102221,Mass Market,26-35
C003102,Dayamai Anand,Female,35,No,No,Punjab,Amritsar,683905,Premium,26-35
C003103,Barkha Rao,Female,30,No,No,West Bengal,Kolkata,11816,Mass Market,26-35
C003104,Divya Raman,Male,41,No,No,Telangana,Hyderabad,491067,Value,36-45
C003105,Kai Chatterjee,Male,57,No,No,Kerala,Kochi,987101,Value,56-65
C003106,Nikita Thakur,Male,31,No,No,Kerala,Kochi,941163,High Value,26-35
C003107,Yadavi Doctor,Female,45,No,No,Maharashtra,Nashik,822519,Mass Market,36-45
C003108,Lavanya Sood,Male,28,No,Yes,Rajasthan,Jaipur,429586,Mass Market,26-35
C003109,Bina Edwin,Female,23,No,No,Kerala,Thiruvananthapuram,672117,Mass Market,18-25
C003110,Ubika Brar,Female,42,No,Yes,Telangana,Hyderabad,254496,Premium,36-45
C003111,Vincent Kale,Female,18,No,Yes,Punjab,Ludhiana,502421,Value,18-25
C003112,Naveen Thaker,Male,42,No,No,Gujarat,Vadodara,548057,Value,36-45
C003113,Sara Deep,Female,19,No,No,West Bengal,Kolkata,950242,Mass Market,18-25
C003114,Bina Parsa,Male,49,No,Yes,Rajasthan,Jaipur,263352,Value,46-55
C003115,Balveer Ram,Male,30,No,Yes,Madhya Pradesh,Indore,175487,Mass Market,26-35
C003116,Sathvik Borde,Female,50,No,Yes,Delhi,New Delhi,132020,Mass Market,46-55
C003117,Widisha Chatterjee,Female,49,No,No,Uttar Pradesh,Lucknow,139203,Premium,46-55
C003118,Luke More,Male,41,No,No,Madhya Pradesh,Indore,867674,Mass Market,36-45
C003119,Wishi Chandra,Male,44,No,No,Karnataka,Mysuru,822878,Value,36-45
C003120,Dipta Gara,Male,21,No,No,Maharashtra,Nagpur,739004,Premium,18-25
C003121,Neel Bir,Male,41,No,No,Delhi,Delhi,309666,High Value,36-45
C003122,Januja Pandit,Male,40,No,No,Rajasthan,Jaipur,629602,Premium,36-45
C003123,Ekavir Gola,Male,46,No,Yes,Madhya Pradesh,Bhopal,499104,Mass Market,46-55
C003124,Aarna Solanki,Male,51,No,Yes,Gujarat,Ahmedabad,164954,Value,46-55
C003125,Riya Dey,Female,38,No,No,Punjab,Amritsar,844657,Mass Market,36-45
C003126,Vinaya Baral,Female,47,No,Yes,Maharashtra,Nagpur,137153,Mass Market,46-55
C003127,Bhavini Rattan,Female,43,No,No,Punjab,Amritsar,278932,Value,36-45
C003128,Kai Sastry,Male,37,No,Yes,Uttar Pradesh,Lucknow,322766,Premium,36-45
C003129,Yauvani Murthy,Female,33,No,No,West Bengal,Kolkata,484274,Mass Market,26-35
C003130,Fiyaz Sachdev,Female,20,No,Yes,Madhya Pradesh,Bhopal,645403,Mass Market,18-25
C003131,Adya Basak,Female,66,Yes,Yes,Punjab,Ludhiana,21436,Value,65+
C003132,Yash Anand,Female,54,No,No,Karnataka,Mysuru,594538,Mass Market,46-55
C003133,Henry Mannan,Female,57,No,No,West Bengal,Kolkata,323453,Value,56-65
C003134,Nathan Rastogi,Male,61,Yes,No,Gujarat,Surat,566822,Mass Market,56-65
C003135,Udant Rama,Male,42,No,No,Karnataka,Mangaluru,575492,Mass Market,36-45
C003136,Girik Palla,Female,40,No,No,Rajasthan,Udaipur,398013,Value,36-45
C003137,Upadhriti Warrior,Female,61,Yes,No,Maharashtra,Mumbai,761915,Premium,56-65
C003138,Ikbal Chada,Female,18,No,Yes,Tamil Nadu,Coimbatore,701411,Value,18-25
C003139,Hritik Ranganathan,Male,50,No,Yes,Rajasthan,Jodhpur,581623,Premium,46-55
C003140,Ryan Ratti,Male,32,No,Yes,Karnataka,Mangaluru,539428,Mass Market,26-35
C003141,Dhruv Nadig,Male,34,No,No,Punjab,Ludhiana,158765,Premium,26-35
C003142,Vedika Kala,Female,51,No,Yes,Madhya Pradesh,Indore,916397,Mass Market,46-55
C003143,Ishwar Mallick,Female,34,No,No,Punjab,Ludhiana,57921,Premium,26-35
C003144,Balvan Dugal,Male,69,Yes,No,Kerala,Kochi,109810,Value,65+
C003145,Madhav Kala,Male,58,No,No,Gujarat,Surat,944300,Mass Market,56-65
C003146,Azad Rai,Male,61,Yes,Yes,Madhya Pradesh,Indore,773206,Mass Market,56-65
C003147,Janaki Sani,Female,21,No,Yes,Punjab,Ludhiana,694276,Value,18-25
C003148,Tanay Bhagat,Female,30,No,No,Delhi,New Delhi,808263,Mass Market,26-35
C003149,Arin Sampath,Female,21,No,Yes,Uttar Pradesh,Lucknow,676311,High Value,18-25
C003150,Zayyan Goda,Male,24,No,Yes,Delhi,New Delhi,310753,Mass Market,18-25
C003151,Lucky Biswas,Female,63,Yes,Yes,Tamil Nadu,Madurai,141426,Mass Market,56-65
C003152,Nidhi Bumb,Male,26,No,Yes,Karnataka,Mangaluru,293064,Mass Market,26-35
C003153,Siya Saini,Female,40,No,Yes,Madhya Pradesh,Indore,143838,Mass Market,36-45
C003154,Aashi Gour,Male,50,No,No,Kerala,Kochi,674289,Value,46-55
C003155,George Sangha,Male,50,No,No,Uttar Pradesh,Lucknow,405847,Value,46-55
C003156,Chameli Gala,Female,37,No,No,Uttar Pradesh,Noida,389475,Premium,36-45
C003157,Ikshita Saini,Female,21,No,Yes,West Bengal,Kolkata,897245,Mass Market,18-25
C003158,Vaishnavi Wason,Male,18,No,No,Madhya Pradesh,Bhopal,989822,High Value,18-25
C003159,Rajeshri Pant,Female,59,No,No,Tamil Nadu,Coimbatore,554042,Mass Market,56-65
C003160,Advaith Issac,Male,51,No,Yes,Uttar Pradesh,Agra,1499,High Value,46-55
C003161,Maanav Naik,Male,44,No,No,West Bengal,Kolkata,117785,Mass Market,36-45
C003162,Akshay Dora,Male,38,No,Yes,Delhi,New Delhi,539057,Premium,36-45
C003163,Manbir Tata,Male,41,No,No,Madhya Pradesh,Indore,626923,Value,36-45
C003164,Ishaan Ray,Male,32,No,No,Maharashtra,Nashik,953002,Mass Market,26-35
C003165,Aarush Seshadri,Male,52,No,No,Madhya Pradesh,Indore,539525,Mass Market,46-55
C003166,Shivani Chatterjee,Male,42,No,Yes,Madhya Pradesh,Bhopal,377312,Value,36-45
C003167,Tejas Guha,Female,26,No,No,Telangana,Hyderabad,245870,Mass Market,26-35
C003168,Ojas Purohit,Male,34,No,Yes,Madhya Pradesh,Bhopal,311175,Value,26-35
C003169,Ijaya Kadakia,Female,38,No,Yes,Rajasthan,Udaipur,733583,Value,36-45
C003170,Akshay Prabhakar,Male,30,No,No,Gujarat,Surat,249215,Premium,26-35
C003171,Amol Mittal,Female,20,No,Yes,Delhi,Delhi,569443,High Value,18-25
C003172,Yadavi Dash,Male,21,No,No,Tamil Nadu,Chennai,871713,Mass Market,18-25
C003173,Tamanna Sachdev,Male,21,No,No,Uttar Pradesh,Kanpur,935891,Mass Market,18-25
C003174,Indira Pandey,Male,60,Yes,No,Gujarat,Ahmedabad,548256,Mass Market,56-65
C003175,Gautami Comar,Male,45,No,Yes,Gujarat,Vadodara,739643,Premium,36-45
C003176,Tara Sangha,Male,24,No,No,West Bengal,Kolkata,161209,High Value,18-25
C003177,Peter Gaba,Female,43,No,No,Punjab,Chandigarh,868784,High Value,36-45
C003178,Lakshmi Mane,Female,28,No,No,Tamil Nadu,Chennai,775153,High Value,26-35
C003179,Bhanumati Chaudhary,Female,41,No,No,Karnataka,Mangaluru,720975,Premium,36-45
C003180,Hemang Chakraborty,Female,60,Yes,No,Karnataka,Bengaluru,669912,High Value,56-65
C003181,Nisha Chawla,Male,27,No,No,Tamil Nadu,Coimbatore,685944,Mass Market,26-35
C003182,Harish Sawhney,Male,54,No,Yes,Telangana,Hyderabad,649331,High Value,46-55
C003183,Bimala Salvi,Male,30,No,No,Tamil Nadu,Coimbatore,156854,Premium,26-35
C003184,Udant Sha,Male,61,Yes,No,Uttar Pradesh,Kanpur,262180,Mass Market,56-65
C003185,Ishwar Hayre,Male,59,No,No,Tamil Nadu,Coimbatore,36323,Mass Market,56-65
C003186,Jeet Panchal,Male,56,No,No,Telangana,Warangal,185229,Mass Market,56-65
C003187,Nitara Randhawa,Male,36,No,Yes,Telangana,Hyderabad,656130,Premium,36-45
C003188,Kavya Kapur,Male,68,Yes,No,Maharashtra,Nashik,398714,Value,65+
C003189,Amrita Lalla,Female,36,No,No,Madhya Pradesh,Indore,544300,Mass Market,36-45
C003190,Oeshi Khurana,Female,29,No,Yes,Telangana,Warangal,457774,Premium,26-35
C003191,Oeshi Bali,Male,69,Yes,Yes,Kerala,Kochi,465183,Mass Market,65+
C003192,Atharv Dube,Female,39,No,No,Telangana,Warangal,633253,Premium,36-45
C003193,Zilmil Nadkarni,Female,64,Yes,Yes,Uttar Pradesh,Kanpur,630575,Premium,56-65
C003194,Onkar Sani,Male,54,No,Yes,Punjab,Amritsar,866070,High Value,46-55
C003195,Mahika Hans,Male,47,No,Yes,Telangana,Hyderabad,507666,Mass Market,46-55
C003196,Charan Sanghvi,Male,63,Yes,No,West Bengal,Howrah,695085,High Value,56-65
C003197,Madhavi Ghose,Female,29,No,Yes,Maharashtra,Nagpur,610689,Mass Market,26-35
C003198,Eesha Varughese,Female,46,No,No,West Bengal,Howrah,553264,Value,46-55
C003199,Rajeshri Kashyap,Male,38,No,No,Delhi,New Delhi,414124,Value,36-45
C003200,Jonathan Thaman,Male,28,No,No,Kerala,Kochi,439684,Value,26-35
C003201,Manya Lad,Female,54,No,No,Punjab,Chandigarh,596000,High Value,46-55
C003202,Ekantika Jani,Male,65,Yes,No,Rajasthan,Jaipur,820871,Value,56-65
C003203,Girik Bal,Male,35,No,No,Maharashtra,Nashik,388193,High Value,26-35
C003204,Advay Dua,Female,61,Yes,Yes,Madhya Pradesh,Indore,719189,Mass Market,56-65
C003205,Farhan Raja,Female,44,No,No,Karnataka,Bengaluru,819879,Mass Market,36-45
C003206,Kalpit Setty,Female,54,No,No,Rajasthan,Udaipur,165018,Value,46-55
C003207,Rachit Khatri,Female,65,Yes,Yes,Madhya Pradesh,Bhopal,757601,Mass Market,56-65
C003208,Chameli Hari,Female,29,No,No,Rajasthan,Udaipur,867522,High Value,26-35
C003209,Kritika Lad,Male,40,No,Yes,Punjab,Amritsar,249152,Premium,36-45
C003210,Anvi Butala,Female,51,No,No,Tamil Nadu,Chennai,281665,Value,46-55
C003211,Arin Chauhan,Male,55,No,Yes,Tamil Nadu,Coimbatore,773131,Premium,46-55
C003212,Tripti Das,Female,40,No,No,Rajasthan,Jaipur,493135,Value,36-45
C003213,Lucky Mandal,Male,70,Yes,Yes,Madhya Pradesh,Bhopal,762559,Mass Market,65+
C003214,Pranit Chander,Female,42,No,Yes,Tamil Nadu,Madurai,765118,Value,36-45
C003215,Warda Pathak,Male,21,No,No,Uttar Pradesh,Kanpur,566516,Value,18-25
C003216,Mahika Chaudhuri,Male,47,No,No,Maharashtra,Mumbai,917271,High Value,46-55
C003217,Anthony Sachdev,Male,47,No,No,Tamil Nadu,Chennai,483628,Mass Market,46-55
C003218,Vidhi Bose,Male,30,No,Yes,Karnataka,Mangaluru,341350,Value,26-35
C003219,Oni Prashad,Female,59,No,Yes,Karnataka,Bengaluru,346074,Mass Market,56-65
C003220,Shravya Dyal,Female,66,Yes,No,Delhi,Delhi,875744,Mass Market,65+
C003221,Chanchal Anne,Male,31,No,No,Karnataka,Mysuru,544821,Value,26-35
C003222,Azad Dalal,Male,64,Yes,Yes,West Bengal,Kolkata,398212,Mass Market,56-65
C003223,Idika Sule,Male,25,No,No,Rajasthan,Jaipur,588774,Premium,18-25
C003224,Nathan Vig,Male,41,No,Yes,Kerala,Thiruvananthapuram,503151,Value,36-45
C003225,Jairaj Hans,Male,35,No,Yes,Rajasthan,Jaipur,465086,Mass Market,26-35
C003226,Arin Vasa,Female,52,No,Yes,Punjab,Chandigarh,699638,Value,46-55
C003227,Tarak Patla,Male,42,No,No,Rajasthan,Jaipur,447713,Mass Market,36-45
C003228,Teerth Balan,Male,34,No,No,Maharashtra,Nashik,125383,Premium,26-35
C003229,Lakshit Kannan,Male,49,No,No,Punjab,Amritsar,106572,Mass Market,46-55
C003230,Jonathan Loyal,Male,41,No,No,West Bengal,Howrah,665620,Mass Market,36-45
C003231,Vasatika Iyengar,Male,24,No,Yes,Delhi,Delhi,703933,Value,18-25
C003232,Ijaya Menon,Female,30,No,No,Punjab,Amritsar,777441,High Value,26-35
C003233,Warhi Sarin,Male,44,No,No,Madhya Pradesh,Indore,843971,Premium,36-45
C003234,Reyansh Krishna,Male,65,Yes,No,Telangana,Hyderabad,820034,Mass Market,56-65
C003235,Rudra Mand,Male,22,No,Yes,Tamil Nadu,Madurai,935827,Mass Market,18-25
C003236,Harshil Muni,Male,53,No,No,Kerala,Kochi,732031,Value,46-55
C003237,Samesh Sura,Male,43,No,No,Maharashtra,Nashik,666465,Premium,36-45
C003238,Sanaya Sampath,Female,59,No,No,Telangana,Hyderabad,847887,Mass Market,56-65
C003239,Eiravati Chokshi,Female,62,Yes,No,Telangana,Hyderabad,888458,Value,56-65
C003240,Pushti Iyengar,Female,48,No,No,Uttar Pradesh,Agra,957971,Mass Market,46-55
C003241,Kashvi Bhatt,Male,27,No,Yes,Uttar Pradesh,Noida,491794,Mass Market,26-35
C003242,Oliver Bandi,Male,63,Yes,No,Punjab,Chandigarh,190692,Value,56-65
C003243,Nimrat Memon,Male,43,No,No,Madhya Pradesh,Bhopal,951083,Mass Market,36-45
C003244,Mitali Balan,Female,39,No,No,Maharashtra,Nagpur,786686,Mass Market,36-45
C003245,Pranit Naidu,Female,29,No,No,Rajasthan,Jodhpur,200326,Mass Market,26-35
C003246,Quincy Parmar,Male,49,No,Yes,Telangana,Warangal,30524,Value,46-55
C003247,Elijah Kale,Male,44,No,No,Telangana,Warangal,142076,Mass Market,36-45
C003248,Kamya Dhillon,Male,50,No,Yes,Tamil Nadu,Coimbatore,133529,Value,46-55
C003249,Jason Andra,Female,70,Yes,Yes,Delhi,Delhi,957603,High Value,65+
C003250,Advay Narasimhan,Female,69,Yes,No,Maharashtra,Nagpur,108492,Mass Market,65+
C003251,Udyati Nagy,Male,37,No,Yes,Tamil Nadu,Chennai,45386,Value,36-45
C003252,Dominic Rajan,Male,56,No,Yes,West Bengal,Kolkata,612976,Premium,56-65
C003253,Simon Vyas,Female,58,No,Yes,Madhya Pradesh,Indore,621354,Mass Market,56-65
C003254,Harshil Mall,Male,57,No,No,Uttar Pradesh,Noida,614315,Mass Market,56-65
C003255,Oviya Saran,Male,30,No,No,Kerala,Kochi,834899,Mass Market,26-35
C003256,Ekaja Hora,Male,31,No,Yes,Kerala,Kochi,312008,Value,26-35
C003257,Chandran Tak,Female,61,Yes,Yes,Delhi,New Delhi,904002,Value,56-65
C003258,Chakradhar Maharaj,Male,57,No,No,Kerala,Kochi,170364,Mass Market,56-65
C003259,Jagdish Dash,Male,70,Yes,No,Rajasthan,Jodhpur,373313,Premium,65+
C003260,Onveer Narain,Female,39,No,Yes,West Bengal,Howrah,241471,Premium,36-45
C003261,Warjas Bail,Male,35,No,No,Delhi,Delhi,621779,Mass Market,26-35
C003262,Andrew Agrawal,Male,65,Yes,No,Tamil Nadu,Coimbatore,292101,Premium,56-65
C003263,Bhavani Deep,Male,46,No,No,West Bengal,Kolkata,274821,Mass Market,46-55
C003264,Balhaar Walla,Male,60,Yes,No,Karnataka,Mangaluru,175079,Value,56-65
C003265,Geetika Babu,Female,33,No,No,Delhi,Delhi,313240,Mass Market,26-35
C003266,Upma Chandran,Male,63,Yes,Yes,Gujarat,Ahmedabad,961965,Value,56-65
C003267,Charvi Maharaj,Male,52,No,Yes,Madhya Pradesh,Bhopal,966271,Mass Market,46-55
C003268,Hiral Ratta,Female,70,Yes,No,Gujarat,Surat,570658,Value,65+
C003269,Dhriti Tak,Female,51,No,No,Punjab,Ludhiana,862378,Mass Market,46-55
C003270,Maya Misra,Female,20,No,No,Telangana,Warangal,771712,Premium,18-25
C003271,Wakeeta Dara,Male,21,No,No,Maharashtra,Mumbai,999391,Mass Market,18-25
C003272,Harshil Balakrishnan,Male,22,No,Yes,Tamil Nadu,Chennai,670700,Mass Market,18-25
C003273,Champak Anne,Female,27,No,No,Maharashtra,Pune,279624,Mass Market,26-35
C003274,Henry Naidu,Male,69,Yes,No,Punjab,Amritsar,527843,Mass Market,65+
C003275,Upkaar Garde,Female,46,No,No,Punjab,Ludhiana,39878,Premium,46-55
C003276,Rayaan Pillay,Female,49,No,No,Rajasthan,Udaipur,646594,High Value,46-55
C003277,Charles Lad,Female,48,No,No,Delhi,New Delhi,868498,Premium,46-55
C003278,Indrajit Bava,Male,19,No,No,Uttar Pradesh,Noida,493203,Premium,18-25
C003279,Falan Lalla,Male,29,No,No,Uttar Pradesh,Kanpur,268687,Mass Market,26-35
C003280,Ladli Madan,Female,44,No,No,Karnataka,Bengaluru,375578,Mass Market,36-45
C003281,Lakshit Sharma,Male,22,No,Yes,Gujarat,Ahmedabad,457653,Value,18-25
C003282,Jonathan Nagar,Male,54,No,No,Uttar Pradesh,Noida,924643,High Value,46-55
C003283,Odika Sekhon,Female,44,No,No,West Bengal,Howrah,813222,Value,36-45
C003284,Wridesh Sridhar,Female,40,No,No,Telangana,Warangal,750412,Mass Market,36-45
C003285,Avni Nagy,Male,50,No,No,Karnataka,Mangaluru,664350,Mass Market,46-55
C003286,Upkaar Chanda,Male,21,No,No,Delhi,New Delhi,557314,Mass Market,18-25
C003287,Chaman Butala,Male,38,No,No,Madhya Pradesh,Bhopal,662247,Mass Market,36-45
C003288,Xavier Jha,Female,41,No,No,Madhya Pradesh,Bhopal,603828,Premium,36-45
C003289,Falan Talwar,Female,61,Yes,Yes,Maharashtra,Pune,710024,Mass Market,56-65
C003290,Simon Arya,Male,48,No,No,Punjab,Chandigarh,886417,Premium,46-55
C003291,Upadhriti Rajan,Male,61,Yes,No,Madhya Pradesh,Bhopal,996979,High Value,56-65
C003292,Vinaya Cheema,Female,65,Yes,Yes,Punjab,Ludhiana,393383,Premium,56-65
C003293,Sathvik Wable,Male,41,No,No,Maharashtra,Pune,876883,High Value,36-45
C003294,Devika Setty,Male,66,Yes,No,Kerala,Kochi,898258,Mass Market,65+
C003295,Yamini Cherian,Female,70,Yes,No,Telangana,Warangal,738681,High Value,65+
C003296,Theodore Patla,Male,27,No,No,Telangana,Hyderabad,522350,Mass Market,26-35
C003297,Sneha Varghese,Female,66,Yes,Yes,Uttar Pradesh,Noida,993787,Premium,65+
C003298,Mugdha Guha,Male,66,Yes,No,Madhya Pradesh,Indore,521998,Mass Market,65+
C003299,Arunima Sampath,Male,67,Yes,No,Maharashtra,Mumbai,684960,Value,65+
C003300,Damyanti Chaudry,Female,19,No,Yes,Punjab,Chandigarh,342995,Mass Market,18-25
C003301,Triya Chhabra,Male,48,No,Yes,Telangana,Hyderabad,867226,Mass Market,46-55
C003302,Wridesh Babu,Female,42,No,No,Karnataka,Bengaluru,281076,High Value,36-45
C003303,Rachit Loke,Female,21,No,No,Uttar Pradesh,Noida,778673,Premium,18-25
C003304,Vamakshi Wali,Male,68,Yes,No,Tamil Nadu,Coimbatore,181905,Value,65+
C003305,Indira Lanka,Male,28,No,No,Uttar Pradesh,Kanpur,468993,Value,26-35
C003306,Frado Pandya,Male,34,No,Yes,Madhya Pradesh,Indore,53740,Premium,26-35
C003307,Simon Dora,Male,61,Yes,Yes,Gujarat,Vadodara,242610,Mass Market,56-65
C003308,Yadavi Sankar,Male,19,No,No,Punjab,Amritsar,324877,Premium,18-25
C003309,Chatresh Sastry,Male,23,No,No,Uttar Pradesh,Kanpur,651884,Value,18-25
C003310,Kala Chaudhari,Male,26,No,Yes,Maharashtra,Mumbai,986613,Value,26-35
C003311,Lavanya Sami,Female,22,No,No,Telangana,Hyderabad,940635,High Value,18-25
C003312,Chaitaly Gulati,Female,37,No,No,Telangana,Hyderabad,247639,Value,36-45
C003313,Patrick Majumdar,Female,46,No,No,Madhya Pradesh,Indore,726850,Value,46-55
C003314,Zilmil Sant,Male,38,No,No,Madhya Pradesh,Bhopal,728438,High Value,36-45
C003315,Chandresh Kothari,Male,26,No,No,Gujarat,Ahmedabad,800999,High Value,26-35
C003316,Theodore Contractor,Female,45,No,No,Madhya Pradesh,Indore,692450,High Value,36-45
C003317,Balendra Lata,Male,25,No,Yes,Maharashtra,Nagpur,149048,Value,18-25
C003318,Dominic Wali,Male,48,No,Yes,Madhya Pradesh,Indore,359754,Mass Market,46-55
C003319,Anya Kara,Female,37,No,No,Tamil Nadu,Chennai,453649,Mass Market,36-45
C003320,Manya Ramaswamy,Female,44,No,Yes,Karnataka,Mysuru,107799,Mass Market,36-45
C003321,Thomas Loyal,Male,25,No,No,Maharashtra,Mumbai,722226,Premium,18-25
C003322,Samesh Garg,Male,38,No,Yes,Gujarat,Ahmedabad,615330,Mass Market,36-45
C003323,Idika Mani,Female,45,No,Yes,Karnataka,Mangaluru,270275,Value,36-45
C003324,Aarush Chandra,Female,40,No,Yes,Telangana,Warangal,769769,High Value,36-45
C003325,Yahvi Sood,Female,23,No,No,Kerala,Thiruvananthapuram,805145,High Value,18-25
C003326,William Garde,Female,20,No,No,Uttar Pradesh,Agra,869016,Mass Market,18-25
C003327,Ekaraj Ganesan,Female,22,No,No,Delhi,New Delhi,207500,Mass Market,18-25
C003328,Gaurangi Shah,Male,26,No,No,Maharashtra,Nashik,699155,Premium,26-35
C003329,Agastya Som,Male,24,No,No,Madhya Pradesh,Bhopal,939224,Value,18-25
C003330,Gaurika Bail,Female,21,No,No,Gujarat,Ahmedabad,556523,Premium,18-25
C003331,Aishani Bose,Female,56,No,No,Kerala,Thiruvananthapuram,214894,Premium,56-65
C003332,Aditya Pandey,Female,22,No,No,Maharashtra,Pune,139995,Value,18-25
C003333,Aarav Suresh,Male,28,No,No,Maharashtra,Pune,769933,Mass Market,26-35
C003334,Urmi Choudhary,Male,32,No,No,West Bengal,Howrah,381569,Value,26-35
C003335,Anay Mannan,Female,51,No,No,Delhi,Delhi,907056,Value,46-55
C003336,Yahvi Ganesh,Female,30,No,No,Telangana,Warangal,106361,Mass Market,26-35
C003337,Girindra Chaudhry,Female,65,Yes,No,Telangana,Hyderabad,287408,Premium,56-65
C003338,Gautami Sethi,Female,24,No,Yes,Delhi,New Delhi,173069,High Value,18-25
C003339,Indali Kurian,Female,57,No,No,Gujarat,Vadodara,821452,Mass Market,56-65
C003340,Zehaan Patla,Female,23,No,Yes,Madhya Pradesh,Indore,899996,High Value,18-25
C003341,Agastya Pandit,Female,56,No,No,Delhi,Delhi,893028,Value,56-65
C003342,Gauri Vasa,Female,67,Yes,No,Kerala,Thiruvananthapuram,52185,Premium,65+
C003343,Isaiah Madan,Female,47,No,No,Rajasthan,Jodhpur,560831,Mass Market,46-55
C003344,Manbir Roy,Male,39,No,Yes,Telangana,Warangal,260485,Mass Market,36-45
C003345,Lucky Parikh,Male,42,No,Yes,Maharashtra,Mumbai,549818,Mass Market,36-45
C003346,Azaan Konda,Female,45,No,Yes,West Bengal,Kolkata,409386,Mass Market,36-45
C003347,Jagvi Jhaveri,Male,37,No,No,Gujarat,Surat,471927,Mass Market,36-45
C003348,Rishi Purohit,Male,56,No,No,Kerala,Thiruvananthapuram,548748,Premium,56-65
C003349,Anusha Sengupta,Male,20,No,No,Gujarat,Ahmedabad,56623,Value,18-25
C003350,Alka Palla,Male,22,No,No,Punjab,Ludhiana,56094,High Value,18-25
C003351,Mahika Sahni,Male,18,No,No,Karnataka,Bengaluru,615012,Value,18-25
C003352,Dayamai Halder,Male,32,No,Yes,Madhya Pradesh,Indore,506656,Mass Market,26-35
C003353,Zinal Oza,Female,43,No,Yes,West Bengal,Kolkata,50590,Value,36-45
C003354,Rachita Sha,Male,20,No,Yes,Gujarat,Surat,576578,High Value,18-25
C003355,Bhavya Choudhary,Male,57,No,No,Madhya Pradesh,Bhopal,793919,Value,56-65
C003356,Wishi Din,Male,58,No,No,Madhya Pradesh,Bhopal,743729,Mass Market,56-65
C003357,Mason Virk,Female,64,Yes,No,Uttar Pradesh,Agra,352196,High Value,56-65
C003358,Nicholas Mitter,Male,59,No,Yes,Karnataka,Mysuru,910276,Mass Market,56-65
C003359,Bhavya Bhattacharyya,Female,51,No,Yes,Karnataka,Mangaluru,714243,Value,46-55
C003360,Alexander Setty,Female,69,Yes,No,Telangana,Warangal,111902,Value,65+
C003361,Teerth Mandal,Female,22,No,Yes,Karnataka,Mysuru,623773,Mass Market,18-25
C003362,Chatresh Suresh,Male,48,No,No,Telangana,Warangal,330983,Mass Market,46-55
C003363,Abdul Sani,Female,68,Yes,Yes,Gujarat,Ahmedabad,452378,High Value,65+
C003364,Aadi Bedi,Male,30,No,Yes,Maharashtra,Mumbai,346332,High Value,26-35
C003365,Lakshit Palla,Female,60,Yes,No,Delhi,Delhi,425656,Value,56-65
C003366,Yadavi Dubey,Female,18,No,Yes,Madhya Pradesh,Indore,680580,Mass Market,18-25
C003367,Anika Dhar,Male,39,No,No,Gujarat,Ahmedabad,58953,Mass Market,36-45
C003368,Rachana Buch,Male,32,No,No,Kerala,Thiruvananthapuram,575015,Mass Market,26-35
C003369,Theodore Balay,Male,43,No,No,Gujarat,Ahmedabad,385781,Value,36-45
C003370,Isha Kothari,Female,35,No,No,Kerala,Thiruvananthapuram,779491,Mass Market,26-35
C003371,Pahal Rastogi,Male,65,Yes,No,Maharashtra,Nagpur,881514,Mass Market,56-65
C003372,Advika Mittal,Female,26,No,Yes,Gujarat,Vadodara,661995,Value,26-35
C003373,Oscar Sarin,Male,18,No,No,Punjab,Chandigarh,171006,Premium,18-25
C003374,Liam Iyengar,Female,60,Yes,No,Kerala,Kochi,626668,Premium,56-65
C003375,Krishna Saha,Female,26,No,Yes,Uttar Pradesh,Lucknow,455363,Value,26-35
C003376,Charvi Mody,Female,40,No,No,Rajasthan,Jaipur,766599,Premium,36-45
C003377,Chameli Shenoy,Female,60,Yes,No,Madhya Pradesh,Indore,990234,Mass Market,56-65
C003378,Keya Sarkar,Male,62,Yes,No,Tamil Nadu,Coimbatore,238162,Value,56-65
C003379,Lakshit Vyas,Male,19,No,No,Telangana,Hyderabad,664849,Premium,18-25
C003380,Dhriti Thakur,Female,31,No,No,Gujarat,Ahmedabad,861462,Premium,26-35
C003381,Upadhriti Pandya,Male,55,No,No,Punjab,Amritsar,635805,Value,46-55
C003382,Unnati Salvi,Male,57,No,No,Kerala,Thiruvananthapuram,315131,Value,56-65
C003383,Triya Bala,Male,35,No,No,Tamil Nadu,Coimbatore,561170,High Value,26-35
C003384,Oviya Chakrabarti,Male,33,No,No,Gujarat,Ahmedabad,784734,Value,26-35
C003385,Chasmum Kibe,Male,70,Yes,No,Madhya Pradesh,Indore,793722,Value,65+
C003386,Joshua Memon,Female,46,No,Yes,Punjab,Chandigarh,917619,Premium,46-55
C003387,Maya Dass,Male,61,Yes,No,Karnataka,Mangaluru,822588,Mass Market,56-65
C003388,Abeer Shere,Female,28,No,No,West Bengal,Howrah,843135,Value,26-35
C003389,Chatura Chad,Male,23,No,No,Rajasthan,Udaipur,408747,High Value,18-25
C003390,Anamika Chhabra,Female,20,No,No,Tamil Nadu,Madurai,73972,Mass Market,18-25
C003391,Gunbir Mannan,Male,31,No,No,Tamil Nadu,Coimbatore,175657,Mass Market,26-35
C003392,Garima Bhat,Female,19,No,Yes,Kerala,Kochi,990618,Value,18-25
C003393,Yasti Bera,Female,49,No,Yes,Telangana,Warangal,442511,Mass Market,46-55
C003394,Zaitra Dhawan,Male,48,No,No,Madhya Pradesh,Indore,954551,Value,46-55
C003395,Laban Kapoor,Female,28,No,No,Tamil Nadu,Madurai,415286,Mass Market,26-35
C003396,Charvi Mukhopadhyay,Female,39,No,No,Kerala,Kochi,484016,Value,36-45
C003397,Vedhika Iyer,Female,20,No,No,Madhya Pradesh,Bhopal,706491,Value,18-25
C003398,Ekalinga Acharya,Female,67,Yes,No,Punjab,Amritsar,453375,Value,65+
C003399,Jai Venkatesh,Male,48,No,Yes,Rajasthan,Jodhpur,15691,Mass Market,46-55
C003400,Yug Jayaraman,Female,50,No,Yes,Tamil Nadu,Chennai,616415,Mass Market,46-55
C003401,Urvi Bakshi,Male,41,No,Yes,Uttar Pradesh,Agra,337684,Mass Market,36-45
C003402,Mahika Bhakta,Male,18,No,No,Kerala,Kochi,913417,Value,18-25
C003403,Charita Ravel,Female,61,Yes,Yes,Maharashtra,Mumbai,90719,Mass Market,56-65
C003404,Qarin Keer,Male,32,No,No,West Bengal,Kolkata,714514,Premium,26-35
C003405,Reva Dasgupta,Female,54,No,Yes,Tamil Nadu,Chennai,149558,Premium,46-55
C003406,Madhav Bains,Female,44,No,No,Telangana,Hyderabad,873680,Mass Market,36-45
C003407,Lucky Khosla,Female,55,No,Yes,Karnataka,Bengaluru,296618,Mass Market,46-55
C003408,Yasti Iyer,Female,65,Yes,No,Kerala,Thiruvananthapuram,843881,Mass Market,56-65
C003409,Varsha Mann,Male,44,No,No,Madhya Pradesh,Indore,848272,Value,36-45
C003410,Harish Tailor,Male,61,Yes,Yes,West Bengal,Howrah,99070,Mass Market,56-65
C003411,Anvi Raman,Male,29,No,No,Kerala,Kochi,644503,Mass Market,26-35
C003412,Hredhaan Shetty,Male,20,No,Yes,Delhi,New Delhi,60451,Mass Market,18-25
C003413,Pavani Divan,Male,47,No,No,Tamil Nadu,Coimbatore,818733,High Value,46-55
C003414,Bhanumati Shankar,Male,49,No,No,Delhi,New Delhi,27632,Value,46-55
C003415,Lopa Apte,Female,40,No,No,West Bengal,Howrah,223736,Premium,36-45
C003416,Bahadurjit Saxena,Female,19,No,No,Gujarat,Ahmedabad,43260,Mass Market,18-25
C003417,Isha Dewan,Male,24,No,Yes,Madhya Pradesh,Indore,904735,Mass Market,18-25
C003418,Tara Malhotra,Female,51,No,No,West Bengal,Kolkata,522654,Mass Market,46-55
C003419,Nathan Parmar,Male,49,No,No,Kerala,Kochi,53973,High Value,46-55
C003420,Ikshita Vohra,Male,70,Yes,Yes,Uttar Pradesh,Lucknow,513599,Mass Market,65+
C003421,Yochana Bhatnagar,Female,56,No,No,Delhi,Delhi,426060,Value,56-65
C003422,Max Pandey,Female,49,No,Yes,Uttar Pradesh,Lucknow,989727,Mass Market,46-55
C003423,Tripti Dey,Female,60,Yes,No,West Bengal,Howrah,51431,Premium,56-65
C003424,Chavvi Ramesh,Male,60,Yes,No,Delhi,Delhi,411991,Mass Market,56-65
C003425,Veda Puri,Female,31,No,Yes,Madhya Pradesh,Indore,656402,Value,26-35
C003426,Pranit Tripathi,Female,20,No,Yes,Delhi,Delhi,426006,High Value,18-25
C003427,Kai Naik,Female,63,Yes,No,Telangana,Warangal,892238,Value,56-65
C003428,Netra Bir,Female,49,No,No,Delhi,Delhi,357993,Value,46-55
C003429,Ayushman Dutt,Female,60,Yes,No,Maharashtra,Pune,945892,Value,56-65
C003430,Gopal Cherian,Female,53,No,No,Gujarat,Ahmedabad,517475,Premium,46-55
C003431,Vamakshi Naik,Female,34,No,Yes,Madhya Pradesh,Bhopal,949775,Mass Market,26-35
C003432,Warjas Cheema,Female,65,Yes,No,Punjab,Amritsar,551288,Mass Market,56-65
C003433,Leena Salvi,Female,20,No,No,Tamil Nadu,Coimbatore,638367,Premium,18-25
C003434,David Krishna,Male,27,No,No,Kerala,Thiruvananthapuram,657031,Value,26-35
C003435,Baljiwan Bora,Female,70,Yes,No,Karnataka,Bengaluru,122133,High Value,65+
C003436,Kavya Balan,Male,64,Yes,Yes,Punjab,Amritsar,534214,Value,56-65
C003437,Ekani Chokshi,Male,57,No,Yes,Maharashtra,Nagpur,835457,Value,56-65
C003438,Krishna Deol,Female,35,No,Yes,Uttar Pradesh,Noida,988396,Mass Market,26-35
C003439,Rohan Krishnan,Female,20,No,No,Rajasthan,Udaipur,825254,Premium,18-25
C003440,Raksha Mangal,Female,56,No,No,Gujarat,Vadodara,93535,Value,56-65
C003441,Saksham Edwin,Male,27,No,No,Gujarat,Ahmedabad,151734,Value,26-35
C003442,Rehaan Chadha,Male,69,Yes,Yes,Kerala,Thiruvananthapuram,606899,Mass Market,65+
C003443,Gopal Jani,Male,26,No,Yes,Telangana,Warangal,471575,High Value,26-35
C003444,Logan Ahluwalia,Female,63,Yes,No,Delhi,Delhi,108010,Mass Market,56-65
C003445,Nikita Bora,Female,63,Yes,No,Kerala,Kochi,22123,Mass Market,56-65
C003446,Qasim Wable,Female,28,No,No,Telangana,Hyderabad,512169,High Value,26-35
C003447,Ranveer Johal,Female,50,No,No,Delhi,New Delhi,232854,Premium,46-55
C003448,Xiti Pandey,Female,53,No,No,West Bengal,Howrah,422632,Value,46-55
C003449,Lakshit Bhavsar,Female,43,No,Yes,Uttar Pradesh,Lucknow,214453,High Value,36-45
C003450,Prisha Puri,Male,44,No,Yes,Delhi,New Delhi,150451,Mass Market,36-45
C003451,Farhan Datta,Male,55,No,Yes,Uttar Pradesh,Kanpur,787788,Mass Market,46-55
C003452,Harrison Dalal,Female,39,No,Yes,Uttar Pradesh,Noida,115913,Value,36-45
C003453,Vihaan Behl,Female,43,No,Yes,Rajasthan,Udaipur,684232,Mass Market,36-45
C003454,Arin Kapur,Male,39,No,Yes,Maharashtra,Mumbai,355469,High Value,36-45
C003455,Zayan Ramakrishnan,Female,22,No,No,Tamil Nadu,Coimbatore,336931,Premium,18-25
C003456,Ekansh Dugar,Male,52,No,No,Madhya Pradesh,Indore,571973,Mass Market,46-55
C003457,Falan Warrior,Male,19,No,No,Punjab,Ludhiana,381545,Premium,18-25
C003458,Zarna Tella,Female,52,No,No,Telangana,Hyderabad,278762,Mass Market,46-55
C003459,Mohini Bhandari,Female,26,No,Yes,West Bengal,Kolkata,23564,Value,26-35
C003460,Urishilla Lall,Female,68,Yes,No,Punjab,Ludhiana,930999,High Value,65+
C003461,Bachittar Nigam,Male,68,Yes,No,Rajasthan,Jodhpur,891950,Premium,65+
C003462,Advika Iyer,Male,66,Yes,No,Madhya Pradesh,Indore,867969,Mass Market,65+
C003463,Daniel Dewan,Female,35,No,No,Punjab,Amritsar,819194,Mass Market,26-35
C003464,Forum Bhatia,Female,60,Yes,Yes,Rajasthan,Jaipur,461231,Mass Market,56-65
C003465,Wakeeta Bora,Male,29,No,No,Delhi,Delhi,24155,Value,26-35
C003466,Hiral Bobal,Female,20,No,Yes,Karnataka,Mysuru,758637,Value,18-25
C003467,Faris Srinivas,Male,35,No,Yes,Madhya Pradesh,Indore,533270,Mass Market,26-35
C003468,Anika Barman,Female,55,No,Yes,Madhya Pradesh,Bhopal,899666,Value,46-55
C003469,Balendra Taneja,Female,24,No,Yes,West Bengal,Kolkata,858431,Premium,18-25
C003470,Inaya Sankar,Male,50,No,Yes,Telangana,Hyderabad,621065,Value,46-55
C003471,Chavvi Kari,Male,23,No,Yes,Gujarat,Vadodara,494739,Mass Market,18-25
C003472,Christopher Bal,Female,35,No,Yes,Rajasthan,Jaipur,543105,High Value,26-35
C003473,Ladli Badami,Female,62,Yes,No,Rajasthan,Jodhpur,771030,Mass Market,56-65
C003474,Charles Ram,Female,39,No,Yes,West Bengal,Howrah,759608,Premium,36-45
C003475,Jeremiah Sani,Female,68,Yes,Yes,Kerala,Kochi,869793,Mass Market,65+
C003476,Lakshit D’Alia,Female,56,No,No,Delhi,New Delhi,843423,Value,56-65
C003477,Jacob Pillai,Female,68,Yes,No,Delhi,New Delhi,494521,Value,65+
C003478,Rishi Oza,Male,26,No,Yes,Karnataka,Mysuru,586062,Value,26-35
C003479,Dalbir Khanna,Male,52,No,Yes,Telangana,Warangal,981804,Value,46-55
C003480,George Anne,Male,40,No,No,Maharashtra,Nashik,999151,Mass Market,36-45
C003481,Nitara Yadav,Male,29,No,Yes,Tamil Nadu,Chennai,140508,Value,26-35
C003482,Alexander Krish,Female,69,Yes,No,West Bengal,Howrah,13474,Value,65+
C003483,Faraj Bhandari,Male,41,No,Yes,Kerala,Thiruvananthapuram,963641,Mass Market,36-45
C003484,Reva Gole,Female,67,Yes,No,Madhya Pradesh,Bhopal,264725,High Value,65+
C003485,Caleb Murthy,Female,57,No,No,Punjab,Ludhiana,392453,Premium,56-65
C003486,Yash Master,Female,26,No,No,Tamil Nadu,Madurai,42408,Premium,26-35
C003487,Mitali Srinivas,Male,30,No,Yes,West Bengal,Howrah,744253,Value,26-35
C003488,Faraj Bose,Male,57,No,No,Tamil Nadu,Chennai,852768,Mass Market,56-65
C003489,Samesh Talwar,Male,59,No,Yes,Punjab,Ludhiana,91881,Value,56-65
C003490,Thomas Sawhney,Male,34,No,No,Madhya Pradesh,Indore,246614,Premium,26-35
C003491,Jeevika Master,Male,24,No,No,Rajasthan,Jaipur,809702,Mass Market,18-25
C003492,Amara Nagar,Female,34,No,No,West Bengal,Howrah,979096,Value,26-35
C003493,Chatura Pal,Female,67,Yes,No,Maharashtra,Mumbai,515911,Mass Market,65+
C003494,Vedika Mammen,Female,41,No,Yes,Punjab,Chandigarh,533170,Mass Market,36-45
C003495,Samar Devan,Female,19,No,No,Maharashtra,Nagpur,533797,Mass Market,18-25
C003496,Dalaja Kade,Male,52,No,No,Kerala,Kochi,860437,High Value,46-55
C003497,Kashish Dhar,Female,45,No,No,Tamil Nadu,Coimbatore,587253,Premium,36-45
C003498,Wahab Sarraf,Female,36,No,Yes,Delhi,Delhi,172015,Mass Market,36-45
C003499,Ishaan Bail,Male,50,No,Yes,Uttar Pradesh,Lucknow,330032,Value,46-55
C003500,Bahadurjit Madan,Female,38,No,No,Delhi,New Delhi,696474,Mass Market,36-45
C003501,Leena Mital,Male,70,Yes,No,Kerala,Thiruvananthapuram,331151,Value,65+
C003502,Darpan Mallick,Female,27,No,No,Uttar Pradesh,Noida,839484,Premium,26-35
C003503,Warhi Bahl,Female,70,Yes,No,Madhya Pradesh,Bhopal,266315,Value,65+
C003504,Leena Sawhney,Male,63,Yes,No,Delhi,New Delhi,309903,Premium,56-65
C003505,Udarsh Jha,Female,62,Yes,Yes,Telangana,Hyderabad,913156,Value,56-65
C003506,Qarin Sankar,Female,26,No,No,Karnataka,Mangaluru,366713,Value,26-35
C003507,Dalaja Balay,Female,55,No,No,Gujarat,Ahmedabad,463514,Value,46-55
C003508,Atharv Nayar,Male,23,No,No,Telangana,Warangal,228232,Premium,18-25
C003509,Tarak Bala,Female,68,Yes,No,Uttar Pradesh,Agra,348529,Value,65+
C003510,Radha Sane,Male,70,Yes,No,Uttar Pradesh,Lucknow,993496,High Value,65+
C003511,Ikbal Rama,Male,59,No,Yes,Madhya Pradesh,Bhopal,775833,Premium,56-65
C003512,Ubika Samra,Male,52,No,Yes,Uttar Pradesh,Noida,219706,Premium,46-55
C003513,Nicholas Raj,Female,35,No,No,Karnataka,Mangaluru,64123,Premium,26-35
C003514,Wazir Deo,Female,70,Yes,No,Karnataka,Mysuru,540244,Mass Market,65+
C003515,Avni Mahal,Female,36,No,No,Telangana,Hyderabad,830750,Value,36-45
C003516,Zaid Merchant,Female,22,No,No,Uttar Pradesh,Lucknow,632703,Value,18-25
C003517,Megha Barad,Male,42,No,Yes,Gujarat,Ahmedabad,914105,Value,36-45
C003518,Janaki Luthra,Male,28,No,No,Uttar Pradesh,Kanpur,696364,Premium,26-35
C003519,Advik Dash,Male,27,No,No,Rajasthan,Jaipur,721264,Mass Market,26-35
C003520,Ekani Lalla,Male,34,No,No,West Bengal,Kolkata,436768,Mass Market,26-35
C003521,Sachi Shere,Male,53,No,Yes,Tamil Nadu,Coimbatore,967467,Premium,46-55
C003522,Ria Andra,Male,43,No,No,Uttar Pradesh,Kanpur,698630,Mass Market,36-45
C003523,Balhaar Parmer,Male,48,No,No,Telangana,Warangal,333279,Mass Market,46-55
C003524,Tejas Rege,Male,49,No,No,Telangana,Warangal,170267,Mass Market,46-55
C003525,Fariq Malhotra,Male,38,No,Yes,Rajasthan,Jaipur,996149,Premium,36-45
C003526,Devansh Sastry,Male,35,No,Yes,Telangana,Hyderabad,918514,Value,26-35
C003527,Aarna Majumdar,Female,35,No,No,West Bengal,Kolkata,561603,High Value,26-35
C003528,Warda Datta,Female,18,No,Yes,Telangana,Warangal,952606,Mass Market,18-25
C003529,Owen Din,Female,31,No,No,Punjab,Amritsar,287956,Premium,26-35
C003530,Viraj Contractor,Male,25,No,No,Maharashtra,Nashik,410966,Mass Market,18-25
C003531,Qarin Toor,Male,19,No,No,Madhya Pradesh,Indore,592932,Mass Market,18-25
C003532,Edhitha Barman,Female,68,Yes,Yes,Uttar Pradesh,Lucknow,789088,Value,65+
C003533,Darsh Lad,Male,32,No,Yes,Telangana,Warangal,69030,Mass Market,26-35
C003534,Amol Pandit,Male,51,No,No,Karnataka,Bengaluru,471120,Mass Market,46-55
C003535,Wahab Palla,Male,53,No,No,Karnataka,Mysuru,730238,Mass Market,46-55
C003536,Faras Tripathi,Male,18,No,Yes,Uttar Pradesh,Lucknow,951292,Mass Market,18-25
C003537,Isaiah Vaidya,Male,68,Yes,Yes,Rajasthan,Jodhpur,722303,Premium,65+
C003538,Warjas Jani,Male,38,No,No,Madhya Pradesh,Bhopal,582339,Mass Market,36-45
C003539,Kamya Sagar,Female,59,No,Yes,West Bengal,Kolkata,111399,High Value,56-65
C003540,Pooja Mandal,Male,18,No,No,West Bengal,Kolkata,738792,Premium,18-25
C003541,Aryan Narain,Male,49,No,No,Telangana,Hyderabad,876782,Mass Market,46-55
C003542,Gautami Reddy,Female,37,No,No,Karnataka,Bengaluru,608422,Value,36-45
C003543,Upma Menon,Male,64,Yes,No,Kerala,Kochi,651444,Value,56-65
C003544,Naveen Pillay,Male,53,No,No,Telangana,Warangal,574306,Premium,46-55
C003545,Bina Doctor,Female,56,No,Yes,Gujarat,Ahmedabad,68148,Premium,56-65
C003546,Hitesh Kakar,Male,47,No,No,Kerala,Thiruvananthapuram,991987,Value,46-55
C003547,Yasti Trivedi,Male,24,No,No,Telangana,Hyderabad,29811,Mass Market,18-25
C003548,Tanveer Radhakrishnan,Male,39,No,No,Telangana,Warangal,8433,Value,36-45
C003549,Mason Raj,Male,67,Yes,No,Delhi,Delhi,419811,Premium,65+
C003550,Faras Kapur,Female,62,Yes,No,West Bengal,Howrah,963305,Premium,56-65
C003551,Jairaj Wable,Female,27,No,Yes,Gujarat,Surat,749504,Premium,26-35
C003552,Urmi Vohra,Male,25,No,No,Delhi,Delhi,327192,Value,18-25
C003553,Edhitha Luthra,Female,44,No,Yes,Tamil Nadu,Chennai,284416,Mass Market,36-45
C003554,Chaaya Kohli,Male,27,No,Yes,Gujarat,Vadodara,693624,High Value,26-35
C003555,Xavier Pathak,Male,31,No,Yes,Tamil Nadu,Madurai,885163,High Value,26-35
C003556,Tamanna Murty,Female,63,Yes,Yes,Telangana,Warangal,381370,Mass Market,56-65
C003557,Wridesh Saxena,Male,69,Yes,Yes,Punjab,Chandigarh,741037,Mass Market,65+
C003558,Janaki Buch,Male,28,No,Yes,Punjab,Ludhiana,226594,Value,26-35
C003559,Yashasvi Bose,Male,23,No,No,Uttar Pradesh,Agra,525838,Premium,18-25
C003560,Veda Karpe,Male,38,No,Yes,Karnataka,Mysuru,163578,Mass Market,36-45
C003561,Omya Karpe,Male,50,No,No,Punjab,Chandigarh,164466,Mass Market,46-55
C003562,Yash Reddy,Female,36,No,Yes,Delhi,Delhi,713290,Value,36-45
C003563,Abha Mangat,Male,56,No,No,Uttar Pradesh,Lucknow,29158,Mass Market,56-65
C003564,Dipta Dalal,Male,41,No,No,Rajasthan,Jodhpur,118581,Mass Market,36-45
C003565,Nilima Sama,Male,35,No,No,Uttar Pradesh,Agra,14602,Value,26-35
C003566,Warda Hora,Female,52,No,No,Madhya Pradesh,Bhopal,535968,Premium,46-55
C003567,Sudiksha Aurora,Female,69,Yes,No,Punjab,Ludhiana,890140,Value,65+
C003568,Jai Sahota,Female,60,Yes,No,Karnataka,Bengaluru,235631,Value,56-65
C003569,Upma Chaudhuri,Female,54,No,Yes,Maharashtra,Nagpur,766027,Value,46-55
C003570,Bahadurjit Sankar,Female,36,No,No,Punjab,Amritsar,689278,Value,36-45
C003571,Ojas Bora,Male,70,Yes,Yes,Maharashtra,Mumbai,787181,Mass Market,65+
C003572,Yutika Wagle,Male,41,No,Yes,Karnataka,Bengaluru,834770,Mass Market,36-45
C003573,Pahal Pandya,Female,51,No,Yes,Telangana,Hyderabad,104730,Mass Market,46-55
C003574,Neelima Khurana,Female,39,No,No,Delhi,New Delhi,282131,High Value,36-45
C003575,Jagat Nayar,Female,21,No,No,Rajasthan,Udaipur,482414,Premium,18-25
C003576,Hritik Bath,Male,27,No,No,Kerala,Thiruvananthapuram,44469,Value,26-35
C003577,Isha Sen,Male,19,No,No,Karnataka,Mangaluru,894259,High Value,18-25
C003578,Shivani Sarin,Male,25,No,Yes,Telangana,Warangal,349001,Premium,18-25
C003579,Vansha Desai,Female,50,No,No,Gujarat,Vadodara,689334,High Value,46-55
C003580,Yashodhara Chacko,Male,55,No,No,Madhya Pradesh,Indore,4195,Mass Market,46-55
C003581,Abhimanyu Pingle,Male,60,Yes,No,Gujarat,Vadodara,130307,Premium,56-65
C003582,Ladli Nagi,Female,45,No,No,Delhi,New Delhi,617061,Value,36-45
C003583,Patrick Trivedi,Male,27,No,No,Gujarat,Surat,684648,Premium,26-35
C003584,Gunbir Kata,Female,62,Yes,No,Telangana,Warangal,98728,Mass Market,56-65
C003585,Wakeeta Om,Male,18,No,Yes,Tamil Nadu,Madurai,818186,Value,18-25
C003586,Zarna Vohra,Male,51,No,Yes,West Bengal,Howrah,923444,Value,46-55
C003587,Bhavika Naidu,Male,20,No,Yes,West Bengal,Kolkata,557247,Premium,18-25
C003588,Eiravati Gokhale,Female,26,No,Yes,Gujarat,Surat,213963,Premium,26-35
C003589,Benjamin Kade,Male,22,No,No,Madhya Pradesh,Bhopal,209160,Mass Market,18-25
C003590,Zilmil Mall,Male,59,No,No,Gujarat,Ahmedabad,941723,Mass Market,56-65
C003591,Hardik Palan,Female,27,No,No,Gujarat,Surat,901706,Premium,26-35
C003592,Noah Dani,Male,29,No,No,Telangana,Hyderabad,863721,Value,26-35
C003593,Anusha Sur,Female,35,No,No,Karnataka,Mangaluru,893584,Value,26-35
C003594,Udarsh Gara,Female,38,No,Yes,Maharashtra,Pune,470571,Premium,36-45
C003595,Aashi Cherian,Male,38,No,Yes,Karnataka,Bengaluru,656564,Premium,36-45
C003596,Arya Dhaliwal,Female,18,No,No,Karnataka,Mysuru,656667,Mass Market,18-25
C003597,Samuel Trivedi,Male,20,No,No,Uttar Pradesh,Noida,571112,Value,18-25
C003598,Ayaan Baral,Female,22,No,No,Karnataka,Bengaluru,701805,Premium,18-25
C003599,Abeer Suresh,Male,42,No,Yes,Rajasthan,Jaipur,596792,Premium,36-45
C003600,Kala Jani,Female,66,Yes,No,Rajasthan,Jaipur,255257,Mass Market,65+
C003601,Pooja Saxena,Male,25,No,No,Karnataka,Bengaluru,150335,Mass Market,18-25
C003602,Sudiksha Merchant,Female,34,No,No,Madhya Pradesh,Indore,808618,Mass Market,26-35
C003603,Jagdish Saxena,Male,26,No,No,Madhya Pradesh,Bhopal,830434,High Value,26-35
C003604,Wakeeta Lall,Male,49,No,Yes,Kerala,Kochi,299785,Value,46-55
C003605,Laksh Mallick,Male,23,No,Yes,Gujarat,Vadodara,210133,Value,18-25
C003606,Irya Brar,Male,66,Yes,Yes,Kerala,Thiruvananthapuram,90400,Mass Market,65+
C003607,Falan Narain,Female,57,No,Yes,Rajasthan,Jaipur,765849,Mass Market,56-65
C003608,Yashica Nayak,Male,38,No,No,Rajasthan,Udaipur,140565,Value,36-45
C003609,Sudiksha Varghese,Female,24,No,Yes,Madhya Pradesh,Indore,257870,Value,18-25
C003610,Divya Barad,Female,24,No,No,Madhya Pradesh,Bhopal,959027,Value,18-25
C003611,Harish Verma,Female,64,Yes,Yes,Uttar Pradesh,Kanpur,463691,Mass Market,56-65
C003612,Ranveer Banik,Male,56,No,No,Uttar Pradesh,Lucknow,838648,Mass Market,56-65
C003613,Yatan Devan,Male,44,No,No,Rajasthan,Jaipur,626961,Premium,36-45
C003614,Thomas Hayre,Female,25,No,No,West Bengal,Howrah,367717,Mass Market,18-25
C003615,Upma Doshi,Male,26,No,No,Madhya Pradesh,Bhopal,529694,Premium,26-35
C003616,Rachit Taneja,Male,45,No,Yes,Karnataka,Mangaluru,691548,Mass Market,36-45
C003617,Karan Issac,Female,32,No,No,West Bengal,Howrah,881412,Mass Market,26-35
C003618,Zaitra Kala,Female,19,No,Yes,Telangana,Warangal,527705,Value,18-25
C003619,Radha Bhavsar,Female,24,No,Yes,Delhi,Delhi,875505,High Value,18-25
C003620,Sathvik Gokhale,Male,64,Yes,Yes,Rajasthan,Jaipur,244818,Mass Market,56-65
C003621,Omya Lall,Female,35,No,No,Delhi,Delhi,789501,Value,26-35
C003622,Wahab Palla,Male,39,No,No,Maharashtra,Mumbai,919387,Value,36-45
C003623,Pranit Mital,Male,67,Yes,No,Kerala,Thiruvananthapuram,741420,Mass Market,65+
C003624,Brinda Sundaram,Female,27,No,No,Kerala,Kochi,349843,Mass Market,26-35
C003625,Manya Parikh,Male,67,Yes,Yes,Tamil Nadu,Chennai,814046,High Value,65+
C003626,Chakrika Char,Male,50,No,No,Madhya Pradesh,Indore,478635,Mass Market,46-55
C003627,Isaiah Mani,Male,24,No,No,Uttar Pradesh,Lucknow,236273,Value,18-25
C003628,Sanya Nanda,Female,20,No,No,Tamil Nadu,Madurai,89034,High Value,18-25
C003629,Pavani D’Alia,Female,31,No,No,Punjab,Chandigarh,446843,Mass Market,26-35
C003630,Ucchal Nagar,Female,61,Yes,Yes,Delhi,Delhi,109549,Mass Market,56-65
C003631,Idika Rao,Female,63,Yes,Yes,Madhya Pradesh,Bhopal,861773,Mass Market,56-65
C003632,Veda Suresh,Male,53,No,No,Telangana,Warangal,790991,Mass Market,46-55
C003633,Wahab Balakrishnan,Male,30,No,Yes,Rajasthan,Jodhpur,676170,Mass Market,26-35
C003634,Amrita Tripathi,Male,33,No,Yes,West Bengal,Howrah,110356,Value,26-35
C003635,Nilima Bhat,Male,33,No,No,Tamil Nadu,Madurai,576210,Premium,26-35
C003636,Advika Nadkarni,Male,22,No,No,Telangana,Warangal,280579,Value,18-25
C003637,Mahika Sathe,Female,69,Yes,No,Tamil Nadu,Madurai,500044,High Value,65+
C003638,Mohini Lad,Male,42,No,No,West Bengal,Howrah,156630,Mass Market,36-45
C003639,Amrita Sunder,Male,55,No,No,Tamil Nadu,Chennai,727562,Mass Market,46-55
C003640,Harinakshi Bath,Male,55,No,Yes,Rajasthan,Jaipur,21758,Mass Market,46-55
C003641,Sara Rout,Male,67,Yes,No,West Bengal,Howrah,839053,Mass Market,65+
C003642,Ojas Wason,Female,55,No,No,West Bengal,Howrah,13760,Mass Market,46-55
C003643,Imaran Narayan,Male,56,No,Yes,Uttar Pradesh,Noida,203248,Value,56-65
C003644,Anmol Bail,Male,65,Yes,Yes,Rajasthan,Udaipur,237756,Premium,56-65
C003645,Gautam Nath,Female,58,No,No,Kerala,Thiruvananthapuram,794668,High Value,56-65
C003646,Dev Bawa,Male,43,No,No,Rajasthan,Jaipur,324148,Mass Market,36-45
C003647,Janaki Wason,Male,30,No,Yes,Gujarat,Surat,268988,Premium,26-35
C003648,Naksh Wason,Male,61,Yes,No,West Bengal,Howrah,775746,Premium,56-65
C003649,Veer Mannan,Female,68,Yes,No,Rajasthan,Udaipur,857856,Mass Market,65+
C003650,Kashvi Narula,Female,43,No,No,Tamil Nadu,Chennai,519242,Mass Market,36-45
C003651,Tanveer Kothari,Female,18,No,No,Madhya Pradesh,Indore,934682,High Value,18-25
C003652,Balendra Bahri,Male,25,No,No,Delhi,Delhi,165228,Value,18-25
C003653,Yachana Rao,Female,21,No,No,West Bengal,Howrah,351187,High Value,18-25
C003654,Brijesh Dugar,Male,38,No,No,Madhya Pradesh,Bhopal,863414,Value,36-45
C003655,Charvi Bajwa,Male,39,No,Yes,Karnataka,Bengaluru,877747,Mass Market,36-45
C003656,Yug Bandi,Male,68,Yes,Yes,Madhya Pradesh,Bhopal,397103,Mass Market,65+
C003657,Jatin Purohit,Male,70,Yes,No,Punjab,Ludhiana,887277,High Value,65+
C003658,Karan Madan,Male,54,No,No,Rajasthan,Jodhpur,68886,Mass Market,46-55
C003659,Faraj Borah,Female,66,Yes,No,Gujarat,Surat,420505,Mass Market,65+
C003660,Anmol Aurora,Female,20,No,No,Punjab,Ludhiana,846221,Value,18-25
C003661,Girish Raman,Male,36,No,Yes,Telangana,Hyderabad,346518,Mass Market,36-45
C003662,Devika Naik,Male,18,No,Yes,Delhi,New Delhi,515312,Mass Market,18-25
C003663,Yauvani Bajaj,Male,46,No,No,West Bengal,Kolkata,413829,Value,46-55
C003664,Anusha Shanker,Male,40,No,No,Maharashtra,Nagpur,908686,Mass Market,36-45
C003665,Harish Lalla,Female,50,No,No,West Bengal,Howrah,146601,Value,46-55
C003666,Krisha Manne,Male,69,Yes,No,Madhya Pradesh,Bhopal,59396,Mass Market,65+
C003667,Girik Kapadia,Female,58,No,No,Madhya Pradesh,Bhopal,15522,Value,56-65
C003668,Arya Subramanian,Male,40,No,Yes,West Bengal,Howrah,412465,Mass Market,36-45
C003669,Yashawini Konda,Male,22,No,No,Madhya Pradesh,Indore,295787,Mass Market,18-25
C003670,Anay Taneja,Male,24,No,No,Karnataka,Bengaluru,516832,Premium,18-25
C003671,Kashish Chokshi,Male,23,No,No,Telangana,Warangal,227113,Mass Market,18-25
C003672,Udarsh Bakshi,Male,66,Yes,Yes,Kerala,Kochi,800214,Mass Market,65+
C003673,Vincent Sekhon,Female,39,No,No,Telangana,Warangal,84755,Value,36-45
C003674,Vansha Chopra,Male,66,Yes,No,Telangana,Warangal,773432,Mass Market,65+
C003675,Gaurangi Dhawan,Female,30,No,Yes,Uttar Pradesh,Kanpur,391321,Mass Market,26-35
C003676,Girish Gara,Male,29,No,No,Gujarat,Ahmedabad,669498,Value,26-35
C003677,Vrishti Krish,Male,21,No,No,Madhya Pradesh,Indore,598084,Premium,18-25
C003678,Lohit Rau,Male,25,No,Yes,Uttar Pradesh,Lucknow,987329,Premium,18-25
C003679,Viraj Bhargava,Female,54,No,No,Kerala,Thiruvananthapuram,584562,Value,46-55
C003680,Zayyan Sabharwal,Male,48,No,No,Telangana,Warangal,137024,Value,46-55
C003681,Geetika Dora,Female,54,No,No,West Bengal,Kolkata,698459,Premium,46-55
C003682,Ekanta Ray,Male,62,Yes,No,Kerala,Kochi,906609,Mass Market,56-65
C003683,Amrita Kadakia,Female,43,No,No,Madhya Pradesh,Indore,783062,Mass Market,36-45
C003684,Xalak Munshi,Male,60,Yes,Yes,Kerala,Kochi,465889,Value,56-65
C003685,Ekanta Shenoy,Female,25,No,Yes,Kerala,Kochi,244463,Value,18-25
C003686,Yoshita Bumb,Female,57,No,Yes,Uttar Pradesh,Lucknow,284209,Premium,56-65
C003687,Pavani Brahmbhatt,Female,50,No,No,Madhya Pradesh,Indore,749390,Mass Market,46-55
C003688,Joshua Arya,Male,62,Yes,No,Karnataka,Bengaluru,122021,Mass Market,56-65
C003689,Zinal Dara,Male,46,No,Yes,Karnataka,Mysuru,128513,Premium,46-55
C003690,Rudra Sarma,Male,22,No,No,Gujarat,Ahmedabad,840541,Value,18-25
C003691,Balvan Samra,Female,45,No,No,Rajasthan,Jodhpur,523700,Value,36-45
C003692,Onkar Vohra,Male,70,Yes,Yes,Maharashtra,Pune,775190,Mass Market,65+
C003693,Logan Sahota,Female,57,No,No,Telangana,Warangal,322607,Mass Market,56-65
C003694,Aditya Minhas,Male,34,No,No,Rajasthan,Jodhpur,478432,Mass Market,26-35
C003695,Radhika Menon,Male,40,No,No,Gujarat,Surat,748464,Value,36-45
C003696,Ekantika Prabhu,Male,62,Yes,Yes,Delhi,Delhi,103233,High Value,56-65
C003697,Lohit Mannan,Female,26,No,No,Rajasthan,Udaipur,437673,Premium,26-35
C003698,Kamya Venkataraman,Female,19,No,No,Maharashtra,Mumbai,585821,Value,18-25
C003699,Urmi Shere,Female,49,No,No,Kerala,Kochi,459968,Premium,46-55
C003700,Ganga Deshmukh,Male,68,Yes,No,Maharashtra,Pune,243121,Value,65+
C003701,Urvi Anne,Female,69,Yes,No,West Bengal,Howrah,558898,Mass Market,65+
C003702,Omaja Gola,Female,66,Yes,Yes,Madhya Pradesh,Bhopal,923078,Mass Market,65+
C003703,Upma Bhavsar,Male,48,No,No,Karnataka,Mangaluru,412570,Value,46-55
C003704,Devika Guha,Female,24,No,Yes,Kerala,Thiruvananthapuram,707792,Mass Market,18-25
C003705,Girindra Yogi,Female,47,No,Yes,Kerala,Kochi,454759,Value,46-55
C003706,Ganga Chandra,Female,20,No,No,Rajasthan,Jodhpur,113156,Premium,18-25
C003707,Upadhriti Dugar,Female,68,Yes,Yes,Uttar Pradesh,Kanpur,310242,Mass Market,65+
C003708,Inaya Kara,Male,68,Yes,No,Rajasthan,Jodhpur,459639,Mass Market,65+
C003709,Akshay Hans,Male,26,No,Yes,Maharashtra,Pune,684583,Mass Market,26-35
C003710,Bhavani Sandhu,Female,27,No,Yes,Maharashtra,Nagpur,90358,Value,26-35
C003711,Jhalak Rau,Male,63,Yes,No,Gujarat,Vadodara,872632,Mass Market,56-65
C003712,Samaksh Brahmbhatt,Female,67,Yes,No,Kerala,Kochi,502719,Value,65+
C003713,Harshil Kalita,Female,64,Yes,Yes,Maharashtra,Nagpur,642102,Mass Market,56-65
C003714,Pranav Lall,Female,43,No,No,Rajasthan,Jaipur,872880,Value,36-45
C003715,Jonathan Vig,Female,18,No,Yes,Gujarat,Surat,366497,Mass Market,18-25
C003716,Ganga Malhotra,Male,47,No,No,Tamil Nadu,Chennai,695990,High Value,46-55
C003717,Shaurya Ganguly,Male,55,No,No,Gujarat,Ahmedabad,964335,Value,46-55
C003718,Vincent Kalita,Male,32,No,Yes,Telangana,Hyderabad,239502,Premium,26-35
C003719,Manan Dhar,Male,42,No,No,Maharashtra,Pune,118700,Premium,36-45
C003720,Vaishnavi Acharya,Male,23,No,Yes,West Bengal,Kolkata,82220,Value,18-25
C003721,Faras Ben,Male,35,No,Yes,Madhya Pradesh,Indore,322089,Mass Market,26-35
C003722,Yasti Sarraf,Female,18,No,No,Uttar Pradesh,Kanpur,956089,Value,18-25
C003723,Urmi Narain,Female,20,No,No,Telangana,Warangal,466171,Value,18-25
C003724,Xiti Dalal,Male,34,No,No,Telangana,Hyderabad,147824,Value,26-35
C003725,Maya Purohit,Male,65,Yes,No,Uttar Pradesh,Lucknow,599117,Mass Market,56-65
C003726,Urvi Pant,Female,25,No,No,Telangana,Warangal,906650,Mass Market,18-25
C003727,Edhitha Wali,Male,66,Yes,No,Madhya Pradesh,Indore,888576,Mass Market,65+
C003728,Tanish Ganesan,Male,57,No,No,Telangana,Hyderabad,273160,Mass Market,56-65
C003729,Luke Sarkar,Male,34,No,No,Rajasthan,Udaipur,502450,High Value,26-35
C003730,Vrishti Krishna,Female,42,No,No,Punjab,Chandigarh,327052,Mass Market,36-45
C003731,Radhika Pall,Male,58,No,No,Telangana,Hyderabad,169456,Mass Market,56-65
C003732,Aryan Pau,Female,29,No,No,Uttar Pradesh,Kanpur,686676,Premium,26-35
C003733,Hiral Samra,Male,46,No,Yes,Punjab,Amritsar,691428,Premium,46-55
C003734,Rayaan Raja,Male,42,No,No,Rajasthan,Jodhpur,13,Value,36-45
C003735,Praneel Anne,Male,68,Yes,Yes,Tamil Nadu,Madurai,437847,Mass Market,65+
C003736,Riya Patel,Male,53,No,No,Uttar Pradesh,Kanpur,73823,Mass Market,46-55
C003737,Abdul Mukherjee,Female,70,Yes,No,Rajasthan,Jodhpur,258337,Value,65+
C003738,Girindra Pillay,Female,42,No,No,Madhya Pradesh,Bhopal,223345,Mass Market,36-45
C003739,Yadavi Arya,Female,46,No,No,Telangana,Warangal,154177,Mass Market,46-55
C003740,Bahadurjit Maharaj,Female,28,No,No,Telangana,Warangal,578661,Mass Market,26-35
C003741,Mitali Bassi,Female,21,No,No,Maharashtra,Nagpur,591,High Value,18-25
C003742,Anusha Bhandari,Female,31,No,No,Telangana,Hyderabad,862479,Mass Market,26-35
C003743,Urishilla Sha,Female,63,Yes,No,Kerala,Thiruvananthapuram,933489,Value,56-65
C003744,Oscar Solanki,Male,55,No,No,Rajasthan,Jodhpur,402696,High Value,46-55
C003745,Balvan Pingle,Male,34,No,Yes,Kerala,Thiruvananthapuram,155580,Value,26-35
C003746,Michael Goel,Male,19,No,Yes,Kerala,Kochi,875757,Mass Market,18-25
C003747,Fitan Saini,Female,25,No,No,Tamil Nadu,Chennai,131838,Mass Market,18-25
C003748,Daksh Sawhney,Male,53,No,No,Gujarat,Vadodara,370844,High Value,46-55
C003749,Dipta Chatterjee,Male,27,No,No,Telangana,Warangal,685013,Mass Market,26-35
C003750,Rishi Badal,Female,24,No,Yes,Tamil Nadu,Madurai,385418,Value,18-25
C003751,Edhitha Gara,Female,53,No,No,Madhya Pradesh,Bhopal,293264,Premium,46-55
C003752,Zaitra Atwal,Female,33,No,No,Rajasthan,Jodhpur,701773,Mass Market,26-35
C003753,Omaja Bhat,Male,31,No,Yes,Kerala,Kochi,701065,Premium,26-35
C003754,Reyansh Thaker,Female,33,No,No,Uttar Pradesh,Agra,605497,High Value,26-35
C003755,Amara Chacko,Male,42,No,No,Karnataka,Bengaluru,279310,Value,36-45
C003756,Sachi Basu,Male,58,No,No,Madhya Pradesh,Bhopal,627756,Value,56-65
C003757,Rushil Tiwari,Male,21,No,Yes,Telangana,Warangal,604186,Premium,18-25
C003758,Oscar Aggarwal,Male,46,No,Yes,Maharashtra,Nagpur,95661,Value,46-55
C003759,Anusha Panchal,Male,23,No,Yes,Punjab,Ludhiana,828921,Premium,18-25
C003760,Harita Shukla,Female,18,No,No,Tamil Nadu,Coimbatore,758643,Value,18-25
C003761,Ubika Chakrabarti,Male,56,No,Yes,Telangana,Warangal,830975,Mass Market,56-65
C003762,Gautam Gopal,Female,18,No,No,Gujarat,Ahmedabad,363149,Mass Market,18-25
C003763,Quincy Nadkarni,Male,68,Yes,Yes,Gujarat,Ahmedabad,896918,Mass Market,65+
C003764,Omkaar Anne,Male,57,No,No,Madhya Pradesh,Indore,175686,Mass Market,56-65
C003765,Kavya Sharma,Male,20,No,No,Gujarat,Ahmedabad,454964,Mass Market,18-25
C003766,Yatin Morar,Male,18,No,Yes,Karnataka,Mangaluru,206992,Value,18-25
C003767,Kevin Mukherjee,Female,18,No,No,West Bengal,Howrah,583003,Mass Market,18-25
C003768,Ladli Mangat,Male,56,No,No,Karnataka,Mangaluru,808756,Premium,56-65
C003769,Arya Dey,Male,38,No,No,Gujarat,Surat,449108,Premium,36-45
C003770,Odika Kara,Male,62,Yes,No,Madhya Pradesh,Indore,348831,Value,56-65
C003771,Anjali Iyengar,Male,47,No,No,Maharashtra,Mumbai,727783,Value,46-55
C003772,Chakrika Lad,Female,49,No,Yes,Rajasthan,Udaipur,79328,Mass Market,46-55
C003773,Aishani Chanda,Male,50,No,No,West Bengal,Howrah,816717,Value,46-55
C003774,Isha Patla,Female,65,Yes,Yes,Kerala,Thiruvananthapuram,110340,Value,56-65
C003775,Shivani Garde,Female,39,No,No,Uttar Pradesh,Kanpur,73617,Premium,36-45
C003776,Lekha Dugal,Female,47,No,Yes,Karnataka,Mysuru,574179,Mass Market,46-55
C003777,Radha Palan,Female,63,Yes,Yes,Kerala,Thiruvananthapuram,848000,Premium,56-65
C003778,Sarthak Oommen,Female,21,No,No,Rajasthan,Jodhpur,13302,Premium,18-25
C003779,Gautam Varghese,Female,40,No,No,Delhi,New Delhi,489040,Value,36-45
C003780,Aarna Kamdar,Female,61,Yes,No,Uttar Pradesh,Noida,139215,Mass Market,56-65
C003781,Advika Balay,Male,42,No,Yes,Maharashtra,Nagpur,927724,Value,36-45
C003782,Zansi Grewal,Male,29,No,No,Kerala,Kochi,376456,Value,26-35
C003783,Logan Sibal,Male,34,No,No,Madhya Pradesh,Bhopal,846891,Value,26-35
C003784,Kashish Purohit,Female,70,Yes,Yes,West Bengal,Howrah,833659,Value,65+
C003785,Ekantika Cheema,Female,32,No,No,Madhya Pradesh,Bhopal,470914,Mass Market,26-35
C003786,Abhiram Dutt,Male,27,No,No,Maharashtra,Pune,192908,Mass Market,26-35
C003787,Vaishnavi Natt,Female,52,No,Yes,Gujarat,Vadodara,382656,Mass Market,46-55
C003788,Harish Grover,Male,69,Yes,No,Maharashtra,Pune,978968,Mass Market,65+
C003789,Damini Gaba,Male,69,Yes,No,Telangana,Warangal,266699,Mass Market,65+
C003790,Quincy Bains,Female,46,No,No,West Bengal,Kolkata,699277,Mass Market,46-55
C003791,Tanmayi Saran,Male,29,No,Yes,Delhi,Delhi,866574,Mass Market,26-35
C003792,Urvashi Kohli,Male,18,No,No,Karnataka,Bengaluru,597759,Premium,18-25
C003793,Kashvi Nazareth,Female,18,No,Yes,Telangana,Warangal,767380,Premium,18-25
C003794,Nandini Mital,Female,27,No,No,Gujarat,Vadodara,750682,Mass Market,26-35
C003795,Vivaan Tripathi,Male,35,No,Yes,Kerala,Kochi,373393,Mass Market,26-35
C003796,Oviya Sandhu,Female,64,Yes,No,Uttar Pradesh,Kanpur,741267,Premium,56-65
C003797,Nandini Balakrishnan,Male,19,No,No,Telangana,Hyderabad,570738,Value,18-25
C003798,Yauvani Ganesan,Male,66,Yes,Yes,Gujarat,Ahmedabad,460521,Mass Market,65+
C003799,Rushil Dewan,Male,25,No,No,Kerala,Thiruvananthapuram,321330,Premium,18-25
C003800,Gauri Bhagat,Female,39,No,No,West Bengal,Kolkata,878928,Mass Market,36-45
C003801,Dayamai Dhaliwal,Male,39,No,Yes,Telangana,Warangal,229557,Value,36-45
C003802,Tara Randhawa,Female,43,No,No,Gujarat,Surat,930888,High Value,36-45
C003803,Triveni Acharya,Female,43,No,No,Karnataka,Mysuru,707991,Mass Market,36-45
C003804,Sai Gera,Female,26,No,Yes,Tamil Nadu,Coimbatore,623154,High Value,26-35
C003805,Damyanti Buch,Male,38,No,No,Kerala,Thiruvananthapuram,449197,Mass Market,36-45
C003806,Warinder Jani,Female,48,No,No,Kerala,Thiruvananthapuram,708486,Value,46-55
C003807,Gautam Konda,Male,69,Yes,Yes,Punjab,Ludhiana,117249,Value,65+
C003808,Kavya Ahluwalia,Male,60,Yes,No,Madhya Pradesh,Indore,963436,Premium,56-65
C003809,Nathaniel Padmanabhan,Male,23,No,Yes,Telangana,Warangal,94162,Mass Market,18-25
C003810,Urishilla Ramesh,Male,31,No,No,West Bengal,Kolkata,724089,Value,26-35
C003811,Urmi Puri,Female,50,No,No,Gujarat,Vadodara,287013,Premium,46-55
C003812,Xavier Char,Male,24,No,Yes,West Bengal,Kolkata,156670,Value,18-25
C003813,Kabir Nadkarni,Male,41,No,No,Gujarat,Surat,918717,Mass Market,36-45
C003814,Mugdha Narain,Female,26,No,No,Kerala,Kochi,45999,Mass Market,26-35
C003815,Panini Ramesh,Male,28,No,No,Delhi,New Delhi,71898,Value,26-35
C003816,Idika Suresh,Female,40,No,No,West Bengal,Howrah,221318,Premium,36-45
C003817,Tristan Gokhale,Male,65,Yes,No,Rajasthan,Udaipur,50346,Value,56-65
C003818,Jyoti Pathak,Female,68,Yes,No,West Bengal,Howrah,173417,Value,65+
C003819,Yachana Agarwal,Female,19,No,No,Telangana,Warangal,146554,Mass Market,18-25
C003820,Faras Karpe,Male,32,No,Yes,Telangana,Hyderabad,123355,Value,26-35
C003821,Xalak Guha,Male,52,No,Yes,Kerala,Kochi,649156,Mass Market,46-55
C003822,Siddharth Mittal,Male,53,No,No,Tamil Nadu,Chennai,303633,Value,46-55
C003823,Girik Nori,Female,69,Yes,No,Uttar Pradesh,Noida,486500,High Value,65+
C003824,Pranit Sandal,Male,45,No,No,Tamil Nadu,Coimbatore,443525,Premium,36-45
C003825,Bhavani Mukhopadhyay,Male,56,No,Yes,Delhi,Delhi,191653,Mass Market,56-65
C003826,Vasana Banerjee,Male,61,Yes,No,Tamil Nadu,Madurai,470669,Value,56-65
C003827,Oviya Gola,Male,21,No,No,Karnataka,Mysuru,778134,Mass Market,18-25
C003828,Mitali Varughese,Male,27,No,Yes,Madhya Pradesh,Indore,452448,Mass Market,26-35
C003829,Udyati Butala,Female,23,No,Yes,Rajasthan,Jodhpur,491535,Mass Market,18-25
C003830,Harrison Ravel,Male,47,No,No,Madhya Pradesh,Indore,904351,Mass Market,46-55
C003831,Naveen Nagar,Male,63,Yes,No,Madhya Pradesh,Indore,63929,Value,56-65
C003832,Yashica Rajagopalan,Female,52,No,Yes,Delhi,Delhi,651327,Value,46-55
C003833,Advay Sunder,Female,66,Yes,No,Punjab,Ludhiana,4991,High Value,65+
C003834,Pahal Bhagat,Male,60,Yes,No,Telangana,Hyderabad,643847,Mass Market,56-65
C003835,Pavani Kuruvilla,Male,27,No,No,Tamil Nadu,Coimbatore,981920,Mass Market,26-35
C003836,Shravya Thakkar,Male,70,Yes,No,Kerala,Kochi,91633,Mass Market,65+
C003837,Urvashi Nayak,Female,49,No,No,Telangana,Hyderabad,362593,Mass Market,46-55
C003838,Isaac Gola,Male,59,No,No,Tamil Nadu,Coimbatore,865711,High Value,56-65
C003839,Leela Buch,Female,59,No,Yes,Madhya Pradesh,Bhopal,491283,Mass Market,56-65
C003840,Abhimanyu Nazareth,Female,20,No,Yes,Punjab,Chandigarh,62381,High Value,18-25
C003841,Rudra Varma,Male,43,No,Yes,Telangana,Hyderabad,924516,Mass Market,36-45
C003842,Radhika Bava,Male,32,No,Yes,Karnataka,Mangaluru,917761,Mass Market,26-35
C003843,Baghyawati Baral,Male,34,No,Yes,Maharashtra,Pune,79117,Mass Market,26-35
C003844,Vrishti Sharma,Male,44,No,No,Telangana,Warangal,923359,Premium,36-45
C003845,Chandresh Pingle,Male,35,No,Yes,Uttar Pradesh,Lucknow,335315,Mass Market,26-35
C003846,Pavani Nazareth,Female,68,Yes,Yes,Maharashtra,Pune,562872,High Value,65+
C003847,Arjun Loke,Female,36,No,No,West Bengal,Howrah,504094,Value,36-45
C003848,Chaaya Parikh,Female,29,No,Yes,Karnataka,Mangaluru,477168,Mass Market,26-35
C003849,Anay Sekhon,Female,41,No,No,Rajasthan,Jodhpur,898218,Value,36-45
C003850,Chameli Banik,Male,22,No,Yes,Gujarat,Surat,446821,Mass Market,18-25
C003851,Ishanvi Bansal,Male,41,No,No,Maharashtra,Nashik,362970,Mass Market,36-45
C003852,Yuvraj Gill,Male,44,No,No,Madhya Pradesh,Bhopal,864732,Premium,36-45
C003853,Girindra Date,Female,65,Yes,No,Tamil Nadu,Coimbatore,322426,Value,56-65
C003854,Wakeeta Sankar,Female,47,No,No,Kerala,Kochi,783681,Value,46-55
C003855,Hemani Shanker,Female,32,No,No,Rajasthan,Jaipur,541452,Mass Market,26-35
C003856,Tara Baria,Male,64,Yes,Yes,Punjab,Amritsar,847590,Mass Market,56-65
C003857,Eta Pradhan,Male,55,No,No,Karnataka,Bengaluru,474176,Mass Market,46-55
C003858,Manan Chaudhuri,Female,61,Yes,No,Kerala,Thiruvananthapuram,344105,Value,56-65
C003859,Yauvani Brar,Male,51,No,No,Kerala,Kochi,940652,Premium,46-55
C003860,Chasmum Sami,Female,44,No,Yes,Telangana,Warangal,329324,Value,36-45
C003861,Anthony Gour,Female,37,No,No,West Bengal,Kolkata,483451,Premium,36-45
C003862,Fariq Sant,Female,58,No,No,Punjab,Chandigarh,508977,Mass Market,56-65
C003863,Rehaan Lal,Male,49,No,No,Gujarat,Vadodara,472815,Mass Market,46-55
C003864,Yoshita Zacharia,Male,21,No,No,West Bengal,Kolkata,66250,Mass Market,18-25
C003865,Chandran Prasad,Male,22,No,Yes,Uttar Pradesh,Noida,622043,Premium,18-25
C003866,Tanveer Sarkar,Male,70,Yes,Yes,Uttar Pradesh,Noida,714948,Premium,65+
C003867,Quincy Malhotra,Male,25,No,No,Delhi,Delhi,248492,Mass Market,18-25
C003868,Mohini Golla,Female,39,No,Yes,Karnataka,Mysuru,152830,Mass Market,36-45
C003869,Anjali Ahluwalia,Female,59,No,Yes,Telangana,Hyderabad,682080,Value,56-65
C003870,Sarthak Bahl,Male,24,No,Yes,Gujarat,Ahmedabad,78098,Premium,18-25
C003871,Kai Maharaj,Male,39,No,Yes,Tamil Nadu,Coimbatore,209252,Premium,36-45
C003872,Turvi Nadkarni,Male,63,Yes,No,Gujarat,Vadodara,94235,Mass Market,56-65
C003873,Timothy Kar,Male,47,No,Yes,Punjab,Amritsar,791302,Value,46-55
C003874,Ekta Kant,Female,54,No,No,Rajasthan,Jodhpur,929902,Premium,46-55
C003875,Bhavna Sharma,Male,33,No,No,Delhi,New Delhi,100227,Mass Market,26-35
C003876,Falguni Ramachandran,Male,32,No,No,Gujarat,Ahmedabad,579988,Value,26-35
C003877,Advik Oza,Male,22,No,Yes,Uttar Pradesh,Lucknow,594326,Mass Market,18-25
C003878,Ekaja Pal,Female,20,No,No,Tamil Nadu,Coimbatore,322408,Mass Market,18-25
C003879,Max Shere,Female,40,No,No,Maharashtra,Nagpur,770037,High Value,36-45
C003880,Shivansh Walia,Male,27,No,No,Rajasthan,Jodhpur,715068,High Value,26-35
C003881,Madhavi Kumer,Male,22,No,No,Telangana,Warangal,246088,Value,18-25
C003882,Bachittar Brar,Female,40,No,No,Rajasthan,Jodhpur,920851,Mass Market,36-45
C003883,Hemani Chacko,Female,32,No,No,Telangana,Hyderabad,122866,Premium,26-35
C003884,Kala Modi,Male,35,No,Yes,Punjab,Ludhiana,99974,Mass Market,26-35
C003885,Divya Seth,Female,42,No,Yes,Rajasthan,Jodhpur,117159,Mass Market,36-45
C003886,Ayushman Dugal,Female,25,No,No,Uttar Pradesh,Kanpur,364873,Mass Market,18-25
C003887,Indira Sankar,Female,48,No,Yes,Tamil Nadu,Chennai,259012,Value,46-55
C003888,Arin Mander,Female,38,No,Yes,Tamil Nadu,Chennai,996848,Mass Market,36-45
C003889,Wahab Prashad,Female,19,No,No,Delhi,Delhi,432978,Value,18-25
C003890,Kritika Dasgupta,Male,39,No,Yes,Uttar Pradesh,Lucknow,715429,Mass Market,36-45
C003891,Meghana Kamdar,Female,25,No,No,Punjab,Chandigarh,995719,Premium,18-25
C003892,Indrajit Mann,Male,40,No,No,Telangana,Hyderabad,770071,High Value,36-45
C003893,Nathan Rattan,Female,49,No,Yes,Karnataka,Mangaluru,35336,Premium,46-55
C003894,Indira Kalla,Male,25,No,Yes,Delhi,New Delhi,592172,Value,18-25
C003895,Arya Nagarajan,Female,21,No,Yes,Karnataka,Bengaluru,405155,Mass Market,18-25
C003896,Hitesh Nadkarni,Female,47,No,Yes,Telangana,Hyderabad,631438,Premium,46-55
C003897,Umang Raval,Male,36,No,Yes,Uttar Pradesh,Noida,61154,High Value,36-45
C003898,Ucchal Mangat,Female,40,No,Yes,Gujarat,Ahmedabad,118895,Mass Market,36-45
C003899,Naksh Goel,Male,35,No,No,Madhya Pradesh,Bhopal,919265,Value,26-35
C003900,Bhavya Aggarwal,Female,70,Yes,Yes,Tamil Nadu,Madurai,173366,Mass Market,65+
C003901,Ucchal Gera,Male,46,No,No,Uttar Pradesh,Lucknow,481431,Mass Market,46-55
C003902,Leela Sahota,Male,40,No,No,Rajasthan,Jodhpur,740019,Value,36-45
C003903,Nirja Gulati,Female,50,No,No,Gujarat,Vadodara,110638,High Value,46-55
C003904,Udarsh Devi,Male,69,Yes,No,Karnataka,Mysuru,244326,Mass Market,65+
C003905,Nilima Bajaj,Female,64,Yes,Yes,West Bengal,Kolkata,495189,Value,56-65
C003906,Zaid Ganesan,Male,35,No,No,Madhya Pradesh,Indore,978551,High Value,26-35
C003907,Gavin Prabhakar,Male,61,Yes,Yes,Gujarat,Vadodara,915436,Value,56-65
C003908,Lopa Vaidya,Male,50,No,Yes,Kerala,Kochi,345948,Premium,46-55
C003909,Neel Shankar,Female,24,No,No,Punjab,Amritsar,49408,Mass Market,18-25
C003910,Wriddhish Gill,Male,68,Yes,Yes,Rajasthan,Jaipur,910069,High Value,65+
C003911,Ryan Naidu,Male,45,No,Yes,Kerala,Kochi,698198,Mass Market,36-45
C003912,Chaaya Bhattacharyya,Male,18,No,No,Gujarat,Vadodara,331679,High Value,18-25
C003913,Samuel Shenoy,Male,56,No,No,Punjab,Chandigarh,664030,Mass Market,56-65
C003914,Yash Sawhney,Female,51,No,Yes,Madhya Pradesh,Bhopal,505999,Value,46-55
C003915,Peter Shenoy,Female,56,No,Yes,Telangana,Warangal,640810,Mass Market,56-65
C003916,Garima Dutta,Male,36,No,No,Madhya Pradesh,Bhopal,710917,Value,36-45
C003917,Turvi Boase,Female,48,No,No,Kerala,Kochi,510592,Mass Market,46-55
C003918,Bachittar Ray,Male,30,No,Yes,West Bengal,Howrah,865374,High Value,26-35
C003919,Lekha Bobal,Female,41,No,No,West Bengal,Howrah,558393,Mass Market,36-45
C003920,Abha Yogi,Female,22,No,No,Punjab,Amritsar,856654,Value,18-25
C003921,Arjun Sarna,Female,40,No,Yes,Rajasthan,Jaipur,478126,Mass Market,36-45
C003922,Darpan Master,Male,36,No,No,Delhi,New Delhi,78632,Premium,36-45
C003923,Balveer Patla,Female,18,No,No,Punjab,Amritsar,197030,Value,18-25
C003924,Yasti Sarraf,Male,50,No,Yes,Gujarat,Vadodara,817623,High Value,46-55
C003925,Jeet Chawla,Female,67,Yes,No,Karnataka,Mangaluru,558811,Value,65+
C003926,Adweta Choudhury,Male,50,No,Yes,Rajasthan,Jaipur,277615,Mass Market,46-55
C003927,Jeevika Sachar,Female,49,No,No,Telangana,Warangal,807844,Mass Market,46-55
C003928,Lucky Kibe,Female,45,No,No,Telangana,Warangal,467600,Premium,36-45
C003929,Shivansh Lalla,Female,54,No,Yes,Delhi,New Delhi,259765,Value,46-55
C003930,Forum Borah,Male,58,No,No,Gujarat,Vadodara,125445,Premium,56-65
C003931,Vyanjana Konda,Female,29,No,No,Gujarat,Vadodara,795196,Mass Market,26-35
C003932,Hema Merchant,Male,26,No,Yes,Maharashtra,Nagpur,499014,Value,26-35
C003933,Ganga Seshadri,Female,67,Yes,Yes,Kerala,Kochi,905444,High Value,65+
C003934,Anvi Banik,Male,28,No,Yes,Rajasthan,Jodhpur,252165,Mass Market,26-35
C003935,Manbir Vig,Male,50,No,No,Karnataka,Bengaluru,897390,Mass Market,46-55
C003936,Atharv Kant,Male,36,No,No,Maharashtra,Mumbai,666752,Premium,36-45
C003937,Janani Manne,Male,59,No,No,Madhya Pradesh,Bhopal,420315,Mass Market,56-65
C003938,Nathan Mody,Male,51,No,No,Maharashtra,Mumbai,997065,Value,46-55
C003939,Ria Menon,Male,24,No,No,Maharashtra,Mumbai,124507,Value,18-25
C003940,Kabir Din,Male,48,No,Yes,Tamil Nadu,Coimbatore,836350,High Value,46-55
C003941,Leena Kurian,Female,69,Yes,Yes,Tamil Nadu,Chennai,801922,Premium,65+
C003942,Ayaan Kakar,Female,19,No,No,Maharashtra,Pune,166239,Value,18-25
C003943,Manbir Arora,Male,36,No,No,Tamil Nadu,Coimbatore,526017,Mass Market,36-45
C003944,Januja Trivedi,Male,55,No,No,West Bengal,Kolkata,265581,Mass Market,46-55
C003945,Vansha Garde,Male,49,No,No,Tamil Nadu,Coimbatore,261354,Premium,46-55
C003946,Nachiket Thaker,Male,27,No,No,Uttar Pradesh,Agra,701823,Value,26-35
C003947,Kavya Radhakrishnan,Female,58,No,No,Telangana,Warangal,200253,Premium,56-65
C003948,Omkaar Vohra,Female,25,No,Yes,Uttar Pradesh,Noida,467407,Value,18-25
C003949,Parth Sule,Male,43,No,No,Kerala,Kochi,853311,Mass Market,36-45
C003950,Akshay Bhattacharyya,Male,47,No,No,Rajasthan,Udaipur,648356,Mass Market,46-55
C003951,Umang More,Male,28,No,No,Maharashtra,Nashik,875318,Mass Market,26-35
C003952,Udarsh Doctor,Female,58,No,No,Telangana,Hyderabad,833649,Premium,56-65
C003953,Jagdish Hegde,Female,37,No,No,West Bengal,Howrah,152964,Premium,36-45
C003954,Wishi Sharaf,Male,37,No,No,Maharashtra,Nagpur,871663,Mass Market,36-45
C003955,Vedant Jain,Male,26,No,Yes,Kerala,Kochi,32216,Value,26-35
C003956,Bachittar Rastogi,Female,25,No,No,Rajasthan,Jaipur,701821,Premium,18-25
C003957,Forum Tripathi,Female,32,No,No,Punjab,Chandigarh,574125,Value,26-35
C003958,Anika Warrior,Male,51,No,Yes,Delhi,New Delhi,218833,Value,46-55
C003959,Daksh Sekhon,Male,41,No,Yes,Rajasthan,Jaipur,17919,Mass Market,36-45
C003960,Yash Kunda,Male,50,No,No,Punjab,Amritsar,455766,Premium,46-55
C003961,Yash Kari,Female,58,No,Yes,Telangana,Warangal,253671,Value,56-65
C003962,Peter Baria,Male,58,No,No,Rajasthan,Jaipur,712034,Premium,56-65
C003963,Arunima Chand,Male,62,Yes,No,Maharashtra,Mumbai,741756,Premium,56-65
C003964,Devansh Deo,Female,57,No,Yes,Kerala,Kochi,923002,Premium,56-65
C003965,Darsh Johal,Male,44,No,No,Tamil Nadu,Madurai,422371,High Value,36-45
C003966,Yagnesh Sood,Female,38,No,No,Uttar Pradesh,Lucknow,643335,Premium,36-45
C003967,Guneet Yadav,Male,22,No,No,West Bengal,Howrah,999721,Mass Market,18-25
C003968,Eiravati Bora,Male,52,No,No,Karnataka,Mangaluru,152927,Mass Market,46-55
C003969,Vanya Dada,Female,38,No,No,Telangana,Hyderabad,993067,Mass Market,36-45
C003970,Fiyaz Soni,Male,21,No,Yes,Madhya Pradesh,Bhopal,420117,Mass Market,18-25
C003971,Harish Kale,Female,66,Yes,Yes,West Bengal,Howrah,101091,Mass Market,65+
C003972,Charita Andra,Male,65,Yes,Yes,Gujarat,Surat,460052,Value,56-65
C003973,Isaac Savant,Male,33,No,No,Telangana,Warangal,495668,Mass Market,26-35
C003974,Tanmayi Acharya,Female,48,No,No,Karnataka,Bengaluru,510389,Value,46-55
C003975,Niharika Madan,Male,43,No,No,Punjab,Chandigarh,372278,Premium,36-45
C003976,Patrick Narasimhan,Female,69,Yes,No,Delhi,New Delhi,929025,Premium,65+
C003977,Yoshita Mander,Male,52,No,Yes,Madhya Pradesh,Indore,244888,High Value,46-55
C003978,Aishani Wali,Male,23,No,Yes,Kerala,Thiruvananthapuram,769657,Mass Market,18-25
C003979,Harita Maharaj,Male,50,No,No,Uttar Pradesh,Kanpur,654395,Value,46-55
C003980,Ria Choudhury,Male,38,No,No,Karnataka,Mangaluru,891463,Mass Market,36-45
C003981,Vinaya Ahuja,Female,33,No,No,West Bengal,Howrah,245347,Value,26-35
C003982,Yashodhara Singhal,Female,64,Yes,Yes,Maharashtra,Nashik,911608,Value,56-65
C003983,Nihal Gola,Male,56,No,No,Rajasthan,Udaipur,781822,Mass Market,56-65
C003984,Rachana Modi,Male,51,No,No,Maharashtra,Mumbai,344944,Mass Market,46-55
C003985,Saanvi Oommen,Female,59,No,No,Kerala,Kochi,484856,Premium,56-65
C003986,Rishi Chopra,Female,32,No,Yes,Delhi,New Delhi,451421,Premium,26-35
C003987,Tanay Mohanty,Male,23,No,No,Maharashtra,Mumbai,729914,Value,18-25
C003988,Ekaja Wali,Male,19,No,No,Telangana,Hyderabad,607133,Mass Market,18-25
C003989,Harshil Mital,Male,41,No,No,Delhi,New Delhi,438276,Value,36-45
C003990,Mohammed Naik,Female,66,Yes,Yes,Maharashtra,Nagpur,612395,Mass Market,65+
C003991,Rehaan Randhawa,Male,45,No,Yes,Maharashtra,Nagpur,452591,High Value,36-45
C003992,Nakul Dugar,Male,18,No,No,Delhi,Delhi,720677,Premium,18-25
C003993,Zaitra Som,Female,18,No,Yes,Gujarat,Vadodara,97803,Mass Market,18-25
C003994,Amruta Karnik,Male,45,No,No,Delhi,Delhi,468620,Mass Market,36-45
C003995,Urmi Mitter,Male,53,No,Yes,Kerala,Kochi,539191,Value,46-55
C003996,Maanav Mohan,Male,37,No,Yes,Kerala,Thiruvananthapuram,828918,Mass Market,36-45
C003997,Irya Murty,Male,65,Yes,No,Punjab,Ludhiana,507398,High Value,56-65
C003998,Darika Sandal,Male,25,No,No,Delhi,New Delhi,855050,Premium,18-25
C003999,Omisha Ahluwalia,Male,18,No,No,Rajasthan,Jaipur,815114,Mass Market,18-25
C004000,Christopher Rege,Male,43,No,No,Tamil Nadu,Coimbatore,278566,Mass Market,36-45
C004001,Logan Shan,Female,68,Yes,Yes,Rajasthan,Jodhpur,176272,Premium,65+
C004002,Anirudh Jain,Female,60,Yes,No,Kerala,Thiruvananthapuram,381445,Value,56-65
C004003,Aahana Menon,Female,66,Yes,Yes,Kerala,Thiruvananthapuram,514997,Value,65+
C004004,Arjun Nagy,Male,42,No,No,Rajasthan,Jodhpur,301446,Mass Market,36-45
C004005,Lavanya Nanda,Male,27,No,Yes,Kerala,Thiruvananthapuram,384554,Mass Market,26-35
C004006,Tanveer Thakur,Male,29,No,Yes,Delhi,Delhi,12221,Value,26-35
C004007,Anusha Chhabra,Male,58,No,Yes,West Bengal,Kolkata,813120,Value,56-65
C004008,Xavier Dyal,Male,24,No,Yes,Uttar Pradesh,Lucknow,930898,Mass Market,18-25
C004009,Varsha Singhal,Female,29,No,No,Kerala,Kochi,92220,Mass Market,26-35
C004010,Madhavi Sur,Male,64,Yes,No,Rajasthan,Udaipur,417669,Value,56-65
C004011,Ati Prashad,Male,57,No,No,Uttar Pradesh,Lucknow,68382,Premium,56-65
C004012,Harrison Bhalla,Male,34,No,No,Rajasthan,Jaipur,667400,Mass Market,26-35
C004013,Anya Yogi,Female,22,No,Yes,Telangana,Hyderabad,977354,Premium,18-25
C004014,Raksha Mane,Male,31,No,Yes,Madhya Pradesh,Bhopal,259590,Mass Market,26-35
C004015,Urmi Desai,Female,51,No,Yes,West Bengal,Howrah,213553,Mass Market,46-55
C004016,Ekta Sachdev,Male,65,Yes,Yes,Uttar Pradesh,Agra,125343,Premium,56-65
C004017,Matthew Mistry,Female,34,No,No,Uttar Pradesh,Noida,466937,Value,26-35
C004018,Gaurang Sarma,Female,52,No,No,Telangana,Warangal,675644,Mass Market,46-55
C004019,Falak Lad,Male,18,No,No,West Bengal,Howrah,314822,Mass Market,18-25
C004020,Anthony Dey,Male,67,Yes,Yes,Gujarat,Vadodara,194572,Mass Market,65+
C004021,Dipta Patel,Male,67,Yes,Yes,Kerala,Kochi,555321,Premium,65+
C004022,Tanish Gour,Male,53,No,Yes,Kerala,Kochi,855502,Mass Market,46-55
C004023,Upadhriti Kari,Female,32,No,Yes,Karnataka,Mysuru,945058,Mass Market,26-35
C004024,Janaki Nath,Female,36,No,No,Madhya Pradesh,Bhopal,607228,Mass Market,36-45
C004025,Aashi Kumer,Female,68,Yes,Yes,Gujarat,Ahmedabad,993928,Value,65+
C004026,Logan Dar,Female,59,No,No,Rajasthan,Jodhpur,689801,Premium,56-65
C004027,Prisha Randhawa,Male,22,No,No,Delhi,Delhi,652854,Mass Market,18-25
C004028,Chanakya Wadhwa,Male,36,No,Yes,Kerala,Kochi,305236,Value,36-45
C004029,Yauvani Prakash,Female,60,Yes,No,Karnataka,Bengaluru,416370,Mass Market,56-65
C004030,Rajeshri Balay,Male,56,No,No,Rajasthan,Jodhpur,274200,Value,56-65
C004031,Vyanjana Mandal,Female,22,No,Yes,Telangana,Warangal,29407,Mass Market,18-25
C004032,Ekalinga Borra,Male,69,Yes,No,Telangana,Hyderabad,977881,Mass Market,65+
C004033,Isaiah Wali,Male,29,No,Yes,Delhi,New Delhi,485915,Mass Market,26-35
C004034,Yochana Chahal,Female,36,No,Yes,Punjab,Amritsar,542487,Premium,36-45
C004035,Rayaan Bora,Male,64,Yes,No,Madhya Pradesh,Bhopal,41471,Premium,56-65
C004036,Aradhana Shroff,Female,29,No,No,Kerala,Kochi,88779,Value,26-35
C004037,Max Narayanan,Female,53,No,Yes,Maharashtra,Nashik,156992,Mass Market,46-55
C004038,Qabil Nori,Female,29,No,Yes,West Bengal,Kolkata,913790,Mass Market,26-35
C004039,Rachana Bail,Female,35,No,No,Telangana,Warangal,688404,Value,26-35
C004040,Chaaya Ahuja,Female,66,Yes,Yes,Gujarat,Surat,633099,Premium,65+
C004041,Anirudh Anand,Female,68,Yes,Yes,Rajasthan,Udaipur,791415,High Value,65+
C004042,Ekantika Sane,Male,65,Yes,No,Punjab,Amritsar,842767,Value,56-65
C004043,Aashi Kapoor,Male,60,Yes,No,West Bengal,Howrah,416537,Mass Market,56-65
C004044,Tanvi Iyer,Female,51,No,Yes,West Bengal,Kolkata,667856,Value,46-55
C004045,Michael Gulati,Male,65,Yes,No,Gujarat,Vadodara,716436,Mass Market,56-65
C004046,Samuel Morar,Male,50,No,No,Punjab,Amritsar,116859,Value,46-55
C004047,Harrison Bal,Male,66,Yes,No,Telangana,Hyderabad,241716,Mass Market,65+
C004048,Joshua Zachariah,Female,35,No,No,Telangana,Hyderabad,478256,Mass Market,26-35
C004049,Ekapad Narang,Female,46,No,No,Uttar Pradesh,Noida,432510,Mass Market,46-55
C004050,Victor Joshi,Male,62,Yes,Yes,Punjab,Amritsar,102883,Value,56-65
C004051,Chavvi Gade,Female,22,No,Yes,Tamil Nadu,Coimbatore,491410,Value,18-25
C004052,Anika Kaul,Female,42,No,No,Uttar Pradesh,Agra,120174,Premium,36-45
C004053,Isha Bala,Female,41,No,No,Punjab,Chandigarh,481579,Premium,36-45
C004054,Ria Dasgupta,Female,46,No,No,Kerala,Kochi,194238,High Value,46-55
C004055,Atharv Sawhney,Female,55,No,No,Uttar Pradesh,Agra,212458,Mass Market,46-55
C004056,Lajita Bawa,Male,50,No,No,Telangana,Warangal,470807,Value,46-55
C004057,Reva Rastogi,Female,27,No,No,Delhi,New Delhi,927857,Value,26-35
C004058,Samesh Rai,Male,54,No,No,Delhi,Delhi,364254,Premium,46-55
C004059,Girik Gill,Female,50,No,No,Uttar Pradesh,Kanpur,470269,Mass Market,46-55
C004060,Nicholas Kadakia,Female,40,No,Yes,Uttar Pradesh,Lucknow,546669,Mass Market,36-45
C004061,Vrinda Parmar,Male,28,No,No,Karnataka,Mangaluru,72972,Mass Market,26-35
C004062,Ojasvi Halder,Male,41,No,No,Tamil Nadu,Chennai,318708,High Value,36-45
C004063,Gautam Tripathi,Female,41,No,No,Tamil Nadu,Madurai,334453,Premium,36-45
C004064,Vanya Kumer,Male,24,No,No,Delhi,Delhi,508290,Mass Market,18-25
C004065,Tanmayi Babu,Female,67,Yes,Yes,Delhi,Delhi,856980,Premium,65+
C004066,Lajita Salvi,Male,38,No,No,Madhya Pradesh,Indore,844027,Mass Market,36-45
C004067,Harish Pant,Male,37,No,No,Kerala,Kochi,626849,Mass Market,36-45
C004068,Dayita Bhattacharyya,Female,70,Yes,No,Maharashtra,Nashik,147904,Premium,65+
C004069,Charita Karnik,Female,27,No,No,Delhi,Delhi,751537,Mass Market,26-35
C004070,Madhavi Sinha,Female,42,No,Yes,Punjab,Amritsar,606082,Mass Market,36-45
C004071,Anvi Naik,Male,64,Yes,No,West Bengal,Howrah,820002,Premium,56-65
C004072,Lohit Kothari,Female,53,No,No,Maharashtra,Mumbai,806782,Value,46-55
C004073,Aditya Dave,Female,65,Yes,No,Maharashtra,Nashik,655309,High Value,56-65
C004074,Logan Singhal,Female,64,Yes,No,Uttar Pradesh,Agra,222128,Mass Market,56-65
C004075,Darsh Kadakia,Female,32,No,No,Delhi,Delhi,690358,Mass Market,26-35
C004076,Kamya Sachdeva,Female,61,Yes,Yes,Punjab,Chandigarh,223272,Mass Market,56-65
C004077,Oni Gera,Male,57,No,No,Telangana,Warangal,442416,Premium,56-65
C004078,Zilmil Doshi,Male,57,No,Yes,Punjab,Amritsar,838814,Mass Market,56-65
C004079,Janya Choudhary,Female,67,Yes,No,Karnataka,Mangaluru,822332,Mass Market,65+
C004080,Ayushman Tank,Male,23,No,Yes,Punjab,Chandigarh,846619,Mass Market,18-25
C004081,Damini Raval,Female,54,No,Yes,Telangana,Hyderabad,108186,Premium,46-55
C004082,Alka Nagi,Male,19,No,No,Punjab,Ludhiana,213375,Mass Market,18-25
C004083,Atharv Narula,Female,29,No,No,Punjab,Ludhiana,145544,Mass Market,26-35
C004084,Upma Banerjee,Female,21,No,No,West Bengal,Kolkata,227004,Value,18-25
C004085,Nikita Batra,Male,40,No,No,Madhya Pradesh,Indore,442259,Mass Market,36-45
C004086,Omkaar Dugar,Male,30,No,No,Delhi,New Delhi,303748,Mass Market,26-35
C004087,Alexander Palla,Male,34,No,No,Delhi,Delhi,83743,Mass Market,26-35
C004088,George Saini,Female,48,No,No,Uttar Pradesh,Noida,6083,Premium,46-55
C004089,Isaiah Soni,Female,33,No,No,Gujarat,Vadodara,773667,Mass Market,26-35
C004090,Ojasvi Yadav,Male,58,No,No,Punjab,Amritsar,859877,Mass Market,56-65
C004091,Krish Acharya,Female,43,No,No,West Bengal,Howrah,573335,Mass Market,36-45
C004092,Vamakshi Singh,Male,45,No,No,Tamil Nadu,Coimbatore,837902,High Value,36-45
C004093,Kabir Naidu,Male,18,No,Yes,Tamil Nadu,Coimbatore,894056,Mass Market,18-25
C004094,Gopal Sridhar,Female,64,Yes,No,Telangana,Hyderabad,761927,Premium,56-65
C004095,Rohan Dass,Male,29,No,Yes,Rajasthan,Jaipur,207962,Premium,26-35
C004096,Yutika Dayal,Male,54,No,Yes,West Bengal,Howrah,809952,Mass Market,46-55
C004097,Umang Butala,Male,67,Yes,Yes,Madhya Pradesh,Bhopal,427561,Mass Market,65+
C004098,Netra Mandal,Male,37,No,No,Delhi,Delhi,372017,Value,36-45
C004099,Zaid Kara,Male,19,No,Yes,Delhi,Delhi,117555,Premium,18-25
C004100,Qasim Mitra,Male,53,No,No,Gujarat,Vadodara,774735,Premium,46-55
C004101,Turvi Venkatesh,Female,32,No,No,Kerala,Thiruvananthapuram,67444,Premium,26-35
C004102,Karan Narang,Male,55,No,No,Punjab,Chandigarh,716778,Mass Market,46-55
C004103,Kavya Dhillon,Male,39,No,No,Maharashtra,Mumbai,302492,Value,36-45
C004104,Lekha Bava,Male,61,Yes,No,West Bengal,Kolkata,8334,Mass Market,56-65
C004105,Qabil Atwal,Male,67,Yes,No,Rajasthan,Jaipur,871550,Value,65+
C004106,Bahadurjit Khanna,Female,49,No,No,Madhya Pradesh,Bhopal,930380,Value,46-55
C004107,Mekhala Naidu,Female,37,No,No,Rajasthan,Jodhpur,543137,Mass Market,36-45
C004108,Vasana Sule,Male,53,No,No,Karnataka,Mangaluru,129504,Mass Market,46-55
C004109,Raghav Ravi,Female,50,No,No,West Bengal,Howrah,987599,Mass Market,46-55
C004110,Tanish Setty,Female,32,No,Yes,Maharashtra,Nagpur,322927,Value,26-35
C004111,Ria Dalal,Female,67,Yes,No,Punjab,Amritsar,992839,Premium,65+
C004112,Yoshita Nazareth,Male,63,Yes,Yes,Karnataka,Bengaluru,391062,Value,56-65
C004113,Quincy Kumer,Male,20,No,Yes,Gujarat,Ahmedabad,467863,Premium,18-25
C004114,Vinaya Shan,Male,46,No,No,Uttar Pradesh,Noida,381691,Mass Market,46-55
C004115,Hema Venkataraman,Female,64,Yes,No,Tamil Nadu,Coimbatore,867076,Mass Market,56-65
C004116,Dev Pau,Male,44,No,No,Tamil Nadu,Chennai,444911,Mass Market,36-45
C004117,Atharv Date,Female,22,No,No,Uttar Pradesh,Agra,101542,Mass Market,18-25
C004118,Utkarsh Shankar,Male,48,No,No,Kerala,Kochi,255730,Value,46-55
C004119,Jai Merchant,Male,39,No,Yes,Uttar Pradesh,Kanpur,808725,Premium,36-45
C004120,Idika Mohanty,Female,52,No,No,Gujarat,Vadodara,230227,Value,46-55
C004121,Rajata Butala,Male,24,No,Yes,Tamil Nadu,Chennai,752152,Value,18-25
C004122,Mitali Vaidya,Male,23,No,Yes,Madhya Pradesh,Indore,231143,Mass Market,18-25
C004123,Lucky Kapadia,Female,43,No,No,Delhi,New Delhi,166382,Mass Market,36-45
C004124,Rushil Pandya,Female,18,No,Yes,Punjab,Ludhiana,775972,Mass Market,18-25
C004125,Champak Walia,Female,36,No,Yes,Rajasthan,Jaipur,771984,Value,36-45
C004126,Victor Wali,Female,24,No,No,Kerala,Thiruvananthapuram,53465,Value,18-25
C004127,Kavya Dutt,Female,53,No,Yes,Rajasthan,Jaipur,409683,Mass Market,46-55
C004128,Noah Kara,Female,29,No,Yes,West Bengal,Howrah,869871,Value,26-35
C004129,Panini Jain,Male,37,No,Yes,Rajasthan,Jaipur,462929,Value,36-45
C004130,Chandran Rattan,Male,40,No,Yes,Karnataka,Mysuru,773605,Mass Market,36-45
C004131,Madhavi Vig,Male,42,No,Yes,Karnataka,Bengaluru,908110,Value,36-45
C004132,Vamakshi Sidhu,Male,47,No,No,Delhi,New Delhi,77831,Premium,46-55
C004133,Laban Mital,Female,46,No,Yes,Maharashtra,Nashik,637419,Mass Market,46-55
C004134,Falan Krishnamurthy,Female,48,No,No,Karnataka,Mysuru,32250,Value,46-55
C004135,Sathvik Bhavsar,Female,35,No,Yes,Karnataka,Mangaluru,933922,Mass Market,26-35
C004136,Nirja Dey,Male,58,No,No,West Bengal,Kolkata,445454,Premium,56-65
C004137,Vasana Dyal,Female,36,No,No,Kerala,Thiruvananthapuram,727879,High Value,36-45
C004138,Mahika Dutta,Male,21,No,No,Madhya Pradesh,Indore,447717,Value,18-25
C004139,Mahika Hari,Female,18,No,No,Uttar Pradesh,Lucknow,66867,Mass Market,18-25
C004140,Inaya Bobal,Female,58,No,No,Kerala,Thiruvananthapuram,206137,Mass Market,56-65
C004141,Anya Dey,Male,32,No,Yes,Maharashtra,Nashik,982376,Mass Market,26-35
C004142,Jatin Doshi,Male,25,No,No,Rajasthan,Udaipur,825930,Mass Market,18-25
C004143,Sachi Dhar,Male,32,No,No,Maharashtra,Pune,879091,Value,26-35
C004144,Falak Apte,Female,32,No,Yes,Karnataka,Mangaluru,812126,Mass Market,26-35
C004145,Deepa Viswanathan,Female,67,Yes,Yes,Telangana,Hyderabad,581567,Mass Market,65+
C004146,Urishilla Kata,Female,56,No,Yes,Punjab,Amritsar,26225,Premium,56-65
C004147,Chanchal Dash,Male,39,No,No,Rajasthan,Jaipur,933562,Value,36-45
C004148,Mitesh Bobal,Male,35,No,Yes,Maharashtra,Mumbai,437282,Mass Market,26-35
C004149,Anita Baria,Female,33,No,Yes,Kerala,Thiruvananthapuram,12520,Value,26-35
C004150,Aadhya Chowdhury,Female,19,No,No,Delhi,Delhi,432091,High Value,18-25
C004151,Pooja Ganguly,Male,53,No,No,Punjab,Amritsar,812479,Mass Market,46-55
C004152,Bishakha Kar,Male,37,No,Yes,Tamil Nadu,Coimbatore,667830,Value,36-45
C004153,Gaurang Patil,Female,33,No,Yes,Gujarat,Surat,172940,Premium,26-35
C004154,Warda Sankaran,Male,20,No,No,Tamil Nadu,Madurai,751376,Value,18-25
C004155,Dakshesh Cheema,Male,47,No,No,Karnataka,Mangaluru,814196,Mass Market,46-55
C004156,Anya Krishnamurthy,Male,19,No,No,Madhya Pradesh,Indore,991845,Mass Market,18-25
C004157,Oni Krishnamurthy,Male,52,No,No,West Bengal,Howrah,920849,Premium,46-55
C004158,Fiyaz Arya,Female,43,No,Yes,Kerala,Thiruvananthapuram,538519,High Value,36-45
C004159,Vedika Kibe,Female,22,No,Yes,Maharashtra,Nagpur,56845,Premium,18-25
C004160,Timothy Saraf,Female,19,No,No,Delhi,Delhi,401075,High Value,18-25
C004161,Hemang Sura,Male,68,Yes,No,Punjab,Ludhiana,879972,Value,65+
C004162,Zilmil Raja,Male,37,No,No,Kerala,Kochi,575022,High Value,36-45
C004163,Hritik Chaudhari,Male,51,No,No,Uttar Pradesh,Noida,931227,Value,46-55
C004164,Jacob Khare,Male,51,No,No,Telangana,Warangal,544955,High Value,46-55
C004165,Oviya Ramesh,Female,37,No,Yes,Rajasthan,Udaipur,307958,Mass Market,36-45
C004166,Idika Sarraf,Male,67,Yes,Yes,Uttar Pradesh,Kanpur,546772,Premium,65+
C004167,Baljiwan Rastogi,Male,42,No,Yes,West Bengal,Howrah,967783,Mass Market,36-45
C004168,Atharv Kalita,Male,37,No,No,Maharashtra,Pune,751638,Mass Market,36-45
C004169,Arjun Narasimhan,Male,42,No,Yes,Tamil Nadu,Chennai,662679,Value,36-45
C004170,Brinda Sachar,Male,70,Yes,No,Gujarat,Ahmedabad,99073,Mass Market,65+
C004171,Tanmayi Kulkarni,Male,31,No,Yes,Punjab,Amritsar,229176,Mass Market,26-35
C004172,Hemangini Pandey,Female,64,Yes,Yes,Rajasthan,Udaipur,803614,High Value,56-65
C004173,Aradhana Sehgal,Male,61,Yes,Yes,Madhya Pradesh,Bhopal,440291,Value,56-65
C004174,Ekta Shanker,Male,60,Yes,No,Rajasthan,Udaipur,650584,High Value,56-65
C004175,Naveen Kadakia,Female,60,Yes,No,Kerala,Thiruvananthapuram,149228,High Value,56-65
C004176,Nandini Pall,Female,56,No,No,Uttar Pradesh,Noida,560229,Mass Market,56-65
C004177,Xalak Chakraborty,Female,29,No,No,Uttar Pradesh,Noida,511748,Mass Market,26-35
C004178,Indira Yohannan,Female,65,Yes,No,Telangana,Warangal,369380,Mass Market,56-65
C004179,Edhitha Mohan,Male,22,No,Yes,Gujarat,Vadodara,846070,Value,18-25
C004180,Gautam Ravi,Male,19,No,Yes,Karnataka,Bengaluru,351759,Value,18-25
C004181,Widisha Grewal,Male,33,No,Yes,Maharashtra,Nagpur,172610,Value,26-35
C004182,Samaksh Lanka,Female,47,No,No,Gujarat,Vadodara,563147,Mass Market,46-55
C004183,Indali Nazareth,Female,64,Yes,Yes,Maharashtra,Nashik,126508,Mass Market,56-65
C004184,Janaki Dutta,Male,60,Yes,Yes,Uttar Pradesh,Agra,558537,Value,56-65
C004185,Ekantika Babu,Male,55,No,No,Punjab,Amritsar,881668,Mass Market,46-55
C004186,Ranveer Mukherjee,Female,62,Yes,No,Gujarat,Vadodara,965119,Premium,56-65
C004187,Pranav Rao,Male,68,Yes,No,Maharashtra,Nagpur,447321,Mass Market,65+
C004188,Rushil Chander,Female,59,No,Yes,Punjab,Ludhiana,785457,Mass Market,56-65
C004189,Nidhi Lall,Female,41,No,No,Karnataka,Bengaluru,770608,Mass Market,36-45
C004190,Harini Walia,Female,68,Yes,No,Maharashtra,Mumbai,588348,Premium,65+
C004191,Mekhala Deol,Female,47,No,Yes,Delhi,New Delhi,643275,Mass Market,46-55
C004192,Hemang Memon,Female,54,No,No,Gujarat,Surat,115652,Mass Market,46-55
C004193,Ekiya Kar,Male,70,Yes,No,West Bengal,Kolkata,701562,Value,65+
C004194,Banjeet Korpal,Female,56,No,Yes,Maharashtra,Mumbai,699818,High Value,56-65
C004195,Anusha Bal,Female,28,No,No,Madhya Pradesh,Indore,527920,High Value,26-35
C004196,Udarsh Kanda,Male,31,No,No,Tamil Nadu,Chennai,854631,Mass Market,26-35
C004197,Upkaar Sarraf,Male,40,No,Yes,Gujarat,Surat,460664,Premium,36-45
C004198,Maanav Arora,Male,70,Yes,No,Telangana,Hyderabad,237558,Mass Market,65+
C004199,Yagnesh Bail,Male,33,No,Yes,Gujarat,Surat,883331,Mass Market,26-35
C004200,Reva Sachdeva,Female,67,Yes,No,Tamil Nadu,Madurai,932548,Value,65+
C004201,Nitara Grewal,Female,38,No,No,Punjab,Ludhiana,928206,Mass Market,36-45
C004202,Lila Lal,Male,21,No,No,West Bengal,Kolkata,653479,Premium,18-25
C004203,Adya Sankar,Male,50,No,Yes,Telangana,Hyderabad,109002,High Value,46-55
C004204,Janya Keer,Female,64,Yes,Yes,Maharashtra,Nagpur,326,Mass Market,56-65
C004205,Ishanvi Bose,Male,31,No,Yes,Delhi,New Delhi,617808,Mass Market,26-35
C004206,Ekanta Koshy,Male,36,No,Yes,Gujarat,Vadodara,449916,Value,36-45
C004207,Gopal Tripathi,Female,22,No,Yes,Madhya Pradesh,Indore,776502,Value,18-25
C004208,Dipta Cheema,Male,53,No,No,Punjab,Ludhiana,250122,High Value,46-55
C004209,Ijaya Kapur,Male,48,No,Yes,Delhi,Delhi,535375,Premium,46-55
C004210,Amruta Bera,Male,62,Yes,No,Tamil Nadu,Chennai,719766,Value,56-65
C004211,Raksha Tank,Male,35,No,No,Kerala,Kochi,624293,Mass Market,26-35
C004212,Dhruv Garg,Female,61,Yes,No,Telangana,Warangal,801070,Premium,56-65
C004213,Saumya Bhandari,Male,48,No,No,West Bengal,Kolkata,774460,Mass Market,46-55
C004214,Vansha Divan,Male,47,No,Yes,Telangana,Warangal,486491,High Value,46-55
C004215,Irya Bhattacharyya,Female,38,No,No,West Bengal,Kolkata,507831,Mass Market,36-45
C004216,Zayyan Bala,Female,64,Yes,No,Punjab,Ludhiana,331534,Value,56-65
C004217,Raagini Deol,Male,47,No,No,Rajasthan,Jodhpur,621741,Mass Market,46-55
C004218,Tanveer Seth,Male,58,No,No,West Bengal,Howrah,375141,Value,56-65
C004219,Daksha Narayanan,Female,21,No,No,Delhi,Delhi,486689,Value,18-25
C004220,Yashoda Ray,Male,22,No,Yes,Punjab,Amritsar,397327,Value,18-25
C004221,Divya Ahuja,Male,58,No,Yes,Maharashtra,Mumbai,28496,Premium,56-65
C004222,Ishita Dar,Female,62,Yes,No,Tamil Nadu,Chennai,555012,Value,56-65
C004223,Devansh Wagle,Female,27,No,No,Kerala,Thiruvananthapuram,991499,Mass Market,26-35
C004224,Neel Hayer,Female,44,No,No,West Bengal,Kolkata,253595,Premium,36-45
C004225,Praneel Golla,Female,33,No,Yes,Kerala,Thiruvananthapuram,19654,Premium,26-35
C004226,Warda Dar,Female,47,No,No,Maharashtra,Pune,59445,Mass Market,46-55
C004227,Gaurav Chandra,Male,30,No,No,Punjab,Amritsar,452102,Premium,26-35
C004228,Lila Reddy,Female,53,No,Yes,Rajasthan,Udaipur,388707,High Value,46-55
C004229,Urvi Devi,Male,38,No,Yes,Karnataka,Mangaluru,360421,Value,36-45
C004230,Qadim Char,Male,62,Yes,Yes,West Bengal,Howrah,100468,Mass Market,56-65
C004231,Isha Goel,Female,70,Yes,No,Karnataka,Mangaluru,975210,Value,65+
C004232,Zayyan Tata,Female,57,No,No,Telangana,Hyderabad,848654,Mass Market,56-65
C004233,Qarin Lad,Male,62,Yes,Yes,Rajasthan,Udaipur,556862,Value,56-65
C004234,Sai Karan,Female,32,No,Yes,Delhi,New Delhi,290544,Value,26-35
C004235,Finn Nori,Male,37,No,No,Gujarat,Surat,710567,High Value,36-45
C004236,Girindra Viswanathan,Male,37,No,No,Madhya Pradesh,Bhopal,929369,Value,36-45
C004237,Anmol Bhat,Male,62,Yes,No,Uttar Pradesh,Noida,706487,Mass Market,56-65
C004238,Kashvi Chandran,Female,22,No,No,Madhya Pradesh,Indore,358389,Premium,18-25
C004239,Aarav Wadhwa,Female,49,No,Yes,Uttar Pradesh,Noida,175204,Mass Market,46-55
C004240,Aayush Narain,Male,23,No,No,Tamil Nadu,Chennai,700483,Mass Market,18-25
C004241,Damini Bala,Female,47,No,Yes,Karnataka,Mangaluru,762732,Mass Market,46-55
C004242,Ekaraj Gera,Male,43,No,No,Gujarat,Vadodara,538274,Mass Market,36-45
C004243,Wishi Gopal,Female,54,No,No,Kerala,Kochi,832622,High Value,46-55
C004244,Hemani Chatterjee,Male,30,No,No,Uttar Pradesh,Agra,63483,Value,26-35
C004245,Kavya Goel,Male,46,No,No,Gujarat,Ahmedabad,323014,Premium,46-55
C004246,Peter Tripathi,Female,22,No,No,Telangana,Warangal,467503,Mass Market,18-25
C004247,Sai Balasubramanian,Male,42,No,Yes,Kerala,Thiruvananthapuram,954185,Premium,36-45
C004248,Jai Muni,Male,30,No,No,Punjab,Amritsar,39710,Value,26-35
C004249,Hritik Palla,Female,41,No,No,Tamil Nadu,Coimbatore,44330,Value,36-45
C004250,Zarna Ganesh,Female,48,No,Yes,West Bengal,Kolkata,98099,High Value,46-55
C004251,Widisha Hans,Male,37,No,No,Madhya Pradesh,Indore,409600,Value,36-45
C004252,Geetika Sha,Male,25,No,No,Karnataka,Mangaluru,684865,Value,18-25
C004253,Sara Dada,Male,26,No,No,Kerala,Thiruvananthapuram,842252,Mass Market,26-35
C004254,Hamsini Koshy,Male,38,No,No,Uttar Pradesh,Lucknow,768575,Mass Market,36-45
C004255,Lohit Khatri,Male,68,Yes,No,Maharashtra,Nagpur,644292,Premium,65+
C004256,Raghav Raval,Female,37,No,No,Rajasthan,Jodhpur,750193,Premium,36-45
C004257,Ishita Bhargava,Female,32,No,No,Tamil Nadu,Madurai,526749,Value,26-35
C004258,Hardik Venkatesh,Male,43,No,Yes,Madhya Pradesh,Indore,222166,High Value,36-45
C004259,Ekani Vyas,Male,59,No,Yes,Uttar Pradesh,Lucknow,952381,Value,56-65
C004260,Sai Mandal,Male,28,No,No,Delhi,New Delhi,987142,Value,26-35
C004261,Krishna Sem,Male,54,No,Yes,Maharashtra,Nagpur,357779,Mass Market,46-55
C004262,Brinda Sandhu,Female,58,No,No,Madhya Pradesh,Indore,124049,Value,56-65
C004263,Radhika Purohit,Male,28,No,Yes,West Bengal,Howrah,863623,Mass Market,26-35
C004264,Vritti Bajwa,Male,44,No,No,Madhya Pradesh,Bhopal,755337,Mass Market,36-45
C004265,Hemang Nagy,Female,47,No,No,Kerala,Thiruvananthapuram,477630,High Value,46-55
C004266,Lopa Mohan,Male,36,No,No,Punjab,Chandigarh,585827,Mass Market,36-45
C004267,Bhavna Bhakta,Female,51,No,No,Uttar Pradesh,Kanpur,546991,Mass Market,46-55
C004268,Raghav Chakraborty,Male,55,No,No,Tamil Nadu,Madurai,897303,Mass Market,46-55
C004269,Oscar Murthy,Female,40,No,Yes,Punjab,Chandigarh,858144,Mass Market,36-45
C004270,Ayaan Batta,Female,70,Yes,Yes,Telangana,Hyderabad,983687,Mass Market,65+
C004271,Lekha Guha,Female,18,No,Yes,Telangana,Hyderabad,190750,Mass Market,18-25
C004272,Charles Saraf,Female,20,No,No,Kerala,Kochi,611555,Value,18-25
C004273,Yashoda Prabhakar,Male,20,No,Yes,Rajasthan,Jodhpur,74981,Value,18-25
C004274,Tanish Chaudhary,Male,45,No,Yes,Maharashtra,Nashik,961158,Premium,36-45
C004275,Quincy Kant,Female,31,No,No,Maharashtra,Mumbai,171872,High Value,26-35
C004276,Elijah Jani,Female,69,Yes,No,Rajasthan,Jodhpur,12683,Value,65+
C004277,Samuel Aurora,Male,47,No,Yes,Delhi,New Delhi,562420,Mass Market,46-55
C004278,Lakshmi Jha,Male,22,No,Yes,Madhya Pradesh,Indore,51169,Mass Market,18-25
C004279,Bina Agrawal,Male,66,Yes,No,Gujarat,Vadodara,690543,Premium,65+
C004280,Ganga Goel,Male,32,No,No,Delhi,Delhi,268219,Value,26-35
C004281,Vedant Prabhu,Male,55,No,Yes,Tamil Nadu,Coimbatore,719023,Mass Market,46-55
C004282,Chaitanya Dugal,Female,31,No,No,Karnataka,Mysuru,710732,Mass Market,26-35
C004283,Yatin Kuruvilla,Male,31,No,No,West Bengal,Howrah,759212,Premium,26-35
C004284,Dayita Jayaraman,Male,66,Yes,No,Uttar Pradesh,Noida,34899,Value,65+
C004285,Nimrat Anne,Female,25,No,No,Delhi,Delhi,564317,Value,18-25
C004286,Odika Purohit,Female,25,No,No,West Bengal,Kolkata,104631,Mass Market,18-25
C004287,Ranveer Sura,Female,36,No,No,Rajasthan,Jaipur,867019,Value,36-45
C004288,Advaith Rana,Female,49,No,Yes,Madhya Pradesh,Bhopal,835054,Premium,46-55
C004289,Saumya Dave,Male,48,No,Yes,Rajasthan,Jodhpur,593181,Premium,46-55
C004290,Ekavir Contractor,Female,46,No,No,West Bengal,Kolkata,125470,Premium,46-55
C004291,Nathan Suresh,Male,58,No,No,Kerala,Kochi,341350,Value,56-65
C004292,Qadim Yadav,Male,28,No,No,Telangana,Hyderabad,407647,Value,26-35
C004293,Oliver Kunda,Female,62,Yes,Yes,Telangana,Warangal,862943,Value,56-65
C004294,Bhavani Yadav,Female,30,No,No,Madhya Pradesh,Bhopal,813145,Mass Market,26-35
C004295,Bhavani Lal,Male,44,No,Yes,Uttar Pradesh,Lucknow,948072,Premium,36-45
C004296,Jagdish Rana,Male,36,No,No,Kerala,Thiruvananthapuram,784584,Value,36-45
C004297,Gabriel Tank,Male,43,No,Yes,Madhya Pradesh,Bhopal,840222,Value,36-45
C004298,Joshua Vasa,Male,70,Yes,No,Uttar Pradesh,Kanpur,760218,High Value,65+
C004299,Upasna Srinivas,Male,68,Yes,No,Tamil Nadu,Chennai,667252,High Value,65+
C004300,Isaac Karnik,Female,54,No,Yes,West Bengal,Howrah,934445,Value,46-55
C004301,Lipika Gour,Male,65,Yes,Yes,West Bengal,Howrah,906774,Mass Market,56-65
C004302,Ekansh Khurana,Female,26,No,No,Uttar Pradesh,Agra,108306,Mass Market,26-35
C004303,Kamala Sarma,Female,45,No,No,Kerala,Kochi,443710,High Value,36-45
C004304,Riya Barman,Female,49,No,Yes,West Bengal,Howrah,257542,Mass Market,46-55
C004305,Shivansh Nadkarni,Female,69,Yes,Yes,Rajasthan,Udaipur,735349,High Value,65+
C004306,Akshay Dua,Male,20,No,Yes,West Bengal,Kolkata,248689,Mass Market,18-25
C004307,Zashil Gill,Male,68,Yes,No,Punjab,Ludhiana,225350,Value,65+
C004308,Turvi Iyer,Female,49,No,Yes,Telangana,Hyderabad,277469,Value,46-55
C004309,Mahika Rai,Female,22,No,Yes,Kerala,Kochi,338471,Mass Market,18-25
C004310,Bishakha Tiwari,Female,25,No,No,Delhi,New Delhi,705877,High Value,18-25
C004311,Umang Gour,Male,31,No,No,Karnataka,Mangaluru,222120,Value,26-35
C004312,Gautami Sarna,Female,20,No,Yes,West Bengal,Kolkata,402342,Mass Market,18-25
C004313,Ridhi Boase,Male,41,No,No,Punjab,Amritsar,338738,Mass Market,36-45
C004314,Bhavna Dyal,Female,30,No,No,Punjab,Chandigarh,535002,Premium,26-35
C004315,Eesha Bhandari,Female,60,Yes,No,Uttar Pradesh,Noida,563836,Mass Market,56-65
C004316,Dhruv Rout,Male,46,No,No,Punjab,Amritsar,694365,Premium,46-55
C004317,Omkaar Nagy,Female,25,No,No,Delhi,New Delhi,949199,Mass Market,18-25
C004318,Balvan Dhar,Male,68,Yes,Yes,West Bengal,Howrah,851344,Mass Market,65+
C004319,Vivaan Ahuja,Male,59,No,Yes,Telangana,Hyderabad,532967,Mass Market,56-65
C004320,Aarush Bhardwaj,Male,48,No,Yes,West Bengal,Kolkata,375942,Mass Market,46-55
C004321,Jagdish Kapur,Female,43,No,No,Kerala,Thiruvananthapuram,188861,Mass Market,36-45
C004322,Ethan Bahri,Female,35,No,No,Tamil Nadu,Madurai,663342,High Value,26-35
C004323,Libni Mandal,Female,35,No,No,West Bengal,Kolkata,911541,Mass Market,26-35
C004324,Shivani Khanna,Male,24,No,Yes,Gujarat,Vadodara,824977,Mass Market,18-25
C004325,Zashil Pai,Female,65,Yes,No,Delhi,New Delhi,549114,Mass Market,56-65
C004326,Varenya Dua,Female,55,No,No,Kerala,Kochi,654765,Value,46-55
C004327,Jagvi Kapur,Male,65,Yes,Yes,West Bengal,Howrah,267490,Premium,56-65
C004328,Bhavini Ghosh,Female,33,No,No,Tamil Nadu,Madurai,535138,Premium,26-35
C004329,Aarini Dyal,Male,50,No,Yes,Uttar Pradesh,Kanpur,456293,Mass Market,46-55
C004330,Ansh Sankaran,Female,68,Yes,No,Punjab,Chandigarh,495651,Value,65+
C004331,Maanas Basak,Male,20,No,Yes,Maharashtra,Mumbai,822309,Value,18-25
C004332,Nirja Karan,Male,55,No,No,Maharashtra,Mumbai,760596,Value,46-55
C004333,Jeremiah Pandit,Male,21,No,No,Delhi,New Delhi,656124,Mass Market,18-25
C004334,Nidra Sama,Female,53,No,No,Rajasthan,Jaipur,344146,Premium,46-55
C004335,Triveni Sethi,Male,21,No,Yes,Punjab,Ludhiana,969389,Mass Market,18-25
C004336,Lipika Sheth,Male,59,No,No,Uttar Pradesh,Lucknow,529149,Mass Market,56-65
C004337,Geetika Nanda,Female,26,No,Yes,Punjab,Amritsar,735290,Mass Market,26-35
C004338,Kiaan Wagle,Female,57,No,No,Punjab,Chandigarh,116867,Value,56-65
C004339,Yatan Kalla,Male,68,Yes,No,Kerala,Thiruvananthapuram,478687,Mass Market,65+
C004340,Robert Patla,Male,34,No,No,West Bengal,Howrah,207181,Value,26-35
C004341,Nilima Prasad,Male,34,No,Yes,Maharashtra,Nashik,694418,Premium,26-35
C004342,Tanay Ramaswamy,Male,50,No,No,Kerala,Thiruvananthapuram,697187,Value,46-55
C004343,Upma Chopra,Female,37,No,No,West Bengal,Howrah,153987,Value,36-45
C004344,Charita Sachar,Female,31,No,Yes,Rajasthan,Jodhpur,54191,Premium,26-35
C004345,Ryan Kalla,Female,39,No,Yes,West Bengal,Howrah,985117,Premium,36-45
C004346,Naksh Rajagopalan,Male,69,Yes,Yes,Kerala,Kochi,261422,Mass Market,65+
C004347,Pranit Savant,Female,44,No,No,Tamil Nadu,Coimbatore,404512,Value,36-45
C004348,Samuel Raju,Female,60,Yes,No,Kerala,Kochi,858937,Premium,56-65
C004349,Anjali Dugal,Female,20,No,No,West Bengal,Kolkata,810357,Mass Market,18-25
C004350,Rudra Dora,Female,41,No,No,Madhya Pradesh,Indore,318910,Mass Market,36-45
C004351,Edhitha Sidhu,Female,47,No,No,Punjab,Amritsar,492460,Mass Market,46-55
C004352,Kalpit Sur,Female,25,No,No,Delhi,New Delhi,285499,High Value,18-25
C004353,Balendra Chatterjee,Male,39,No,Yes,Uttar Pradesh,Lucknow,263150,Mass Market,36-45
C004354,Frederick Bail,Female,42,No,No,Delhi,Delhi,86670,Mass Market,36-45
C004355,Chatresh Narula,Male,27,No,Yes,Delhi,New Delhi,295790,Value,26-35
C004356,Dhriti Parikh,Female,66,Yes,Yes,Tamil Nadu,Coimbatore,540642,Premium,65+
C004357,Matthew Kala,Male,46,No,No,Rajasthan,Udaipur,359848,Mass Market,46-55
C004358,Dominic Patil,Female,57,No,Yes,Gujarat,Surat,691864,Premium,56-65
C004359,Sanya Soman,Female,18,No,No,Kerala,Kochi,121234,Value,18-25
C004360,Parth Mann,Male,69,Yes,No,Uttar Pradesh,Kanpur,59370,Value,65+
C004361,Harrison Dutta,Male,38,No,No,Gujarat,Surat,272352,Premium,36-45
C004362,Nihal Sagar,Female,56,No,Yes,Tamil Nadu,Coimbatore,436113,Mass Market,56-65
C004363,Nimrat Dutt,Female,41,No,Yes,Maharashtra,Nashik,57162,High Value,36-45
C004364,Avni Krish,Male,26,No,Yes,Rajasthan,Udaipur,754870,Premium,26-35
C004365,Manan Saxena,Male,61,Yes,No,Karnataka,Bengaluru,964614,High Value,56-65
C004366,Balveer Deshmukh,Female,43,No,No,Kerala,Thiruvananthapuram,994838,Premium,36-45
C004367,Urvashi Raghavan,Male,26,No,No,Delhi,New Delhi,601668,Premium,26-35
C004368,Onkar Bahri,Male,37,No,No,West Bengal,Kolkata,867789,Mass Market,36-45
C004369,Ridhi Gopal,Male,52,No,No,Punjab,Chandigarh,324975,Mass Market,46-55
C004370,Anmol Swamy,Male,53,No,No,Delhi,Delhi,930361,Mass Market,46-55
C004371,Harinakshi Chada,Male,59,No,No,Maharashtra,Nagpur,260386,Mass Market,56-65
C004372,Ekapad Goel,Male,53,No,Yes,Punjab,Amritsar,574236,Premium,46-55
C004373,Charita Ramesh,Male,26,No,No,Delhi,New Delhi,780371,Mass Market,26-35
C004374,Indrajit Hegde,Male,39,No,No,Gujarat,Surat,186588,Mass Market,36-45
C004375,Brinda Chacko,Male,18,No,Yes,Delhi,Delhi,746120,Premium,18-25
C004376,Warda Babu,Male,22,No,Yes,Maharashtra,Mumbai,654565,High Value,18-25
C004377,Omkaar Patla,Male,26,No,Yes,Maharashtra,Pune,636363,Premium,26-35
C004378,Rehaan Varghese,Female,54,No,No,Telangana,Hyderabad,392223,Premium,46-55
C004379,Zinal Bajwa,Male,55,No,Yes,Rajasthan,Jaipur,421037,Value,46-55
C004380,Eiravati Ganesan,Male,36,No,No,Gujarat,Ahmedabad,48793,Premium,36-45
C004381,William Mohan,Male,25,No,No,Telangana,Warangal,12335,Value,18-25
C004382,Saumya Sant,Male,59,No,No,Gujarat,Vadodara,937759,High Value,56-65
C004383,Banjeet Mahajan,Female,60,Yes,Yes,Gujarat,Vadodara,129299,Mass Market,56-65
C004384,Faris Natarajan,Female,49,No,Yes,Uttar Pradesh,Lucknow,920133,Premium,46-55
C004385,Kalpit Anne,Female,30,No,Yes,Telangana,Warangal,45740,Value,26-35
C004386,Chasmum Rai,Female,37,No,Yes,Gujarat,Ahmedabad,74911,Value,36-45
C004387,Upma Rai,Female,53,No,No,Madhya Pradesh,Bhopal,928236,Premium,46-55
C004388,Balendra Madan,Male,60,Yes,Yes,Maharashtra,Pune,493826,Premium,56-65
C004389,Gautami Peri,Male,61,Yes,No,West Bengal,Howrah,138003,Premium,56-65
C004390,Niharika Oommen,Male,54,No,Yes,West Bengal,Kolkata,833673,Mass Market,46-55
C004391,Hiral Lal,Male,47,No,No,Punjab,Chandigarh,140476,Mass Market,46-55
C004392,Vrinda Manda,Male,27,No,No,Maharashtra,Pune,945615,Mass Market,26-35
C004393,Fiyaz Sengupta,Female,48,No,No,Rajasthan,Jaipur,811069,Mass Market,46-55
C004394,Eiravati Upadhyay,Male,42,No,No,Tamil Nadu,Madurai,292231,Mass Market,36-45
C004395,Arin Dave,Female,46,No,Yes,Uttar Pradesh,Kanpur,895893,Premium,46-55
C004396,Xavier Borde,Female,41,No,No,Rajasthan,Jaipur,10898,Value,36-45
C004397,Kashvi Bhattacharyya,Male,56,No,No,Karnataka,Bengaluru,72322,Premium,56-65
C004398,Warjas Chahal,Male,38,No,No,Maharashtra,Pune,478301,Value,36-45
C004399,Aditya Arya,Male,58,No,No,Karnataka,Mangaluru,410883,Value,56-65
C004400,Ekavir Dugal,Male,26,No,No,Delhi,New Delhi,442537,Mass Market,26-35
C004401,Ganga Cherian,Male,59,No,No,Delhi,Delhi,249417,Premium,56-65
C004402,Daksh Dewan,Male,59,No,No,Punjab,Amritsar,847702,Premium,56-65
C004403,Finn Grewal,Male,19,No,No,Telangana,Hyderabad,928310,Mass Market,18-25
C004404,Gavin Aggarwal,Male,21,No,Yes,Delhi,Delhi,571910,Mass Market,18-25
C004405,Viraj Kade,Female,25,No,No,Rajasthan,Udaipur,397923,Mass Market,18-25
C004406,Fariq Ram,Female,49,No,No,Tamil Nadu,Chennai,102425,Premium,46-55
C004407,Reyansh Soni,Female,31,No,No,Maharashtra,Nagpur,596310,Premium,26-35
C004408,Warhi Grewal,Male,66,Yes,No,Gujarat,Ahmedabad,268441,Value,65+
C004409,Bhavna Bhat,Male,30,No,Yes,Kerala,Kochi,768961,Mass Market,26-35
C004410,Qasim Tripathi,Female,38,No,No,West Bengal,Howrah,687296,Mass Market,36-45
C004411,Fariq Goda,Male,41,No,No,Maharashtra,Nagpur,42975,Mass Market,36-45
C004412,Adya Dhawan,Male,67,Yes,No,Kerala,Thiruvananthapuram,14100,Mass Market,65+
C004413,Jatin Borra,Female,35,No,Yes,Karnataka,Bengaluru,592306,Mass Market,26-35
C004414,Rachit Nagy,Female,62,Yes,No,Uttar Pradesh,Noida,117682,Mass Market,56-65
C004415,Nicholas Rana,Male,57,No,No,West Bengal,Kolkata,152880,Value,56-65
C004416,Nitara Toor,Male,43,No,No,Kerala,Thiruvananthapuram,496054,Mass Market,36-45
C004417,Tejas Sandhu,Male,49,No,No,Telangana,Hyderabad,905084,Value,46-55
C004418,Hemani Khosla,Male,61,Yes,No,Gujarat,Ahmedabad,170420,Value,56-65
C004419,Zayan Manda,Male,70,Yes,No,Gujarat,Surat,730878,Value,65+
C004420,Dhruv Bhatia,Male,50,No,No,Kerala,Thiruvananthapuram,526322,Value,46-55
C004421,Wakeeta Padmanabhan,Male,69,Yes,Yes,Karnataka,Mysuru,413335,Mass Market,65+
C004422,Qushi Buch,Female,48,No,Yes,Delhi,Delhi,210377,Premium,46-55
C004423,Advik Chakrabarti,Female,35,No,Yes,Tamil Nadu,Madurai,23358,High Value,26-35
C004424,Janaki Bhatti,Female,52,No,No,Rajasthan,Udaipur,350627,Mass Market,46-55
C004425,Eiravati Seshadri,Male,29,No,No,Karnataka,Mysuru,157088,Mass Market,26-35
C004426,Varsha Prabhakar,Male,68,Yes,No,Tamil Nadu,Madurai,286041,Premium,65+
C004427,Charita Suresh,Male,42,No,No,Karnataka,Mangaluru,143543,High Value,36-45
C004428,Ranveer Kari,Male,62,Yes,No,West Bengal,Kolkata,918924,Mass Market,56-65
C004429,Brijesh Pandit,Male,48,No,No,Gujarat,Vadodara,574643,Mass Market,46-55
C004430,Udyati Shenoy,Female,27,No,Yes,Gujarat,Vadodara,304030,Premium,26-35
C004431,Neha Sheth,Female,64,Yes,No,Maharashtra,Nagpur,818158,Mass Market,56-65
C004432,Sneha Dua,Male,69,Yes,Yes,Delhi,Delhi,350629,High Value,65+
C004433,Lekha Saini,Male,51,No,Yes,Gujarat,Surat,580994,Mass Market,46-55
C004434,Liam Nadig,Female,68,Yes,Yes,Rajasthan,Jaipur,943733,Premium,65+
C004435,Manthan Ratta,Male,20,No,Yes,Tamil Nadu,Chennai,129386,Mass Market,18-25
C004436,Akshay Saraf,Male,63,Yes,Yes,Kerala,Thiruvananthapuram,568502,Mass Market,56-65
C004437,Matthew Gour,Male,56,No,No,Delhi,New Delhi,80538,High Value,56-65
C004438,Girish Babu,Female,25,No,Yes,Tamil Nadu,Chennai,792795,Mass Market,18-25
C004439,Urmi Doctor,Female,49,No,No,Uttar Pradesh,Agra,324651,Mass Market,46-55
C004440,Geetika Hora,Male,60,Yes,Yes,Gujarat,Surat,591461,Premium,56-65
C004441,Widisha Ramanathan,Female,46,No,Yes,Tamil Nadu,Coimbatore,14079,Mass Market,46-55
C004442,Chavvi Mall,Female,39,No,No,Madhya Pradesh,Indore,400771,Mass Market,36-45
C004443,Ranveer Sur,Male,37,No,No,Gujarat,Vadodara,10831,Mass Market,36-45
C004444,Rachita Saran,Male,23,No,No,Kerala,Thiruvananthapuram,349963,Value,18-25
C004445,Vinaya Bhasin,Male,60,Yes,No,Punjab,Ludhiana,155339,Premium,56-65
C004446,Hitesh Bhavsar,Female,66,Yes,No,Kerala,Thiruvananthapuram,531752,Premium,65+
C004447,Vansha Mann,Male,46,No,No,Uttar Pradesh,Agra,122400,Value,46-55
C004448,Wahab Venkataraman,Female,59,No,No,West Bengal,Howrah,259375,Mass Market,56-65
C004449,Tarak Saha,Male,34,No,No,Madhya Pradesh,Bhopal,835002,Mass Market,26-35
C004450,Agastya Morar,Female,48,No,Yes,Karnataka,Mysuru,874089,Premium,46-55
C004451,Hamsini Mukhopadhyay,Male,70,Yes,No,Madhya Pradesh,Indore,578423,Premium,65+
C004452,Jairaj Dayal,Female,51,No,No,Madhya Pradesh,Indore,180264,High Value,46-55
C004453,Harita Prakash,Female,55,No,No,Tamil Nadu,Madurai,149288,High Value,46-55
C004454,Kala Solanki,Female,54,No,No,Telangana,Hyderabad,163447,Mass Market,46-55
C004455,Andrew Sekhon,Female,21,No,Yes,Punjab,Ludhiana,927969,Value,18-25
C004456,Omisha Koshy,Male,19,No,Yes,Tamil Nadu,Chennai,920551,Value,18-25
C004457,Eta Kaur,Female,29,No,Yes,Rajasthan,Udaipur,704533,Mass Market,26-35
C004458,Vamakshi Mand,Male,52,No,No,Punjab,Chandigarh,434948,Mass Market,46-55
C004459,Garima Hayer,Male,23,No,Yes,Gujarat,Surat,598826,Premium,18-25
C004460,Ekanta Karnik,Male,63,Yes,Yes,Telangana,Hyderabad,443373,Value,56-65
C004461,Zaid Suresh,Male,25,No,No,Tamil Nadu,Madurai,402903,Value,18-25
C004462,Anirudh Munshi,Male,38,No,No,Punjab,Chandigarh,81039,Value,36-45
C004463,Leena Divan,Female,70,Yes,Yes,West Bengal,Kolkata,114075,Premium,65+
C004464,Finn Wadhwa,Male,63,Yes,No,Rajasthan,Udaipur,978621,Mass Market,56-65
C004465,Turvi Lata,Female,52,No,Yes,Tamil Nadu,Madurai,348443,Value,46-55
C004466,Shivani Ramachandran,Male,65,Yes,Yes,Delhi,New Delhi,534475,Value,56-65
C004467,Anya Dhar,Male,32,No,Yes,Gujarat,Vadodara,82382,Premium,26-35
C004468,Daniel Som,Male,24,No,No,Uttar Pradesh,Agra,613719,Value,18-25
C004469,Udant Aggarwal,Female,32,No,No,Karnataka,Mangaluru,880732,High Value,26-35
C004470,Ishani Subramanian,Female,62,Yes,No,West Bengal,Kolkata,146355,Mass Market,56-65
C004471,Anjali Nagarajan,Female,23,No,No,Rajasthan,Jaipur,284686,High Value,18-25
C004472,Dipta Yadav,Female,64,Yes,Yes,Gujarat,Vadodara,872032,Premium,56-65
C004473,Raghav Dara,Male,34,No,Yes,Kerala,Thiruvananthapuram,832270,Value,26-35
C004474,Darsh Hayer,Male,21,No,No,Karnataka,Mangaluru,943274,Mass Market,18-25
C004475,Yuvraj Puri,Female,39,No,Yes,Maharashtra,Nashik,265585,Mass Market,36-45
C004476,Advay Misra,Male,49,No,No,Karnataka,Mangaluru,458023,Premium,46-55
C004477,Samarth Dhawan,Male,39,No,No,Punjab,Chandigarh,108185,Value,36-45
C004478,Aryan Balakrishnan,Male,44,No,No,Gujarat,Surat,805143,Value,36-45
C004479,Farhan Pillay,Female,63,Yes,Yes,Punjab,Ludhiana,737490,Value,56-65
C004480,Manbir Sekhon,Female,32,No,Yes,Telangana,Hyderabad,471813,Premium,26-35
C004481,Naksh Sawhney,Male,61,Yes,No,Maharashtra,Nagpur,406214,Mass Market,56-65
C004482,Hritik Mahal,Male,68,Yes,No,Gujarat,Ahmedabad,133547,Mass Market,65+
C004483,Anya Hora,Female,39,No,Yes,Maharashtra,Nashik,370255,Mass Market,36-45
C004484,Bhavani Gaba,Female,45,No,No,Kerala,Kochi,634814,Mass Market,36-45
C004485,Ekantika Badal,Male,59,No,Yes,Rajasthan,Jodhpur,577180,Value,56-65
C004486,Charles Narain,Female,55,No,Yes,Karnataka,Mysuru,492239,Premium,46-55
C004487,Jyoti Dhar,Male,26,No,No,Karnataka,Mangaluru,652851,Mass Market,26-35
C004488,Keya Bal,Male,51,No,No,Maharashtra,Mumbai,190827,Mass Market,46-55
C004489,Ekiya Randhawa,Female,53,No,No,Karnataka,Mangaluru,574565,Value,46-55
C004490,Eta Banerjee,Female,26,No,No,West Bengal,Kolkata,507633,High Value,26-35
C004491,Ekiya Baral,Male,32,No,Yes,Madhya Pradesh,Indore,364353,Mass Market,26-35
C004492,Kevin Taneja,Female,62,Yes,No,Rajasthan,Udaipur,121463,High Value,56-65
C004493,Ekansh Dey,Female,37,No,Yes,Punjab,Chandigarh,700958,Mass Market,36-45
C004494,Harsh Virk,Female,25,No,No,Rajasthan,Jodhpur,42863,Mass Market,18-25
C004495,Wahab Chanda,Female,45,No,No,Karnataka,Bengaluru,310265,Premium,36-45
C004496,Ishanvi Nigam,Female,68,Yes,Yes,Tamil Nadu,Chennai,747449,Value,65+
C004497,Nitara Oza,Male,36,No,No,Maharashtra,Pune,667352,Premium,36-45
C004498,Waida Rattan,Male,33,No,No,Uttar Pradesh,Agra,608340,Premium,26-35
C004499,Omaja Randhawa,Male,28,No,No,Rajasthan,Jodhpur,897409,Mass Market,26-35
C004500,Gaurav Johal,Male,59,No,No,Madhya Pradesh,Indore,934964,Value,56-65
C004501,Nathan D’Alia,Female,25,No,Yes,Delhi,New Delhi,935395,Value,18-25
C004502,Utkarsh Khatri,Male,50,No,Yes,Madhya Pradesh,Bhopal,215426,Premium,46-55
C004503,Arjun Ben,Male,27,No,Yes,Maharashtra,Pune,671889,Value,26-35
C004504,Varenya Basak,Male,35,No,Yes,Telangana,Hyderabad,670136,Mass Market,26-35
C004505,Theodore Kaul,Male,52,No,No,Uttar Pradesh,Kanpur,916673,Value,46-55
C004506,Laksh Tella,Male,60,Yes,No,Kerala,Thiruvananthapuram,217759,High Value,56-65
C004507,Ekantika Ram,Female,67,Yes,No,Rajasthan,Jaipur,144772,Mass Market,65+
C004508,Anirudh Uppal,Male,20,No,No,Karnataka,Bengaluru,453376,Mass Market,18-25
C004509,Waida Bajwa,Female,57,No,No,Madhya Pradesh,Indore,916276,Mass Market,56-65
C004510,Ekansh Baria,Female,44,No,Yes,Kerala,Thiruvananthapuram,439606,Premium,36-45
C004511,Balendra Joshi,Male,45,No,No,Gujarat,Surat,7982,Mass Market,36-45
C004512,Vyanjana Amble,Male,63,Yes,No,Kerala,Thiruvananthapuram,389178,Mass Market,56-65
C004513,Faris Pillai,Male,23,No,No,Uttar Pradesh,Agra,356392,Value,18-25
C004514,Mekhala Kala,Female,64,Yes,Yes,Madhya Pradesh,Indore,187816,Mass Market,56-65
C004515,Abhimanyu Manda,Female,31,No,No,Rajasthan,Jaipur,698773,Mass Market,26-35
C004516,Kavya Vaidya,Male,24,No,Yes,Madhya Pradesh,Bhopal,105973,Value,18-25
C004517,Nathaniel Jaggi,Male,27,No,No,Tamil Nadu,Chennai,468500,Mass Market,26-35
C004518,Gaurika Hayre,Female,32,No,No,Kerala,Thiruvananthapuram,794792,Mass Market,26-35
C004519,Abha Ramaswamy,Male,48,No,Yes,Kerala,Thiruvananthapuram,616629,Mass Market,46-55
C004520,Bhavika Seth,Male,46,No,No,Uttar Pradesh,Noida,879296,Mass Market,46-55
C004521,Sanaya Vala,Female,59,No,No,Uttar Pradesh,Agra,367763,Premium,56-65
C004522,Samarth Goyal,Female,34,No,No,Karnataka,Mangaluru,635273,Value,26-35
C004523,Benjamin Ram,Female,68,Yes,No,Kerala,Thiruvananthapuram,7550,Value,65+
C004524,Samesh Iyengar,Female,46,No,Yes,Rajasthan,Jodhpur,84138,Mass Market,46-55
C004525,Tanish Mitter,Female,66,Yes,No,Telangana,Hyderabad,890117,Mass Market,65+
C004526,Ubika Bhagat,Male,61,Yes,No,Madhya Pradesh,Bhopal,282079,Premium,56-65
C004527,Zayyan Kalla,Female,32,No,Yes,West Bengal,Howrah,779886,Mass Market,26-35
C004528,Dayita Arora,Female,43,No,No,Madhya Pradesh,Indore,825616,Mass Market,36-45
C004529,Pratyush Nath,Female,29,No,No,Rajasthan,Udaipur,402802,Premium,26-35
C004530,Xalak Rama,Male,42,No,Yes,West Bengal,Howrah,222446,Premium,36-45
C004531,Tanvi Raman,Male,58,No,Yes,Tamil Nadu,Coimbatore,165175,Premium,56-65
C004532,Vyanjana Srinivasan,Male,22,No,Yes,Punjab,Ludhiana,662657,Value,18-25
C004533,Yuvraj Brahmbhatt,Male,21,No,No,Maharashtra,Nashik,438833,Mass Market,18-25
C004534,Aadi Balasubramanian,Male,61,Yes,No,Kerala,Thiruvananthapuram,384099,High Value,56-65
C004535,Advay Mahal,Female,65,Yes,Yes,Rajasthan,Udaipur,269176,High Value,56-65
C004536,Chavvi Saxena,Female,58,No,No,Tamil Nadu,Chennai,985774,Mass Market,56-65
C004537,Nathaniel Chatterjee,Male,48,No,Yes,Karnataka,Mangaluru,735984,Premium,46-55
C004538,Jhalak Kale,Female,20,No,No,Delhi,New Delhi,705472,Value,18-25
C004539,Pallavi Pradhan,Male,70,Yes,No,Karnataka,Mysuru,926465,Value,65+
C004540,Ati Sahni,Male,20,No,No,Uttar Pradesh,Noida,967947,Mass Market,18-25
C004541,Chameli Banerjee,Male,43,No,Yes,Delhi,New Delhi,891668,Value,36-45
C004542,Chasmum Dhar,Male,67,Yes,No,Madhya Pradesh,Indore,731001,Mass Market,65+
C004543,Tanmayi Jayaraman,Male,34,No,No,Maharashtra,Nagpur,977660,Value,26-35
C004544,Azaan Soni,Male,27,No,No,Delhi,New Delhi,220036,Mass Market,26-35
C004545,Akshay Chowdhury,Male,19,No,No,Delhi,New Delhi,238223,Value,18-25
C004546,Wahab Shah,Female,41,No,Yes,Kerala,Kochi,522094,Value,36-45
C004547,Anamika Bajaj,Male,28,No,No,Punjab,Chandigarh,245621,Premium,26-35
C004548,Dev Dua,Female,41,No,No,Tamil Nadu,Coimbatore,25409,Mass Market,36-45
C004549,Dhruv Rao,Female,52,No,No,Maharashtra,Mumbai,113965,Premium,46-55
C004550,Ayushman Barad,Female,40,No,No,Kerala,Kochi,525517,Mass Market,36-45
C004551,Rachana Shroff,Female,49,No,No,Madhya Pradesh,Bhopal,569836,Premium,46-55
C004552,Parth Arya,Male,40,No,Yes,Rajasthan,Jodhpur,950926,Value,36-45
C004553,Dev Mand,Male,51,No,Yes,Delhi,New Delhi,897572,Premium,46-55
C004554,Varenya Jain,Female,58,No,Yes,Gujarat,Surat,314306,Value,56-65
C004555,Arjun Magar,Male,36,No,Yes,Tamil Nadu,Madurai,432885,Value,36-45
C004556,Wahab Sem,Female,19,No,No,Delhi,Delhi,709906,Mass Market,18-25
C004557,Chaitanya Saran,Female,68,Yes,No,Madhya Pradesh,Bhopal,892371,High Value,65+
C004558,Vincent Batta,Female,19,No,No,Kerala,Kochi,449071,Premium,18-25
C004559,Januja Chakrabarti,Female,32,No,No,Maharashtra,Pune,364689,Mass Market,26-35
C004560,Tanmayi Sodhi,Female,38,No,No,Gujarat,Vadodara,688785,Mass Market,36-45
C004561,Kashvi Prabhu,Female,52,No,Yes,Gujarat,Surat,391277,Premium,46-55
C004562,Ekani Palan,Male,22,No,Yes,Karnataka,Bengaluru,538751,High Value,18-25
C004563,Owen Ratti,Female,60,Yes,Yes,Rajasthan,Jaipur,342970,Mass Market,56-65
C004564,Unni Palan,Male,44,No,No,Uttar Pradesh,Lucknow,977338,High Value,36-45
C004565,Manbir Talwar,Male,41,No,Yes,Karnataka,Bengaluru,41432,Mass Market,36-45
C004566,Jagvi Sankaran,Female,24,No,Yes,Uttar Pradesh,Noida,944104,High Value,18-25
C004567,Zehaan Devan,Male,23,No,No,Rajasthan,Jaipur,320086,Premium,18-25
C004568,Jagrati Shukla,Male,63,Yes,No,Tamil Nadu,Madurai,862334,Mass Market,56-65
C004569,Nitesh Basak,Male,50,No,No,Gujarat,Vadodara,819342,Mass Market,46-55
C004570,Yashawini Dhillon,Female,66,Yes,No,Kerala,Kochi,147467,Value,65+
C004571,Nathaniel Dewan,Male,34,No,No,Kerala,Kochi,732514,Value,26-35
C004572,Meghana Bumb,Female,63,Yes,No,Kerala,Kochi,561731,High Value,56-65
C004573,Isaac Thaker,Male,59,No,No,Maharashtra,Pune,432197,Premium,56-65
C004574,Zinal Chawla,Female,47,No,No,Tamil Nadu,Coimbatore,476174,Value,46-55
C004575,Aachal Gala,Female,25,No,Yes,Madhya Pradesh,Indore,353005,High Value,18-25
C004576,Gaurika Suresh,Male,57,No,Yes,Madhya Pradesh,Bhopal,841727,Value,56-65
C004577,Eshana Prakash,Male,63,Yes,Yes,Kerala,Kochi,406975,Premium,56-65
C004578,Maya Kanda,Male,24,No,No,West Bengal,Howrah,132630,Premium,18-25
C004579,Nikita Cherian,Female,23,No,No,Maharashtra,Mumbai,508922,High Value,18-25
C004580,Sudiksha Dugal,Female,21,No,Yes,Madhya Pradesh,Indore,92213,Mass Market,18-25
C004581,Aadi Thaman,Female,18,No,Yes,Uttar Pradesh,Agra,704503,Value,18-25
C004582,Warhi Dhawan,Male,32,No,No,West Bengal,Howrah,72943,Value,26-35
C004583,Damini Khurana,Female,48,No,No,Telangana,Warangal,628734,Value,46-55
C004584,Chavvi Kadakia,Female,42,No,No,Punjab,Chandigarh,129519,Value,36-45
C004585,Rayaan Bajwa,Female,64,Yes,No,Telangana,Hyderabad,285586,Premium,56-65
C004586,Azaan Merchant,Female,50,No,No,Punjab,Ludhiana,931602,Mass Market,46-55
C004587,Sarthak Grewal,Male,69,Yes,No,Madhya Pradesh,Indore,863487,Value,65+
C004588,Ekalinga Kulkarni,Male,52,No,Yes,West Bengal,Kolkata,561280,Mass Market,46-55
C004589,Jagat Sami,Female,22,No,Yes,Gujarat,Vadodara,955211,Mass Market,18-25
C004590,Neha Anne,Female,22,No,No,Karnataka,Mangaluru,953161,Value,18-25
C004591,Hemal Rama,Female,53,No,No,Uttar Pradesh,Kanpur,667859,Mass Market,46-55
C004592,Sathvik Modi,Male,34,No,No,Gujarat,Ahmedabad,134112,Mass Market,26-35
C004593,Vanya Barman,Male,70,Yes,No,Punjab,Amritsar,881042,Value,65+
C004594,Azad Tata,Male,69,Yes,No,Delhi,Delhi,852479,Mass Market,65+
C004595,Indali Balasubramanian,Male,31,No,Yes,Madhya Pradesh,Bhopal,554508,Mass Market,26-35
C004596,Urvashi Rajagopal,Female,46,No,No,Kerala,Kochi,548859,Premium,46-55
C004597,Pahal Panchal,Female,25,No,No,Delhi,New Delhi,690439,Premium,18-25
C004598,Avi Rai,Male,51,No,No,Maharashtra,Nashik,888999,Mass Market,46-55
C004599,Vinaya Chadha,Male,57,No,No,Punjab,Ludhiana,984406,Mass Market,56-65
C004600,Zayyan Chanda,Male,18,No,Yes,Tamil Nadu,Chennai,269095,High Value,18-25
C004601,Yatan Chandra,Male,46,No,Yes,Madhya Pradesh,Indore,52198,Mass Market,46-55
C004602,Ladli Nazareth,Female,53,No,No,Gujarat,Ahmedabad,207773,Value,46-55
C004603,Upasna Banerjee,Female,68,Yes,No,Karnataka,Bengaluru,881530,Value,65+
C004604,Dayita Seth,Male,54,No,Yes,Telangana,Warangal,933367,Premium,46-55
C004605,Nirja Chandran,Female,46,No,No,Tamil Nadu,Chennai,52979,High Value,46-55
C004606,Kabir Bala,Female,22,No,No,Telangana,Hyderabad,538412,Mass Market,18-25
C004607,Ekapad Thakkar,Female,70,Yes,No,Uttar Pradesh,Noida,913253,Value,65+
C004608,Ubika Maharaj,Male,49,No,No,Kerala,Thiruvananthapuram,258884,Value,46-55
C004609,Chanakya Kulkarni,Female,69,Yes,Yes,Karnataka,Mangaluru,416274,High Value,65+
C004610,Zansi Swaminathan,Male,41,No,Yes,Tamil Nadu,Madurai,212115,Premium,36-45
C004611,Siya Memon,Male,36,No,No,West Bengal,Kolkata,448502,Value,36-45
C004612,Balveer Mannan,Male,29,No,No,Kerala,Kochi,610168,Premium,26-35
C004613,Pooja Choudhary,Male,69,Yes,No,Kerala,Kochi,71377,Mass Market,65+
C004614,Faraj Issac,Male,18,No,No,West Bengal,Howrah,309514,Mass Market,18-25
C004615,Vedika Krish,Male,24,No,No,Gujarat,Vadodara,73720,Mass Market,18-25
C004616,Lila Goda,Male,34,No,No,Uttar Pradesh,Noida,32404,Mass Market,26-35
C004617,Caleb Mittal,Female,51,No,No,West Bengal,Kolkata,12178,Value,46-55
C004618,Udant Oak,Female,60,Yes,No,Punjab,Amritsar,634361,Premium,56-65
C004619,Veer Saxena,Male,24,No,Yes,Telangana,Warangal,550129,Value,18-25
C004620,Harrison Gala,Female,34,No,No,Punjab,Amritsar,431286,Value,26-35
C004621,Kevin Bajwa,Female,20,No,No,Madhya Pradesh,Bhopal,677564,Mass Market,18-25
C004622,Watika Peri,Female,46,No,No,Uttar Pradesh,Kanpur,983633,Value,46-55
C004623,Ansh Vohra,Male,39,No,No,Gujarat,Ahmedabad,94816,Value,36-45
C004624,Hitesh Sahota,Female,55,No,No,Maharashtra,Nashik,319990,Value,46-55
C004625,Bahadurjit Mallick,Female,60,Yes,No,Uttar Pradesh,Noida,14618,Mass Market,56-65
C004626,Pahal Bhavsar,Female,46,No,No,Punjab,Ludhiana,27392,Value,46-55
C004627,Gagan Lall,Male,67,Yes,No,West Bengal,Howrah,678314,Value,65+
C004628,Vaishnavi Rattan,Male,67,Yes,Yes,Gujarat,Surat,425088,Value,65+
C004629,Laksh Dara,Female,59,No,No,Gujarat,Vadodara,324396,Mass Market,56-65
C004630,Neel Chadha,Male,22,No,No,Telangana,Hyderabad,477323,Mass Market,18-25
C004631,Ronith Sehgal,Male,47,No,Yes,Telangana,Warangal,249292,Mass Market,46-55
C004632,Adya Sridhar,Male,40,No,No,Punjab,Chandigarh,332406,Premium,36-45
C004633,Qasim Sachdev,Female,38,No,Yes,Karnataka,Mysuru,869460,Premium,36-45
C004634,Balveer Kata,Female,43,No,Yes,Rajasthan,Jodhpur,692745,High Value,36-45
C004635,Manan Mital,Male,64,Yes,Yes,Rajasthan,Jaipur,569582,Value,56-65
C004636,Mahika Apte,Female,38,No,Yes,Delhi,New Delhi,169134,Mass Market,36-45
C004637,Darpan Uppal,Male,37,No,Yes,Tamil Nadu,Coimbatore,812580,Premium,36-45
C004638,Isaiah Vohra,Female,40,No,Yes,Uttar Pradesh,Agra,562197,Value,36-45
C004639,Aditya Mitter,Female,21,No,No,Kerala,Thiruvananthapuram,760440,Mass Market,18-25
C004640,Ekaja Kohli,Female,38,No,Yes,Uttar Pradesh,Noida,241426,Premium,36-45
C004641,Tanay Gulati,Female,38,No,Yes,West Bengal,Kolkata,626160,Mass Market,36-45
C004642,Vanya Srinivas,Male,18,No,Yes,Telangana,Hyderabad,643007,Mass Market,18-25
C004643,Hardik Gera,Female,32,No,No,Telangana,Hyderabad,476605,Premium,26-35
C004644,Ekavir Dhingra,Male,34,No,No,Madhya Pradesh,Indore,139783,Premium,26-35
C004645,Yashvi Dhillon,Female,68,Yes,No,Punjab,Ludhiana,476693,Premium,65+
C004646,Vanya Varghese,Female,31,No,Yes,West Bengal,Kolkata,772424,Mass Market,26-35
C004647,Nitesh Koshy,Female,36,No,Yes,Karnataka,Mangaluru,784128,Premium,36-45
C004648,Janaki Kar,Male,67,Yes,No,Karnataka,Mysuru,612826,Premium,65+
C004649,Niharika Bhasin,Female,51,No,No,Tamil Nadu,Coimbatore,249987,Premium,46-55
C004650,Brijesh Nagi,Male,23,No,Yes,Punjab,Ludhiana,999481,Premium,18-25
C004651,Ayaan Hans,Male,62,Yes,No,Gujarat,Ahmedabad,68127,Value,56-65
C004652,Mahika Sengupta,Female,66,Yes,Yes,Rajasthan,Jaipur,610408,Mass Market,65+
C004653,Joshua Srinivas,Male,23,No,Yes,Maharashtra,Nashik,732586,Premium,18-25
C004654,Nakul Khurana,Female,70,Yes,No,West Bengal,Howrah,810624,Value,65+
C004655,Widisha Borde,Male,22,No,No,Rajasthan,Jodhpur,165693,Mass Market,18-25
C004656,Azaan Sahni,Male,24,No,Yes,Tamil Nadu,Madurai,512054,Premium,18-25
C004657,Frado Dhingra,Female,50,No,Yes,Kerala,Thiruvananthapuram,528078,Value,46-55
C004658,Kala Mall,Male,30,No,No,Madhya Pradesh,Bhopal,477016,Value,26-35
C004659,Avni Shetty,Male,68,Yes,No,Delhi,Delhi,202336,Mass Market,65+
C004660,Chavvi Wason,Female,18,No,No,Telangana,Warangal,706538,Mass Market,18-25
C004661,Darika Singhal,Male,30,No,No,Gujarat,Ahmedabad,378956,Mass Market,26-35
C004662,Libni Devan,Female,60,Yes,No,Uttar Pradesh,Agra,354351,Premium,56-65
C004663,Geetika Chand,Male,44,No,Yes,Delhi,Delhi,904589,Mass Market,36-45
C004664,Hema Walia,Female,24,No,Yes,Telangana,Hyderabad,385952,Mass Market,18-25
C004665,Zayan Loyal,Female,69,Yes,No,Madhya Pradesh,Bhopal,50045,High Value,65+
C004666,Bhavya Varghese,Female,20,No,No,Tamil Nadu,Madurai,66605,Mass Market,18-25
C004667,Dhriti Naik,Male,42,No,Yes,Rajasthan,Udaipur,959243,Value,36-45
C004668,Rayaan Pall,Female,50,No,No,Rajasthan,Jodhpur,588322,High Value,46-55
C004669,Rehaan Nayak,Female,57,No,Yes,Delhi,Delhi,702116,Value,56-65
C004670,Arya Lalla,Female,34,No,Yes,Gujarat,Surat,602892,Premium,26-35
C004671,Raghav Dewan,Male,62,Yes,Yes,Gujarat,Vadodara,498965,High Value,56-65
C004672,Ranveer Pathak,Female,31,No,No,Tamil Nadu,Coimbatore,917815,Premium,26-35
C004673,Samarth Shere,Female,54,No,Yes,Rajasthan,Udaipur,836115,Value,46-55
C004674,Jacob Manne,Male,40,No,Yes,Madhya Pradesh,Bhopal,833664,Mass Market,36-45
C004675,Samesh Nazareth,Male,41,No,No,Delhi,New Delhi,934743,Value,36-45
C004676,Watika Prasad,Female,46,No,No,Delhi,New Delhi,342678,Premium,46-55
C004677,Manya Sule,Male,55,No,No,West Bengal,Kolkata,566115,Premium,46-55
C004678,Tripti Yogi,Female,44,No,Yes,Uttar Pradesh,Agra,681609,Premium,36-45
C004679,Madhav Kumar,Female,55,No,No,Karnataka,Mangaluru,405787,Value,46-55
C004680,Zayyan Dash,Female,70,Yes,No,West Bengal,Kolkata,601782,Value,65+
C004681,Maya Aggarwal,Male,57,No,Yes,Karnataka,Bengaluru,147307,Mass Market,56-65
C004682,Ranbir Kumar,Male,62,Yes,No,Kerala,Kochi,802797,Mass Market,56-65
C004683,Suhani Malhotra,Female,67,Yes,No,Gujarat,Vadodara,730199,Premium,65+
C004684,Rushil Lata,Male,40,No,Yes,Karnataka,Mysuru,994652,Mass Market,36-45
C004685,Prisha Suri,Female,48,No,No,Maharashtra,Nagpur,745658,Mass Market,46-55
C004686,Vamakshi Sarkar,Male,53,No,No,Gujarat,Vadodara,386844,Premium,46-55
C004687,Dhriti Dar,Male,34,No,No,Punjab,Amritsar,806841,Mass Market,26-35
C004688,Pratyush Das,Male,54,No,No,Karnataka,Mangaluru,579557,High Value,46-55
C004689,Chatura Barman,Male,20,No,Yes,Maharashtra,Mumbai,815679,Mass Market,18-25
C004690,Arunima Chokshi,Female,53,No,Yes,Tamil Nadu,Chennai,281561,High Value,46-55
C004691,Joshua Char,Male,22,No,No,Rajasthan,Jodhpur,23276,Value,18-25
C004692,Samarth Baral,Male,63,Yes,No,Rajasthan,Udaipur,916949,Mass Market,56-65
C004693,Advaith Choudhury,Male,32,No,No,Rajasthan,Jaipur,397687,Value,26-35
C004694,Aradhana Mane,Male,69,Yes,No,Karnataka,Bengaluru,596471,Premium,65+
C004695,Wridesh Kashyap,Male,66,Yes,Yes,Rajasthan,Jaipur,753409,Value,65+
C004696,Amara Pandya,Female,23,No,No,Telangana,Warangal,199751,Value,18-25
C004697,Max Bajaj,Male,27,No,No,Rajasthan,Udaipur,756344,High Value,26-35
C004698,Thomas Garg,Male,49,No,No,Karnataka,Mysuru,602109,Mass Market,46-55
C004699,Samar Badal,Male,40,No,No,Karnataka,Bengaluru,626969,Premium,36-45
C004700,Gavin Madan,Female,65,Yes,No,Maharashtra,Mumbai,727833,Mass Market,56-65
C004701,Jeet Chandran,Male,34,No,No,Rajasthan,Jodhpur,263731,Value,26-35
C004702,Niharika Kant,Male,63,Yes,No,Rajasthan,Jaipur,824369,Mass Market,56-65
C004703,Tripti Gandhi,Female,37,No,No,Uttar Pradesh,Kanpur,200678,Value,36-45
C004704,Thomas Mammen,Female,61,Yes,No,Gujarat,Ahmedabad,267156,Mass Market,56-65
C004705,Aarush Khare,Male,58,No,Yes,Kerala,Kochi,470129,Mass Market,56-65
C004706,Radhika Raju,Male,32,No,No,Delhi,Delhi,945416,Value,26-35
C004707,Tanay Kata,Female,61,Yes,No,Maharashtra,Nashik,607150,Value,56-65
C004708,Finn Rege,Male,63,Yes,Yes,Rajasthan,Udaipur,665285,Value,56-65
C004709,Saanvi Doctor,Female,39,No,No,Madhya Pradesh,Bhopal,4557,Value,36-45
C004710,Lajita Bajaj,Female,67,Yes,Yes,Telangana,Hyderabad,859222,Mass Market,65+
C004711,Samesh Swamy,Male,69,Yes,No,Punjab,Chandigarh,6597,High Value,65+
C004712,Hema Nagy,Male,23,No,No,Punjab,Amritsar,414420,Mass Market,18-25
C004713,Xalak Tripathi,Male,21,No,No,West Bengal,Howrah,803420,Mass Market,18-25
C004714,Riya Jha,Female,40,No,No,Madhya Pradesh,Bhopal,872170,Value,36-45
C004715,Maanas Brahmbhatt,Male,61,Yes,Yes,Kerala,Kochi,668708,Premium,56-65
C004716,Om Raval,Male,62,Yes,No,Telangana,Hyderabad,796211,Mass Market,56-65
C004717,Tejas Murthy,Female,36,No,Yes,Maharashtra,Nagpur,712304,Mass Market,36-45
C004718,Nidhi Mahal,Female,62,Yes,Yes,Rajasthan,Jaipur,583659,Premium,56-65
C004719,Bina Kashyap,Male,48,No,No,Madhya Pradesh,Indore,166581,Value,46-55
C004720,Upasna Bajwa,Female,61,Yes,No,Uttar Pradesh,Noida,662220,Value,56-65
C004721,Dhruv Sethi,Male,69,Yes,Yes,Madhya Pradesh,Indore,102130,High Value,65+
C004722,Lopa Pai,Male,20,No,No,Uttar Pradesh,Lucknow,96399,Mass Market,18-25
C004723,Lakshmi Bahri,Male,45,No,No,Uttar Pradesh,Kanpur,783488,Value,36-45
C004724,Rajata Sehgal,Male,20,No,No,Kerala,Kochi,460824,Mass Market,18-25
C004725,Gaurav Sarkar,Male,31,No,No,Kerala,Kochi,407943,Mass Market,26-35
C004726,Ijaya Karnik,Male,35,No,No,Punjab,Chandigarh,441756,Mass Market,26-35
C004727,Jeevika Lad,Female,44,No,No,Punjab,Chandigarh,619621,Value,36-45
C004728,Nakul Ganguly,Female,68,Yes,Yes,Kerala,Thiruvananthapuram,239295,Mass Market,65+
C004729,Zansi Wali,Female,27,No,No,Telangana,Warangal,197610,Value,26-35
C004730,Balhaar Raj,Male,66,Yes,No,Uttar Pradesh,Kanpur,216580,High Value,65+
C004731,Chanakya Karnik,Male,32,No,Yes,Punjab,Amritsar,267051,Premium,26-35
C004732,Nathan Chanda,Male,36,No,Yes,Telangana,Warangal,938830,Mass Market,36-45
C004733,Zashil Buch,Female,26,No,Yes,Delhi,Delhi,458167,Mass Market,26-35
C004734,Sneha Dixit,Female,21,No,No,Madhya Pradesh,Indore,919304,Value,18-25
C004735,Lucky Sarin,Male,32,No,No,Karnataka,Mangaluru,18590,Mass Market,26-35
C004736,Quincy Karnik,Male,68,Yes,No,Delhi,New Delhi,273118,High Value,65+
C004737,Devika Ganesan,Male,65,Yes,No,Maharashtra,Mumbai,656722,High Value,56-65
C004738,Vincent Chanda,Male,25,No,No,Punjab,Chandigarh,128650,Value,18-25
C004739,Patrick Mani,Male,66,Yes,No,Gujarat,Vadodara,841019,Mass Market,65+
C004740,Pallavi Ganesh,Female,70,Yes,Yes,Telangana,Warangal,992224,High Value,65+
C004741,Anay Hayre,Female,18,No,Yes,West Bengal,Howrah,444066,Premium,18-25
C004742,Ekalinga Chaudhuri,Male,24,No,No,West Bengal,Howrah,592220,Value,18-25
C004743,Praneel Walla,Male,70,Yes,No,Madhya Pradesh,Bhopal,648618,Mass Market,65+
C004744,Turvi Pillay,Female,48,No,No,Maharashtra,Pune,825591,Value,46-55
C004745,Michael Walla,Male,35,No,No,Kerala,Kochi,321172,High Value,26-35
C004746,Yatan Anand,Male,29,No,Yes,Uttar Pradesh,Agra,560518,Mass Market,26-35
C004747,Onveer Magar,Male,65,Yes,No,Rajasthan,Jodhpur,80861,Premium,56-65
C004748,Xiti Thaman,Male,47,No,No,Madhya Pradesh,Indore,808713,Mass Market,46-55
C004749,Meera Deshmukh,Male,50,No,Yes,Maharashtra,Nagpur,384732,High Value,46-55
C004750,Chanakya Singh,Female,64,Yes,No,Rajasthan,Jaipur,205703,Value,56-65
C004751,Kevin Khurana,Male,24,No,No,Tamil Nadu,Coimbatore,595925,Mass Market,18-25
C004752,Arya Shere,Male,45,No,No,Maharashtra,Mumbai,72792,Mass Market,36-45
C004753,Suhani Gill,Female,66,Yes,No,Telangana,Hyderabad,469981,Value,65+
C004754,Yuvraj Edwin,Male,20,No,Yes,West Bengal,Howrah,721370,Mass Market,18-25
C004755,Ekalinga Purohit,Female,60,Yes,Yes,Kerala,Thiruvananthapuram,616716,Value,56-65
C004756,Aadi Mani,Female,23,No,No,Tamil Nadu,Chennai,270224,Mass Market,18-25
C004757,Vrishti Rana,Male,48,No,No,Punjab,Amritsar,26210,Mass Market,46-55
C004758,Unnati Venkatesh,Female,55,No,Yes,Karnataka,Mysuru,83209,Value,46-55
C004759,Nidhi Krishnamurthy,Male,32,No,Yes,Kerala,Thiruvananthapuram,431938,Value,26-35
C004760,Ojas Thakur,Female,24,No,No,Punjab,Amritsar,153118,Value,18-25
C004761,Jonathan Bansal,Male,60,Yes,No,Telangana,Warangal,307313,Value,56-65
C004762,Ethan Pillai,Female,47,No,No,Delhi,Delhi,298872,Value,46-55
C004763,Jack Sachar,Female,44,No,Yes,Rajasthan,Udaipur,713042,Value,36-45
C004764,Keya Mistry,Male,34,No,Yes,Kerala,Thiruvananthapuram,876809,Mass Market,26-35
C004765,Arjun Murty,Male,35,No,Yes,Delhi,New Delhi,77964,Mass Market,26-35
C004766,Rushil Babu,Female,39,No,No,Punjab,Ludhiana,770978,Mass Market,36-45
C004767,Radhika Din,Female,70,Yes,Yes,Gujarat,Surat,253991,Value,65+
C004768,Logan Mittal,Male,43,No,No,West Bengal,Howrah,854131,Value,36-45
C004769,Yash Dhar,Female,68,Yes,No,West Bengal,Kolkata,448519,Value,65+
C004770,Utkarsh Sarna,Male,44,No,Yes,Maharashtra,Nashik,442334,Premium,36-45
C004771,Vidhi Rastogi,Male,57,No,No,Rajasthan,Jaipur,25885,Mass Market,56-65
C004772,Udyati Prabhu,Male,41,No,No,Uttar Pradesh,Kanpur,108892,Value,36-45
C004773,Ubika De,Male,69,Yes,No,West Bengal,Kolkata,710874,Mass Market,65+
C004774,Charan Korpal,Female,25,No,No,Rajasthan,Jodhpur,315996,Premium,18-25
C004775,Harrison Merchant,Male,38,No,Yes,Telangana,Hyderabad,608725,Value,36-45
C004776,Chatresh Palla,Female,46,No,Yes,Kerala,Kochi,777538,Premium,46-55
C004777,Libni Sant,Male,60,Yes,No,Rajasthan,Jodhpur,768353,Premium,56-65
C004778,Chaitaly Pant,Male,38,No,No,Karnataka,Mysuru,478110,Premium,36-45
C004779,Banjeet Srinivas,Male,20,No,Yes,Maharashtra,Nagpur,621989,Premium,18-25
C004780,Indira Narula,Male,48,No,No,Rajasthan,Udaipur,446931,Mass Market,46-55
C004781,Dayita Toor,Male,44,No,No,Punjab,Amritsar,815164,Mass Market,36-45
C004782,Advay Chaudhuri,Male,63,Yes,Yes,Kerala,Kochi,907044,High Value,56-65
C004783,Anamika Bhasin,Female,44,No,No,Gujarat,Vadodara,196492,High Value,36-45
C004784,Yashodhara Kamdar,Male,26,No,Yes,Uttar Pradesh,Kanpur,66190,Value,26-35
C004785,Arjun Sen,Male,50,No,No,Karnataka,Bengaluru,748425,Mass Market,46-55
C004786,Gaurika Sharma,Male,50,No,No,Rajasthan,Jodhpur,467193,Premium,46-55
C004787,Eta Mane,Female,43,No,Yes,Uttar Pradesh,Lucknow,647390,Mass Market,36-45
C004788,Charan Varughese,Female,45,No,No,Uttar Pradesh,Agra,535898,Mass Market,36-45
C004789,Raksha Sura,Male,61,Yes,No,Kerala,Thiruvananthapuram,243595,Value,56-65
C004790,Yoshita Bansal,Male,60,Yes,No,West Bengal,Kolkata,333169,Mass Market,56-65
C004791,Mitesh Purohit,Male,48,No,Yes,Kerala,Kochi,432324,Mass Market,46-55
C004792,Ria Loke,Female,70,Yes,No,Punjab,Ludhiana,935516,Premium,65+
C004793,Lucky Hegde,Male,18,No,No,Madhya Pradesh,Bhopal,883777,Mass Market,18-25
C004794,Leena Majumdar,Male,37,No,No,Karnataka,Mysuru,43971,High Value,36-45
C004795,Thomas Barman,Male,29,No,No,Karnataka,Bengaluru,271696,High Value,26-35
C004796,Chavvi Arora,Male,34,No,Yes,Delhi,Delhi,645539,Premium,26-35
C004797,Robert Sahota,Male,32,No,Yes,Maharashtra,Pune,840347,High Value,26-35
C004798,Omisha Doshi,Female,51,No,No,Delhi,New Delhi,964544,Value,46-55
C004799,Aadhya Kade,Male,67,Yes,Yes,Tamil Nadu,Coimbatore,668994,Value,65+
C004800,Dominic Gade,Female,33,No,No,Maharashtra,Pune,532836,Premium,26-35
C004801,Alka Subramanian,Male,21,No,No,Madhya Pradesh,Indore,80118,Value,18-25
C004802,Theodore Sidhu,Male,25,No,No,Telangana,Hyderabad,213983,Value,18-25
C004803,Wakeeta Comar,Female,51,No,No,Punjab,Ludhiana,200565,Value,46-55
C004804,Tripti Oommen,Male,63,Yes,No,Madhya Pradesh,Indore,238616,Value,56-65
C004805,Upasna Kuruvilla,Female,42,No,No,Madhya Pradesh,Indore,186191,Premium,36-45
C004806,Eta Vyas,Male,32,No,Yes,Maharashtra,Pune,640695,Value,26-35
C004807,Zinal Mallick,Male,45,No,Yes,Kerala,Kochi,518404,Premium,36-45
C004808,Upkaar Bains,Female,26,No,Yes,Madhya Pradesh,Bhopal,735031,Value,26-35
C004809,Vasudha Magar,Male,19,No,No,Rajasthan,Jaipur,974163,Value,18-25
C004810,Yashodhara Mital,Female,34,No,No,Kerala,Kochi,285563,Mass Market,26-35
C004811,Nidhi Behl,Male,27,No,Yes,Tamil Nadu,Chennai,660235,Premium,26-35
C004812,Aarini Chhabra,Female,26,No,No,Madhya Pradesh,Indore,179211,Mass Market,26-35
C004813,Udant Kanda,Male,48,No,Yes,Telangana,Warangal,891305,High Value,46-55
C004814,Ucchal Dua,Male,19,No,No,Karnataka,Mangaluru,27190,Premium,18-25
C004815,Yashasvi Patil,Female,41,No,Yes,Uttar Pradesh,Lucknow,814796,Value,36-45
C004816,Mugdha Saini,Female,36,No,No,Gujarat,Vadodara,562330,High Value,36-45
C004817,Chandani Bumb,Female,34,No,No,Kerala,Kochi,797688,Value,26-35
C004818,Nicholas Srivastava,Female,60,Yes,No,Maharashtra,Nashik,434645,Mass Market,56-65
C004819,Dipta Bhandari,Female,66,Yes,Yes,Rajasthan,Jodhpur,954637,Value,65+
C004820,Nidra Sankaran,Male,27,No,No,Madhya Pradesh,Bhopal,330030,Mass Market,26-35
C004821,Oeshi Solanki,Male,67,Yes,Yes,Delhi,Delhi,716623,Mass Market,65+
C004822,Gauri Prabhakar,Male,45,No,No,Uttar Pradesh,Kanpur,253012,Value,36-45
C004823,Darika Keer,Male,55,No,No,Punjab,Ludhiana,940011,Premium,46-55
C004824,Vyanjana Randhawa,Male,65,Yes,No,West Bengal,Kolkata,952078,Value,56-65
C004825,Nidra Sani,Male,45,No,No,Karnataka,Mangaluru,874146,Value,36-45
C004826,Bhavini Kohli,Male,67,Yes,No,Telangana,Warangal,663707,Mass Market,65+
C004827,Gayathri Dutta,Female,69,Yes,No,Karnataka,Mysuru,437375,Value,65+
C004828,Krisha Butala,Male,67,Yes,Yes,Gujarat,Ahmedabad,435355,Mass Market,65+
C004829,Fitan Butala,Male,18,No,No,Uttar Pradesh,Noida,622284,Mass Market,18-25
C004830,Mason Zachariah,Male,20,No,Yes,Madhya Pradesh,Indore,660097,Premium,18-25
C004831,Waida Chanda,Female,32,No,Yes,Uttar Pradesh,Agra,909126,Mass Market,26-35
C004832,Charan Agate,Female,69,Yes,No,Maharashtra,Nashik,935815,Mass Market,65+
C004833,Peter Bali,Female,27,No,No,Madhya Pradesh,Indore,418594,Mass Market,26-35
C004834,Bishakha Peri,Male,38,No,Yes,Gujarat,Vadodara,48965,Value,36-45
C004835,Gagan Baria,Male,54,No,No,Maharashtra,Nagpur,84695,Premium,46-55
C004836,Dayita Narayanan,Male,32,No,Yes,Punjab,Ludhiana,495697,High Value,26-35
C004837,Balvan Butala,Male,40,No,No,Telangana,Hyderabad,556123,Premium,36-45
C004838,Aadi Handa,Male,31,No,No,West Bengal,Howrah,1522,Value,26-35
C004839,Mahika Swaminathan,Male,32,No,No,Telangana,Hyderabad,401507,Mass Market,26-35
C004840,Amara Manne,Male,27,No,No,Uttar Pradesh,Agra,294201,Mass Market,26-35
C004841,Bhavani Devi,Female,26,No,Yes,Madhya Pradesh,Bhopal,172209,Value,26-35
C004842,Turvi Lad,Female,61,Yes,No,Tamil Nadu,Madurai,342208,Value,56-65
C004843,Yutika Char,Male,56,No,Yes,Uttar Pradesh,Lucknow,419857,Value,56-65
C004844,Udarsh Mander,Male,22,No,Yes,Maharashtra,Mumbai,873413,Mass Market,18-25
C004845,Maya Nigam,Male,42,No,No,Kerala,Kochi,230735,Mass Market,36-45
C004846,Urvashi Sethi,Male,59,No,Yes,Telangana,Warangal,136187,Mass Market,56-65
C004847,Yashodhara Mohan,Female,43,No,No,West Bengal,Kolkata,497895,Premium,36-45
C004848,Nandini Sahota,Male,25,No,No,Delhi,Delhi,525853,Mass Market,18-25
C004849,Dayamai Narain,Female,39,No,No,Uttar Pradesh,Kanpur,599515,Value,36-45
C004850,Wridesh Shenoy,Male,69,Yes,No,Karnataka,Mangaluru,143604,Mass Market,65+
C004851,Mohammed Bansal,Female,42,No,No,Telangana,Warangal,872430,Value,36-45
C004852,Daniel Dalal,Male,65,Yes,No,Kerala,Kochi,860641,Mass Market,56-65
C004853,Hritik Sen,Female,29,No,No,Telangana,Warangal,425096,Mass Market,26-35
C004854,Manthan Borah,Male,26,No,Yes,Rajasthan,Jaipur,375790,Mass Market,26-35
C004855,Gaurangi Nagarajan,Female,27,No,No,Delhi,Delhi,550880,Mass Market,26-35
C004856,Vasatika Saran,Male,65,Yes,No,Tamil Nadu,Coimbatore,395845,Mass Market,56-65
C004857,Jason Mittal,Male,27,No,No,Delhi,Delhi,505296,Premium,26-35
C004858,Urvashi Bandi,Female,26,No,Yes,Kerala,Thiruvananthapuram,370476,Mass Market,26-35
C004859,Naksh Raman,Female,43,No,Yes,Gujarat,Ahmedabad,985683,Mass Market,36-45
C004860,Hemani Bhatti,Female,52,No,No,Uttar Pradesh,Agra,51834,Value,46-55
C004861,Azad Krishnan,Female,44,No,No,Kerala,Thiruvananthapuram,27554,Value,36-45
C004862,Rachit Tank,Female,48,No,No,Uttar Pradesh,Noida,14295,Mass Market,46-55
C004863,Mitali Naik,Male,36,No,No,Maharashtra,Nashik,336936,Value,36-45
C004864,Kiaan Narain,Male,60,Yes,No,Telangana,Warangal,402110,Premium,56-65
C004865,Divya Gour,Male,55,No,No,Telangana,Warangal,549804,Mass Market,46-55
C004866,Nitesh Krishna,Female,23,No,Yes,Maharashtra,Nashik,65349,Value,18-25
C004867,Girik Sur,Male,32,No,No,Madhya Pradesh,Bhopal,96663,Mass Market,26-35
C004868,Manbir Basak,Male,46,No,Yes,Delhi,Delhi,916605,Mass Market,46-55
C004869,Wriddhish Varghese,Female,64,Yes,Yes,Gujarat,Ahmedabad,773904,High Value,56-65
C004870,Arunima Jain,Female,62,Yes,No,Madhya Pradesh,Indore,543623,Mass Market,56-65
C004871,Omisha Barad,Male,22,No,Yes,Karnataka,Mangaluru,193121,Mass Market,18-25
C004872,Jalsa Oza,Male,31,No,No,Uttar Pradesh,Noida,811038,High Value,26-35
C004873,Geetika Agate,Male,70,Yes,Yes,Karnataka,Bengaluru,738007,Premium,65+
C004874,Vasudha Thaker,Male,19,No,Yes,Karnataka,Mangaluru,898196,Value,18-25
C004875,Siddharth Divan,Male,40,No,No,Uttar Pradesh,Kanpur,66688,Value,36-45
C004876,Yashasvi Mahal,Female,61,Yes,No,Karnataka,Bengaluru,331650,Premium,56-65
C004877,Ronith Saran,Female,69,Yes,No,Gujarat,Vadodara,381272,Premium,65+
C004878,Suhani Mannan,Female,63,Yes,No,Gujarat,Surat,901405,Mass Market,56-65
C004879,Chaitanya Mane,Male,36,No,Yes,Maharashtra,Nashik,393469,Value,36-45
C004880,Andrew Reddy,Female,41,No,No,West Bengal,Kolkata,738439,Mass Market,36-45
C004881,Urvi Sahni,Male,37,No,Yes,Uttar Pradesh,Noida,372580,Mass Market,36-45
C004882,Vihaan Murty,Male,64,Yes,No,Uttar Pradesh,Noida,535849,Value,56-65
C004883,Shivani Lanka,Female,44,No,No,Uttar Pradesh,Agra,200323,Value,36-45
C004884,Balvan Karnik,Male,69,Yes,No,Delhi,New Delhi,201926,Mass Market,65+
C004885,Megha Lanka,Male,41,No,No,Maharashtra,Pune,17385,Mass Market,36-45
C004886,Veer Baria,Female,34,No,Yes,Gujarat,Surat,555051,Value,26-35
C004887,Shivani Khare,Male,42,No,No,Gujarat,Surat,761426,Value,36-45
C004888,Aarnav Sani,Female,63,Yes,Yes,Telangana,Hyderabad,244367,Premium,56-65
C004889,Faqid Mahal,Male,48,No,Yes,Rajasthan,Udaipur,41108,Premium,46-55
C004890,Amol Thaker,Female,45,No,No,Tamil Nadu,Madurai,26491,High Value,36-45
C004891,Charan Taneja,Male,67,Yes,Yes,West Bengal,Howrah,597489,Value,65+
C004892,Bhavna D’Alia,Male,45,No,Yes,Uttar Pradesh,Agra,642527,Value,36-45
C004893,Lopa Narasimhan,Female,39,No,No,Maharashtra,Nagpur,317791,Premium,36-45
C004894,Sai Atwal,Male,22,No,No,Uttar Pradesh,Kanpur,537256,Premium,18-25
C004895,Fariq Narasimhan,Male,61,Yes,Yes,Telangana,Hyderabad,633734,Premium,56-65
C004896,Varsha Bail,Male,59,No,No,West Bengal,Howrah,488919,Value,56-65
C004897,Kai Kuruvilla,Male,25,No,No,Punjab,Chandigarh,242,Mass Market,18-25
C004898,Brinda Kurian,Male,55,No,No,Telangana,Hyderabad,127760,Premium,46-55
C004899,Neel Sandhu,Male,45,No,No,Telangana,Hyderabad,625957,Premium,36-45
C004900,Nihal Pathak,Female,64,Yes,No,Telangana,Hyderabad,441128,Premium,56-65
C004901,Bhavya More,Male,29,No,No,Gujarat,Surat,842172,Mass Market,26-35
C004902,Faraj Dugal,Male,42,No,No,Tamil Nadu,Coimbatore,421940,Mass Market,36-45
C004903,Aarush Khatri,Male,55,No,Yes,Delhi,New Delhi,789136,Value,46-55
C004904,Anamika Gola,Male,61,Yes,No,Uttar Pradesh,Agra,161684,Premium,56-65
C004905,Siya Nazareth,Female,32,No,No,Punjab,Amritsar,263827,Premium,26-35
C004906,Xiti Warrior,Male,61,Yes,No,Gujarat,Surat,145509,Mass Market,56-65
C004907,Yasti Das,Female,58,No,Yes,Madhya Pradesh,Bhopal,333098,Value,56-65
C004908,Arunima Chacko,Male,68,Yes,No,Gujarat,Surat,38242,Mass Market,65+
C004909,George Pandit,Female,70,Yes,No,Uttar Pradesh,Kanpur,270497,Value,65+
C004910,Lipika Gulati,Male,51,No,No,Maharashtra,Nagpur,444634,Value,46-55
C004911,Andrew Chadha,Female,62,Yes,No,West Bengal,Howrah,474965,Premium,56-65
C004912,Nicholas Dhingra,Female,30,No,No,Karnataka,Bengaluru,311015,Premium,26-35
C004913,Naveen Vig,Male,25,No,Yes,Telangana,Warangal,218159,Mass Market,18-25
C004914,Varenya Panchal,Male,30,No,No,Maharashtra,Mumbai,881236,Value,26-35
C004915,Harini Ramachandran,Male,53,No,No,Karnataka,Mysuru,608823,Value,46-55
C004916,Hemang Vala,Female,23,No,Yes,West Bengal,Kolkata,351139,Mass Market,18-25
C004917,Simon Ganesh,Male,55,No,Yes,Gujarat,Vadodara,225494,High Value,46-55
C004918,Veda Bhavsar,Male,49,No,No,Maharashtra,Pune,703176,Premium,46-55
C004919,Warda Shankar,Female,38,No,No,Uttar Pradesh,Kanpur,13247,Mass Market,36-45
C004920,Ekanta Pillay,Male,61,Yes,No,Telangana,Warangal,730814,Value,56-65
C004921,Benjamin Bansal,Female,61,Yes,Yes,West Bengal,Howrah,423757,Mass Market,56-65
C004922,Raghav Aggarwal,Female,66,Yes,Yes,Telangana,Warangal,545173,Value,65+
C004923,Anay Pradhan,Female,24,No,Yes,West Bengal,Howrah,16548,Value,18-25
C004924,Ojasvi Amble,Female,43,No,No,Tamil Nadu,Chennai,657815,Mass Market,36-45
C004925,Ubika Chada,Male,32,No,No,Maharashtra,Nashik,665517,Premium,26-35
C004926,Gopal Verma,Male,66,Yes,No,Telangana,Warangal,864213,Value,65+
C004927,Laban Solanki,Male,59,No,No,Karnataka,Mysuru,17147,High Value,56-65
C004928,Harini Dar,Male,40,No,Yes,Gujarat,Vadodara,229453,Mass Market,36-45
C004929,Edhitha Korpal,Female,69,Yes,Yes,Gujarat,Ahmedabad,965164,Premium,65+
C004930,Pavani Memon,Female,55,No,Yes,Maharashtra,Pune,180540,Premium,46-55
C004931,Hredhaan Bhakta,Male,58,No,Yes,Punjab,Amritsar,853809,Mass Market,56-65
C004932,Laksh Kuruvilla,Male,32,No,Yes,Delhi,Delhi,207961,Mass Market,26-35
C004933,Michael Mand,Female,65,Yes,No,Kerala,Thiruvananthapuram,979896,Premium,56-65
C004934,Nisha Borde,Male,70,Yes,No,Delhi,Delhi,913118,Value,65+
C004935,Falan Tara,Male,57,No,No,Kerala,Kochi,87815,Value,56-65
C004936,Charita Ray,Male,33,No,No,Madhya Pradesh,Indore,491671,High Value,26-35
C004937,Atharv Mane,Female,49,No,No,Telangana,Hyderabad,567098,Mass Market,46-55
C004938,Qasim Chander,Female,54,No,No,Uttar Pradesh,Kanpur,678851,Value,46-55
C004939,Harish Patil,Female,35,No,Yes,Punjab,Chandigarh,820385,Value,26-35
C004940,Girish Lalla,Female,37,No,No,Delhi,Delhi,857940,Value,36-45
C004941,Eesha Dasgupta,Male,63,Yes,Yes,Punjab,Ludhiana,541506,Mass Market,56-65
C004942,Simon Brar,Male,19,No,Yes,Rajasthan,Udaipur,118811,Value,18-25
C004943,Chandran Malhotra,Female,40,No,Yes,Punjab,Ludhiana,787348,Premium,36-45
C004944,Fariq Mishra,Male,47,No,No,Kerala,Thiruvananthapuram,851496,Value,46-55
C004945,Harish Raval,Female,20,No,No,Maharashtra,Nashik,757169,Value,18-25
C004946,Devika Salvi,Female,63,Yes,No,Kerala,Thiruvananthapuram,402313,Mass Market,56-65
C004947,Gauri Luthra,Female,56,No,No,Rajasthan,Jodhpur,268396,Premium,56-65
C004948,Laksh Biswas,Female,64,Yes,No,Karnataka,Mysuru,713957,Value,56-65
C004949,Aayush Chhabra,Female,66,Yes,No,Tamil Nadu,Madurai,16845,High Value,65+
C004950,Brijesh Singh,Female,18,No,No,Maharashtra,Nashik,224023,Mass Market,18-25
C004951,Nidra Chhabra,Male,58,No,No,Maharashtra,Nashik,893038,Mass Market,56-65
C004952,Nathan Kota,Male,39,No,Yes,Gujarat,Ahmedabad,476040,Mass Market,36-45
C004953,Gaurika Ganguly,Male,46,No,Yes,Karnataka,Bengaluru,262922,Value,46-55
C004954,Hemang Badal,Female,31,No,No,Rajasthan,Jaipur,953762,Mass Market,26-35
C004955,Tejas Date,Male,65,Yes,Yes,Telangana,Hyderabad,98532,Premium,56-65
C004956,Yashodhara Khare,Female,45,No,No,Gujarat,Vadodara,272066,Premium,36-45
C004957,Abdul Virk,Male,38,No,No,Madhya Pradesh,Indore,549059,Mass Market,36-45
C004958,Raghav Tailor,Female,62,Yes,No,Kerala,Thiruvananthapuram,303753,Mass Market,56-65
C004959,Daniel Sani,Male,49,No,Yes,Uttar Pradesh,Lucknow,450883,Premium,46-55
C004960,Lipika Hans,Female,23,No,No,Rajasthan,Jaipur,682948,Mass Market,18-25
C004961,Hemangini Deshpande,Male,18,No,No,Telangana,Hyderabad,704967,Value,18-25
C004962,Nisha Mani,Male,38,No,No,Madhya Pradesh,Bhopal,942791,Mass Market,36-45
C004963,Zaid Dash,Male,21,No,No,Rajasthan,Jaipur,637980,Value,18-25
C004964,Aadhya Tank,Female,20,No,No,West Bengal,Kolkata,472028,Mass Market,18-25
C004965,Ishwar Ravi,Male,66,Yes,No,Tamil Nadu,Chennai,397970,Value,65+
C004966,Zehaan Dave,Male,47,No,Yes,West Bengal,Howrah,701524,Value,46-55
C004967,Jagdish Kothari,Female,48,No,No,West Bengal,Kolkata,443102,Premium,46-55
C004968,Banjeet Kashyap,Female,51,No,Yes,Madhya Pradesh,Indore,210367,Mass Market,46-55
C004969,Chakradhar Bora,Female,36,No,Yes,Delhi,Delhi,9254,Value,36-45
C004970,Kiaan Kamdar,Male,37,No,Yes,West Bengal,Kolkata,709831,Mass Market,36-45
C004971,Isaiah Agate,Male,40,No,No,Karnataka,Bengaluru,803430,High Value,36-45
C004972,Indrajit Atwal,Female,57,No,Yes,Rajasthan,Jodhpur,148830,Value,56-65
C004973,Hredhaan Om,Male,42,No,Yes,Rajasthan,Udaipur,450827,Mass Market,36-45
C004974,Sanya Dhawan,Female,32,No,No,Uttar Pradesh,Noida,986858,Mass Market,26-35
C004975,Jatin Pillay,Male,55,No,No,Punjab,Chandigarh,974884,Mass Market,46-55
C004976,Nirja Radhakrishnan,Male,40,No,Yes,Telangana,Warangal,748223,Mass Market,36-45
C004977,Sachi Jaggi,Male,69,Yes,No,Madhya Pradesh,Bhopal,864250,Value,65+
C004978,Samuel Ramachandran,Male,19,No,No,Karnataka,Bengaluru,647174,Mass Market,18-25
C004979,Raghav Kibe,Male,32,No,Yes,Uttar Pradesh,Noida,658840,High Value,26-35
C004980,Vrinda Mahal,Male,69,Yes,No,Uttar Pradesh,Kanpur,612450,Mass Market,65+
C004981,Chandran Krishnan,Female,61,Yes,No,Delhi,Delhi,160124,Premium,56-65
C004982,Rachita Sheth,Male,52,No,No,Gujarat,Vadodara,811607,Mass Market,46-55
C004983,Darsh Bhasin,Female,27,No,No,Karnataka,Bengaluru,210969,Mass Market,26-35
C004984,Bimala Jani,Female,31,No,No,Tamil Nadu,Chennai,621684,High Value,26-35
C004985,Indrajit Mani,Female,44,No,Yes,Delhi,New Delhi,202063,Premium,36-45
C004986,Bhanumati Mammen,Male,31,No,No,Telangana,Hyderabad,410924,Value,26-35
C004987,Pooja Atwal,Female,52,No,Yes,Punjab,Chandigarh,329540,Value,46-55
C004988,Dhruv Sha,Female,50,No,No,Karnataka,Mangaluru,686429,High Value,46-55
C004989,Chavvi Kapur,Female,69,Yes,Yes,Delhi,Delhi,172472,Value,65+
C004990,Sai Majumdar,Female,18,No,No,Gujarat,Surat,318897,Mass Market,18-25
C004991,Madhavi Madan,Female,51,No,Yes,Punjab,Ludhiana,604462,Mass Market,46-55
C004992,Varsha Kannan,Female,36,No,No,Karnataka,Mysuru,374457,Value,36-45
C004993,Kiaan Badal,Male,41,No,No,Telangana,Warangal,991673,Value,36-45
C004994,Vedika Rajagopalan,Female,59,No,No,Gujarat,Vadodara,214211,Premium,56-65
C004995,Yashodhara Dhillon,Male,21,No,No,Kerala,Thiruvananthapuram,78136,Mass Market,18-25
C004996,Amrita Prabhakar,Female,53,No,No,Kerala,Kochi,492907,High Value,46-55
C004997,Hardik Magar,Male,30,No,Yes,Tamil Nadu,Madurai,383942,Value,26-35
C004998,Netra Bahri,Male,49,No,Yes,Telangana,Hyderabad,134247,Value,46-55
C004999,Hredhaan Khurana,Female,26,No,No,Kerala,Thiruvananthapuram,649222,Mass Market,26-35
C005000,Zayyan Konda,Female,56,No,No,Telangana,Warangal,716400,High Value,56-65
C005001,Watika Wadhwa,Male,33,No,Yes,Delhi,Delhi,895241,Value,26-35
C005002,Manthan Bahri,Male,67,Yes,Yes,Kerala,Thiruvananthapuram,345646,Value,65+
C005003,Oni Om,Female,20,No,Yes,Madhya Pradesh,Bhopal,397180,High Value,18-25
C005004,Vasana Hari,Male,69,Yes,No,Telangana,Hyderabad,206335,High Value,65+
C005005,Ikbal Mohan,Female,37,No,No,Kerala,Kochi,599794,Mass Market,36-45
C005006,Zayan Magar,Male,27,No,No,Rajasthan,Jodhpur,567564,High Value,26-35
C005007,Neelima Parikh,Female,39,No,Yes,Tamil Nadu,Coimbatore,676674,Premium,36-45
C005008,Lajita Sodhi,Female,65,Yes,Yes,Punjab,Ludhiana,348169,Mass Market,56-65
C005009,Yash Nair,Male,20,No,Yes,Madhya Pradesh,Bhopal,32422,Mass Market,18-25
C005010,Gayathri Parikh,Male,28,No,No,Madhya Pradesh,Bhopal,645324,Value,26-35
C005011,Wridesh Walia,Male,42,No,No,Rajasthan,Jaipur,214610,Value,36-45
C005012,Waida Kari,Female,59,No,Yes,Gujarat,Surat,498359,Premium,56-65
C005013,Amol Bose,Male,65,Yes,No,Kerala,Kochi,58198,Mass Market,56-65
C005014,Laksh Kashyap,Female,25,No,Yes,Madhya Pradesh,Indore,651469,Premium,18-25
C005015,Caleb Jayaraman,Male,26,No,No,Tamil Nadu,Madurai,591837,Premium,26-35
C005016,Nitara Warrior,Male,32,No,No,Telangana,Hyderabad,539790,Value,26-35
C005017,Harshil Sastry,Male,49,No,Yes,Madhya Pradesh,Bhopal,578341,High Value,46-55
C005018,Timothy Kala,Male,70,Yes,No,Uttar Pradesh,Kanpur,807509,Premium,65+
C005019,Kamala Chatterjee,Female,20,No,No,Madhya Pradesh,Bhopal,35451,Mass Market,18-25
C005020,Aahana Apte,Female,21,No,No,Tamil Nadu,Madurai,640294,Premium,18-25
C005021,Jai Mand,Female,47,No,No,Madhya Pradesh,Indore,208595,High Value,46-55
C005022,Shaurya Chander,Male,30,No,Yes,Punjab,Amritsar,312155,Mass Market,26-35
C005023,Warjas Dani,Female,61,Yes,No,Gujarat,Surat,995924,High Value,56-65
C005024,Zashil Yadav,Female,38,No,Yes,West Bengal,Howrah,971665,Mass Market,36-45
C005025,Chaitanya Soni,Female,58,No,No,Punjab,Ludhiana,360181,Value,56-65
C005026,Oliver Ahuja,Male,63,Yes,Yes,Kerala,Kochi,703280,Premium,56-65
C005027,Tarak Sabharwal,Male,36,No,Yes,Punjab,Ludhiana,253836,Premium,36-45
C005028,Harish Chakrabarti,Male,56,No,Yes,Maharashtra,Nagpur,449179,Premium,56-65
C005029,Arunima Acharya,Female,65,Yes,Yes,Uttar Pradesh,Noida,165148,Value,56-65
C005030,Ikshita Parikh,Male,39,No,No,Kerala,Kochi,114687,Value,36-45
C005031,Nitesh Bala,Male,37,No,Yes,Rajasthan,Udaipur,611737,Value,36-45
C005032,Ansh Maharaj,Male,54,No,No,Kerala,Thiruvananthapuram,215384,Value,46-55
C005033,Orinder Dugar,Female,48,No,Yes,Punjab,Chandigarh,35599,Value,46-55
C005034,Chakradev Gola,Female,27,No,No,Tamil Nadu,Coimbatore,731312,Premium,26-35
C005035,Shaurya Hora,Male,35,No,No,Karnataka,Mangaluru,312434,Mass Market,26-35
C005036,Chakrika Sharma,Male,60,Yes,No,Tamil Nadu,Coimbatore,662913,Value,56-65
C005037,Shivani Kara,Female,56,No,No,Tamil Nadu,Coimbatore,215394,Mass Market,56-65
C005038,Azad Dalal,Female,63,Yes,No,Uttar Pradesh,Noida,60146,Value,56-65
C005039,Jeevika Mistry,Female,37,No,No,West Bengal,Kolkata,205849,Mass Market,36-45
C005040,Mitesh Bhatnagar,Female,35,No,No,Delhi,Delhi,475393,Value,26-35
C005041,Urvi Radhakrishnan,Female,28,No,No,Tamil Nadu,Coimbatore,7481,Mass Market,26-35
C005042,Onveer Prasad,Female,39,No,No,Uttar Pradesh,Noida,353336,Mass Market,36-45
C005043,Parth Salvi,Male,61,Yes,Yes,Punjab,Ludhiana,175180,Value,56-65
C005044,Frado Dugar,Female,35,No,No,Delhi,New Delhi,756582,Value,26-35
C005045,Elijah Dube,Female,51,No,Yes,Rajasthan,Jodhpur,548386,Value,46-55
C005046,Ikbal Saran,Female,40,No,No,Kerala,Kochi,123587,Mass Market,36-45
C005047,Ojas Lata,Male,18,No,No,Karnataka,Mangaluru,507309,High Value,18-25
C005048,Sneha Dugar,Male,27,No,No,Telangana,Warangal,729485,Mass Market,26-35
C005049,Saumya Sandal,Male,70,Yes,No,Delhi,Delhi,366673,Premium,65+
C005050,Sai Mallick,Male,18,No,No,Uttar Pradesh,Kanpur,396286,Premium,18-25
C005051,Abha Kala,Male,55,No,No,Gujarat,Surat,389754,Mass Market,46-55
C005052,Rohan Ravi,Female,56,No,No,Uttar Pradesh,Noida,11214,Value,56-65
C005053,Keya Wason,Male,66,Yes,Yes,Punjab,Chandigarh,593939,High Value,65+
C005054,Gavin D’Alia,Male,26,No,No,Rajasthan,Jaipur,272828,Value,26-35
C005055,Chatura Karpe,Male,48,No,No,Kerala,Kochi,565960,Mass Market,46-55
C005056,Varenya Rana,Female,24,No,Yes,Uttar Pradesh,Kanpur,28744,Value,18-25
C005057,Chatresh Vasa,Male,34,No,Yes,Tamil Nadu,Chennai,706481,Value,26-35
C005058,Vincent Date,Male,52,No,No,Gujarat,Vadodara,357829,Premium,46-55
C005059,Chandresh Trivedi,Female,65,Yes,No,West Bengal,Howrah,442350,High Value,56-65
C005060,Wyatt Yohannan,Male,54,No,No,Tamil Nadu,Madurai,884393,Mass Market,46-55
C005061,Harinakshi Vohra,Female,69,Yes,Yes,Maharashtra,Nashik,960626,Mass Market,65+
C005062,Aashi Lal,Female,35,No,Yes,Uttar Pradesh,Kanpur,823919,Mass Market,26-35
C005063,Laban Gokhale,Male,50,No,No,Delhi,Delhi,947874,High Value,46-55
C005064,Prisha Swaminathan,Male,21,No,Yes,West Bengal,Kolkata,456031,Value,18-25
C005065,Logan Kannan,Female,40,No,Yes,Kerala,Thiruvananthapuram,865927,Premium,36-45
C005066,Zarna Divan,Male,28,No,Yes,Rajasthan,Jaipur,812964,Value,26-35
C005067,Ekbal Sami,Male,69,Yes,Yes,Rajasthan,Jaipur,482771,Premium,65+
C005068,Ekanta Sharma,Male,26,No,Yes,Maharashtra,Mumbai,911994,Mass Market,26-35
C005069,Anya Nazareth,Female,47,No,Yes,Madhya Pradesh,Indore,364477,High Value,46-55
C005070,Bachittar Apte,Male,25,No,Yes,West Bengal,Kolkata,911884,Value,18-25
C005071,Arjun Balasubramanian,Female,57,No,No,Uttar Pradesh,Lucknow,14708,Premium,56-65
C005072,Ekantika Gala,Female,22,No,Yes,Punjab,Ludhiana,319617,Mass Market,18-25
C005073,Fitan Gupta,Male,29,No,No,Punjab,Ludhiana,588284,Value,26-35
C005074,Guneet Sarna,Male,18,No,No,Karnataka,Bengaluru,271804,Value,18-25
C005075,Dakshesh Bal,Female,32,No,No,Rajasthan,Udaipur,591289,Mass Market,26-35
C005076,Ira Munshi,Male,42,No,Yes,Rajasthan,Jodhpur,121744,Value,36-45
C005077,Ishwar Thaman,Female,35,No,No,Uttar Pradesh,Lucknow,563651,Value,26-35
C005078,Brinda Lal,Male,55,No,Yes,Rajasthan,Jaipur,704702,Mass Market,46-55
C005079,Frederick Divan,Male,59,No,Yes,Tamil Nadu,Chennai,712506,Mass Market,56-65
C005080,Bhavna Swaminathan,Male,63,Yes,No,Tamil Nadu,Chennai,120358,Value,56-65
C005081,Matthew Gill,Male,70,Yes,No,Karnataka,Bengaluru,397951,Mass Market,65+
C005082,Yachana Basak,Male,43,No,No,Kerala,Thiruvananthapuram,245240,Value,36-45
C005083,Ladli Singh,Female,57,No,No,Gujarat,Ahmedabad,589723,Value,56-65
C005084,Yashica Saran,Male,20,No,No,Madhya Pradesh,Bhopal,919988,Mass Market,18-25
C005085,Atharv Basu,Male,39,No,Yes,Karnataka,Mysuru,522929,Mass Market,36-45
C005086,Aarnav Lal,Male,43,No,Yes,Delhi,Delhi,702598,Premium,36-45
C005087,Krishna Pai,Female,36,No,No,West Bengal,Howrah,585542,Mass Market,36-45
C005088,Gaurang Pathak,Male,61,Yes,No,Madhya Pradesh,Bhopal,54872,Value,56-65
C005089,Mason Ravel,Female,61,Yes,Yes,Karnataka,Mysuru,298967,Value,56-65
C005090,Jason Keer,Male,64,Yes,No,Telangana,Hyderabad,353706,High Value,56-65
C005091,Manthan Luthra,Male,56,No,Yes,Punjab,Ludhiana,230017,Mass Market,56-65
C005092,Ekanta Pingle,Male,53,No,No,Madhya Pradesh,Indore,955763,Premium,46-55
C005093,Jasmit Mukherjee,Female,38,No,No,Rajasthan,Jaipur,951662,Value,36-45
C005094,Keya Barman,Male,58,No,No,Maharashtra,Mumbai,567486,Mass Market,56-65
C005095,Upma Bera,Male,65,Yes,Yes,Uttar Pradesh,Kanpur,747030,Mass Market,56-65
C005096,Sarthak Khosla,Male,43,No,No,Gujarat,Surat,663860,Value,36-45
C005097,Triveni Pant,Female,30,No,No,Delhi,New Delhi,687175,Mass Market,26-35
C005098,Qasim Dass,Male,53,No,Yes,Karnataka,Mangaluru,53188,Mass Market,46-55
C005099,Darsh Loyal,Male,41,No,Yes,Tamil Nadu,Coimbatore,585228,High Value,36-45
C005100,Jason Ramanathan,Male,58,No,No,Punjab,Chandigarh,617274,Mass Market,56-65
C005101,Jeet Wadhwa,Male,43,No,No,Kerala,Kochi,3410,Value,36-45
C005102,Advika Kuruvilla,Female,38,No,Yes,Gujarat,Surat,882870,Premium,36-45
C005103,Urvi Tara,Female,35,No,No,Uttar Pradesh,Agra,517199,Premium,26-35
C005104,Zaitra Hari,Male,32,No,No,Delhi,New Delhi,974500,Mass Market,26-35
C005105,Raghav Wadhwa,Male,32,No,Yes,Tamil Nadu,Chennai,64407,Premium,26-35
C005106,Mugdha Loyal,Male,23,No,No,West Bengal,Kolkata,253461,Value,18-25
C005107,Mohammed Bhatti,Male,60,Yes,Yes,Punjab,Ludhiana,555240,Mass Market,56-65
C005108,Mugdha Merchant,Male,48,No,Yes,Kerala,Thiruvananthapuram,782015,Mass Market,46-55
C005109,Damyanti Reddy,Female,45,No,Yes,Punjab,Chandigarh,130839,Mass Market,36-45
C005110,Nathan Bail,Female,25,No,No,West Bengal,Kolkata,311695,Mass Market,18-25
C005111,Oni De,Female,46,No,No,Telangana,Hyderabad,522345,Mass Market,46-55
C005112,Raagini Kala,Female,38,No,Yes,Karnataka,Mysuru,896071,Mass Market,36-45
C005113,Dayita Krishnamurthy,Female,34,No,No,Rajasthan,Udaipur,766708,Value,26-35
C005114,Turvi Baria,Female,66,Yes,No,Delhi,New Delhi,606050,Premium,65+
C005115,Bishakha Ramakrishnan,Male,41,No,Yes,Tamil Nadu,Madurai,405118,Value,36-45
C005116,Isha Prakash,Female,67,Yes,No,Kerala,Kochi,284014,Value,65+
C005117,Brijesh Grover,Male,53,No,No,Madhya Pradesh,Bhopal,79043,Premium,46-55
C005118,Veer Pillay,Male,48,No,No,Tamil Nadu,Coimbatore,531732,Premium,46-55
C005119,Rachit Memon,Female,64,Yes,No,Maharashtra,Nagpur,615522,Premium,56-65
C005120,Arin Chad,Male,51,No,Yes,West Bengal,Howrah,113414,Mass Market,46-55
C005121,Krishna Morar,Male,19,No,No,Telangana,Hyderabad,268926,Mass Market,18-25
C005122,Ati Mannan,Female,59,No,Yes,Madhya Pradesh,Indore,835273,Value,56-65
C005123,Upkaar Chopra,Male,20,No,No,Kerala,Kochi,968856,Mass Market,18-25
C005124,Wyatt Tella,Male,47,No,No,Delhi,Delhi,694568,Mass Market,46-55
C005125,Anya Narula,Female,25,No,Yes,Rajasthan,Jodhpur,709319,Mass Market,18-25
C005126,Udyati Bhatia,Female,69,Yes,No,Telangana,Warangal,799659,High Value,65+
C005127,Baljiwan Mann,Male,24,No,No,Maharashtra,Pune,239449,Mass Market,18-25
C005128,Bishakha Khare,Male,29,No,No,Rajasthan,Jodhpur,930784,Value,26-35
C005129,Tarak Joshi,Male,36,No,Yes,Punjab,Chandigarh,784490,Mass Market,36-45
C005130,Rishi Vora,Female,43,No,No,West Bengal,Kolkata,307714,Premium,36-45
C005131,Divya Das,Female,45,No,No,Karnataka,Bengaluru,502860,Value,36-45
C005132,Tristan Dhaliwal,Male,32,No,Yes,Karnataka,Bengaluru,183769,Mass Market,26-35
C005133,Gautam Chandra,Male,31,No,Yes,West Bengal,Howrah,81898,High Value,26-35
C005134,Unnati Dasgupta,Male,65,Yes,No,Delhi,Delhi,378011,Premium,56-65
C005135,Rushil Khosla,Female,31,No,Yes,Tamil Nadu,Chennai,470844,Premium,26-35
C005136,Rudra Tailor,Male,20,No,Yes,West Bengal,Kolkata,453256,High Value,18-25
C005137,Krish Ravel,Female,67,Yes,No,Gujarat,Surat,211951,Value,65+
C005138,Upkaar Baral,Male,46,No,No,Madhya Pradesh,Indore,94526,Premium,46-55
C005139,Bakhshi Bose,Female,23,No,No,West Bengal,Howrah,821655,Mass Market,18-25
C005140,Yashasvi Taneja,Female,66,Yes,No,Delhi,New Delhi,462000,Value,65+
C005141,Lopa Chandran,Female,40,No,No,West Bengal,Kolkata,641437,Mass Market,36-45
C005142,Xiti Ray,Male,45,No,No,Delhi,New Delhi,222855,Mass Market,36-45
C005143,Advaith Goyal,Female,31,No,Yes,West Bengal,Howrah,931493,Value,26-35
C005144,Avi Balan,Female,31,No,No,Rajasthan,Udaipur,488107,Mass Market,26-35
C005145,Gaurika Sachdeva,Male,37,No,No,Madhya Pradesh,Indore,276199,Value,36-45
C005146,Joshua Viswanathan,Female,30,No,No,Rajasthan,Jodhpur,377731,Value,26-35
C005147,Yash Purohit,Female,44,No,No,Tamil Nadu,Chennai,25375,Value,36-45
C005148,Urmi Tank,Female,52,No,Yes,West Bengal,Kolkata,358515,Mass Market,46-55
C005149,Bhanumati Dar,Female,62,Yes,No,Punjab,Chandigarh,494007,Mass Market,56-65
C005150,Aarush Kala,Male,19,No,No,Rajasthan,Jodhpur,672397,Value,18-25
C005151,Jhalak Pal,Male,58,No,No,Telangana,Hyderabad,188210,Value,56-65
C005152,Dalbir Bose,Male,62,Yes,No,Delhi,Delhi,605955,Mass Market,56-65
C005153,Ekavir Dasgupta,Female,57,No,Yes,West Bengal,Kolkata,42537,Value,56-65
C005154,Ikbal Zacharia,Female,65,Yes,Yes,Maharashtra,Mumbai,696732,Premium,56-65
C005155,Upkaar Kashyap,Female,41,No,Yes,Kerala,Thiruvananthapuram,496607,Mass Market,36-45
C005156,Vansha Oza,Male,46,No,No,Delhi,New Delhi,287372,Value,46-55
C005157,Liam Reddy,Male,20,No,Yes,Madhya Pradesh,Indore,805712,Mass Market,18-25
C005158,Onkar Dugar,Female,62,Yes,No,West Bengal,Kolkata,662966,High Value,56-65
C005159,Yashasvi Divan,Male,21,No,Yes,Kerala,Thiruvananthapuram,734289,Mass Market,18-25
C005160,Wriddhish Seth,Male,67,Yes,No,Kerala,Kochi,426854,Mass Market,65+
C005161,Gautami Nazareth,Female,19,No,Yes,Madhya Pradesh,Bhopal,606889,Premium,18-25
C005162,Faraj Chanda,Male,37,No,No,Maharashtra,Nagpur,899321,Mass Market,36-45
C005163,Balhaar Menon,Male,70,Yes,No,West Bengal,Howrah,330442,Value,65+
C005164,Zinal Wason,Male,32,No,No,Tamil Nadu,Madurai,795348,Mass Market,26-35
C005165,Brijesh Peri,Male,66,Yes,No,Punjab,Chandigarh,645044,High Value,65+
C005166,Geetika Khanna,Female,49,No,Yes,Karnataka,Bengaluru,240441,Premium,46-55
C005167,Megha Sangha,Male,59,No,Yes,Punjab,Amritsar,316641,Value,56-65
C005168,Chakradhar Venkataraman,Male,18,No,No,Delhi,Delhi,337,Mass Market,18-25
C005169,Jackson Dave,Male,55,No,No,West Bengal,Howrah,474212,Mass Market,46-55
C005170,Andrew Basak,Female,52,No,Yes,Uttar Pradesh,Noida,660580,Value,46-55
C005171,Christopher Venkatesh,Male,68,Yes,No,Uttar Pradesh,Kanpur,690289,Mass Market,65+
C005172,Jalsa Ramakrishnan,Female,24,No,No,Madhya Pradesh,Indore,708880,Value,18-25
C005173,Gaurang Bala,Male,62,Yes,Yes,Madhya Pradesh,Bhopal,242075,Value,56-65
C005174,Mitesh Shah,Male,30,No,Yes,Rajasthan,Udaipur,87722,Premium,26-35
C005175,Ekani Kala,Male,66,Yes,No,Delhi,Delhi,966734,Mass Market,65+
C005176,Parth Kamdar,Female,18,No,Yes,Maharashtra,Nagpur,860150,Value,18-25
C005177,Harini Parekh,Female,31,No,Yes,Rajasthan,Udaipur,858549,Premium,26-35
C005178,Qushi Upadhyay,Male,46,No,Yes,Delhi,Delhi,465167,Value,46-55
C005179,Rajata Chopra,Male,20,No,Yes,Telangana,Hyderabad,127195,Premium,18-25
C005180,Vedhika Samra,Female,63,Yes,No,Kerala,Kochi,617186,Mass Market,56-65
C005181,Shivansh Vohra,Male,41,No,Yes,Telangana,Warangal,96837,Premium,36-45
C005182,Bina Baria,Female,18,No,Yes,Delhi,Delhi,16485,High Value,18-25
C005183,Wyatt Modi,Male,65,Yes,No,Telangana,Warangal,713325,Mass Market,56-65
C005184,Sara Hari,Female,27,No,Yes,West Bengal,Howrah,963481,Mass Market,26-35
C005185,Chanchal Khanna,Female,30,No,Yes,Gujarat,Vadodara,4362,Mass Market,26-35
C005186,Laban Reddy,Female,53,No,No,Madhya Pradesh,Indore,691539,Value,46-55
C005187,Simon Kaur,Female,26,No,No,Gujarat,Ahmedabad,58187,Value,26-35
C005188,Jeet Bera,Male,31,No,No,Telangana,Hyderabad,240466,Mass Market,26-35
C005189,Kamala Seth,Female,53,No,Yes,Delhi,Delhi,10619,Premium,46-55
C005190,Champak Tripathi,Male,27,No,No,Tamil Nadu,Coimbatore,816189,Premium,26-35
C005191,Dhruv Mann,Male,57,No,No,Punjab,Ludhiana,298653,High Value,56-65
C005192,Qabil Babu,Female,40,No,No,Karnataka,Mangaluru,614501,Value,36-45
C005193,Aadhya Gandhi,Female,52,No,Yes,Karnataka,Mysuru,878503,Value,46-55
C005194,Osha Prashad,Female,24,No,Yes,Telangana,Warangal,436125,Premium,18-25
C005195,Tanmayi Chakraborty,Male,59,No,No,Punjab,Chandigarh,426189,Mass Market,56-65
C005196,Maanav Wason,Female,52,No,No,Punjab,Amritsar,241521,Value,46-55
C005197,Leena Kothari,Female,19,No,No,Tamil Nadu,Madurai,193387,Value,18-25
C005198,Ganga Chauhan,Male,32,No,Yes,Punjab,Ludhiana,6032,Mass Market,26-35
C005199,Ansh Tella,Male,26,No,Yes,Delhi,New Delhi,957377,Mass Market,26-35
C005200,Robert Gill,Male,64,Yes,No,Gujarat,Ahmedabad,641089,Mass Market,56-65
C005201,Hritik Goyal,Male,34,No,No,Gujarat,Vadodara,520725,Value,26-35
C005202,Chaitaly Dhaliwal,Female,56,No,Yes,Rajasthan,Jodhpur,37649,Value,56-65
C005203,Netra Bhakta,Female,69,Yes,Yes,Delhi,New Delhi,133098,Premium,65+
C005204,Arin Solanki,Female,35,No,No,Rajasthan,Jodhpur,552255,Value,26-35
C005205,Mitali Dalal,Female,32,No,No,Rajasthan,Udaipur,942285,Mass Market,26-35
C005206,Omisha Balasubramanian,Male,35,No,No,Telangana,Hyderabad,413632,Value,26-35
C005207,Owen Kalita,Female,41,No,No,West Bengal,Howrah,586133,Mass Market,36-45
C005208,Vedant Venkatesh,Male,40,No,No,West Bengal,Kolkata,305613,Mass Market,36-45
C005209,Eshana Pathak,Female,29,No,Yes,Maharashtra,Nashik,113723,Mass Market,26-35
C005210,Zinal Devi,Male,40,No,No,Maharashtra,Pune,790821,Mass Market,36-45
C005211,Bhavani Aggarwal,Female,38,No,No,Rajasthan,Udaipur,522111,Mass Market,36-45
C005212,Nikita Dalal,Male,43,No,No,Punjab,Ludhiana,890983,Mass Market,36-45
C005213,Radha Om,Male,25,No,No,Maharashtra,Nagpur,879933,Premium,18-25
C005214,Manan Ravi,Female,47,No,Yes,Karnataka,Mysuru,91389,Mass Market,46-55
C005215,Manan Saraf,Male,51,No,No,Gujarat,Vadodara,986020,Mass Market,46-55
C005216,Girik Raja,Female,19,No,No,Rajasthan,Jodhpur,896818,High Value,18-25
C005217,Hemangini Ray,Male,22,No,No,Tamil Nadu,Chennai,433586,Value,18-25
C005218,Tarak Aurora,Female,48,No,Yes,Tamil Nadu,Chennai,835880,Mass Market,46-55
C005219,Pooja Chaudhari,Male,50,No,No,Telangana,Hyderabad,887796,Mass Market,46-55
C005220,Ranveer Wadhwa,Male,21,No,No,Telangana,Hyderabad,768790,Value,18-25
C005221,Gayathri Dara,Male,23,No,Yes,West Bengal,Kolkata,446442,Value,18-25
C005222,Rehaan Loke,Male,40,No,Yes,Gujarat,Ahmedabad,598648,Mass Market,36-45
C005223,Manthan Khosla,Male,62,Yes,No,Rajasthan,Jaipur,92702,Mass Market,56-65
C005224,Yashodhara Magar,Male,36,No,No,Punjab,Chandigarh,754224,High Value,36-45
C005225,Ayushman Gala,Male,60,Yes,Yes,Gujarat,Ahmedabad,147689,Value,56-65
C005226,Udarsh Agarwal,Male,62,Yes,No,Punjab,Ludhiana,639159,Value,56-65
C005227,Yoshita Saraf,Female,25,No,No,Madhya Pradesh,Indore,586681,Mass Market,18-25
C005228,Lopa Bhatnagar,Female,56,No,No,West Bengal,Kolkata,34845,Mass Market,56-65
C005229,Jackson Ram,Male,30,No,Yes,Madhya Pradesh,Indore,536793,Value,26-35
C005230,Falan Bumb,Female,18,No,No,Madhya Pradesh,Bhopal,633457,High Value,18-25
C005231,Gaurika Bal,Female,23,No,Yes,Tamil Nadu,Madurai,811759,Mass Market,18-25
C005232,Dominic Prashad,Male,24,No,Yes,Gujarat,Surat,614466,High Value,18-25
C005233,Arya Buch,Female,65,Yes,No,Maharashtra,Nagpur,849089,Mass Market,56-65
C005234,Elijah Nagy,Male,44,No,No,Karnataka,Bengaluru,710706,Value,36-45
C005235,Sudiksha Reddy,Male,32,No,No,Kerala,Thiruvananthapuram,140223,Mass Market,26-35
C005236,Rohan Savant,Male,69,Yes,Yes,Rajasthan,Jaipur,960658,Value,65+
C005237,Maanas Bedi,Female,51,No,Yes,Karnataka,Mangaluru,522950,Value,46-55
C005238,Thomas Mammen,Female,40,No,No,Maharashtra,Mumbai,436048,Value,36-45
C005239,Anay Tandon,Male,65,Yes,No,Karnataka,Bengaluru,861817,Value,56-65
C005240,Saanvi Manda,Male,66,Yes,No,Kerala,Kochi,575768,Mass Market,65+
C005241,Nicholas Bhardwaj,Female,41,No,Yes,Telangana,Warangal,636900,Premium,36-45
C005242,Logan Rau,Male,32,No,Yes,Rajasthan,Jaipur,303659,Mass Market,26-35
C005243,Kalpit Devan,Male,52,No,Yes,Uttar Pradesh,Agra,774674,Value,46-55
C005244,Anirudh Chanda,Female,21,No,No,Telangana,Hyderabad,340970,Mass Market,18-25
C005245,Urvi Rajagopalan,Female,61,Yes,Yes,Kerala,Thiruvananthapuram,550133,Value,56-65
C005246,Naveen Bhavsar,Female,54,No,Yes,West Bengal,Howrah,431727,Premium,46-55
C005247,Arin Ranganathan,Female,34,No,No,Maharashtra,Nagpur,963188,Mass Market,26-35
C005248,Ekalinga Hayer,Female,48,No,Yes,Uttar Pradesh,Lucknow,340261,High Value,46-55
C005249,Samaksh Setty,Male,55,No,Yes,Punjab,Amritsar,158526,Premium,46-55
C005250,Gaurav Deo,Male,27,No,Yes,Kerala,Thiruvananthapuram,231078,Value,26-35
C005251,Ishita Garg,Male,67,Yes,Yes,Telangana,Hyderabad,778846,Mass Market,65+
C005252,Hemani Rattan,Female,44,No,No,Uttar Pradesh,Lucknow,54201,Premium,36-45
C005253,Unni Buch,Female,59,No,No,Karnataka,Mysuru,866827,Premium,56-65
C005254,Advaith Jayaraman,Male,23,No,Yes,Punjab,Chandigarh,634018,Mass Market,18-25
C005255,Harsh Brar,Female,23,No,Yes,Tamil Nadu,Chennai,497741,High Value,18-25
C005256,Aadi Raghavan,Male,69,Yes,No,Maharashtra,Mumbai,827151,High Value,65+
C005257,Theodore Sami,Male,32,No,No,Punjab,Chandigarh,194828,Value,26-35
C005258,Yochana Nadkarni,Male,21,No,No,Karnataka,Mangaluru,763439,Premium,18-25
C005259,Unni Tandon,Male,65,Yes,No,Tamil Nadu,Chennai,635718,Value,56-65
C005260,Krisha Dara,Female,57,No,Yes,Gujarat,Vadodara,835473,Value,56-65
C005261,Tejas Sem,Male,24,No,No,Rajasthan,Jodhpur,457147,Mass Market,18-25
C005262,Chaman Mohanty,Female,68,Yes,No,Maharashtra,Pune,747931,Mass Market,65+
C005263,Chandran Ganguly,Female,66,Yes,No,Karnataka,Bengaluru,712336,Premium,65+
C005264,Champak Dhaliwal,Male,70,Yes,No,Maharashtra,Pune,812155,Mass Market,65+
C005265,Chaitaly Uppal,Female,62,Yes,Yes,Tamil Nadu,Madurai,237399,Value,56-65
C005266,Girindra Sankar,Male,64,Yes,No,Rajasthan,Udaipur,704145,Premium,56-65
C005267,Bhavani Bera,Male,43,No,No,Telangana,Hyderabad,136432,Mass Market,36-45
C005268,Siya Jayaraman,Male,48,No,No,Punjab,Amritsar,590632,Mass Market,46-55
C005269,Harsh Rao,Female,19,No,Yes,Uttar Pradesh,Agra,755484,Value,18-25
C005270,Hritik Dhar,Male,45,No,No,Gujarat,Vadodara,42109,Mass Market,36-45
C005271,Xalak Varghese,Male,59,No,No,Gujarat,Ahmedabad,988576,Premium,56-65
C005272,Rachit Borde,Male,30,No,Yes,Punjab,Amritsar,196667,Mass Market,26-35
C005273,Neel Chanda,Male,35,No,Yes,Tamil Nadu,Madurai,992783,Value,26-35
C005274,Qabil Chaudry,Female,47,No,Yes,Madhya Pradesh,Bhopal,79890,Mass Market,46-55
C005275,Advika Venkataraman,Male,28,No,No,Tamil Nadu,Madurai,892079,Mass Market,26-35
C005276,Onveer Oak,Male,30,No,No,Punjab,Ludhiana,381013,Mass Market,26-35
C005277,Raksha Kaur,Male,68,Yes,No,West Bengal,Howrah,240831,Mass Market,65+
C005278,Vincent Zacharia,Male,41,No,Yes,Rajasthan,Jaipur,264674,Value,36-45
C005279,Ishwar Varma,Female,46,No,No,West Bengal,Kolkata,563225,Value,46-55
C005280,Eiravati Rege,Male,22,No,No,Maharashtra,Pune,546788,Mass Market,18-25
C005281,Hamsini Karnik,Female,52,No,No,Maharashtra,Nashik,880595,Mass Market,46-55
C005282,Arin Tailor,Male,36,No,Yes,Madhya Pradesh,Bhopal,742002,Value,36-45
C005283,Neha Dani,Male,30,No,Yes,Gujarat,Vadodara,343714,Premium,26-35
C005284,Vanya Bhat,Female,22,No,No,Karnataka,Bengaluru,438801,Value,18-25
C005285,Watika Keer,Male,61,Yes,Yes,Kerala,Thiruvananthapuram,724928,Mass Market,56-65
C005286,Zarna Din,Female,31,No,Yes,Uttar Pradesh,Kanpur,96965,Premium,26-35
C005287,Janya Agate,Female,55,No,Yes,Punjab,Ludhiana,385375,High Value,46-55
C005288,Maanas Chad,Male,39,No,No,West Bengal,Howrah,220721,Mass Market,36-45
C005289,Pranit Kapur,Male,26,No,Yes,Delhi,Delhi,980560,Value,26-35
C005290,Falak Dutta,Female,66,Yes,Yes,Kerala,Thiruvananthapuram,224703,Value,65+
C005291,Maya Pau,Male,57,No,No,Karnataka,Mangaluru,133780,High Value,56-65
C005292,Gautami Zacharia,Male,43,No,No,Rajasthan,Jodhpur,684096,Value,36-45
C005293,Henry Lanka,Male,62,Yes,No,Maharashtra,Nagpur,293855,High Value,56-65
C005294,Mason Bora,Male,22,No,No,Tamil Nadu,Madurai,79320,Mass Market,18-25
C005295,Elijah Dewan,Female,46,No,No,Madhya Pradesh,Indore,822449,Mass Market,46-55
C005296,Mitali Shan,Male,39,No,No,Maharashtra,Pune,306108,Premium,36-45
C005297,Amrita Keer,Male,66,Yes,No,Kerala,Thiruvananthapuram,570419,Premium,65+
C005298,Bhavya Babu,Female,20,No,Yes,Uttar Pradesh,Kanpur,640641,Premium,18-25
C005299,Jonathan Barad,Male,45,No,No,West Bengal,Howrah,118222,Premium,36-45
C005300,Bahadurjit Karpe,Male,55,No,Yes,Tamil Nadu,Coimbatore,132950,Premium,46-55
C005301,Zashil Tripathi,Female,31,No,Yes,Gujarat,Surat,23232,Value,26-35
C005302,Kalpit Misra,Male,64,Yes,No,Punjab,Ludhiana,399285,Value,56-65
C005303,Yauvani Bhatti,Female,31,No,No,Karnataka,Bengaluru,427350,Value,26-35
C005304,Bhanumati Palan,Female,60,Yes,No,Karnataka,Mangaluru,214916,Value,56-65
C005305,Yashica Shankar,Male,28,No,No,West Bengal,Kolkata,19953,Value,26-35
C005306,Ridhi Chand,Male,26,No,No,West Bengal,Howrah,105978,Value,26-35
C005307,Praneel Keer,Male,55,No,No,West Bengal,Kolkata,281435,Mass Market,46-55
C005308,Sara Ramakrishnan,Male,64,Yes,No,Delhi,New Delhi,941997,Mass Market,56-65
C005309,Rohan Zacharia,Female,61,Yes,No,Delhi,Delhi,763019,High Value,56-65
C005310,Atharv Seth,Female,23,No,Yes,Punjab,Chandigarh,154316,Mass Market,18-25
C005311,Lajita Brahmbhatt,Male,18,No,Yes,Kerala,Thiruvananthapuram,14104,Mass Market,18-25
C005312,Triya Talwar,Female,42,No,No,Tamil Nadu,Chennai,64562,Value,36-45
C005313,Leena Doctor,Female,33,No,Yes,Telangana,Hyderabad,98327,Mass Market,26-35
C005314,Yashasvi Tank,Female,69,Yes,Yes,West Bengal,Howrah,652939,Value,65+
C005315,Kai Nagarajan,Male,32,No,Yes,Karnataka,Bengaluru,252056,Mass Market,26-35
C005316,Wakeeta Barad,Male,51,No,Yes,Tamil Nadu,Madurai,679167,Mass Market,46-55
C005317,Aadi Rastogi,Male,34,No,No,Delhi,Delhi,279440,Premium,26-35
C005318,Wazir Pillay,Female,20,No,No,Maharashtra,Pune,305972,Premium,18-25
C005319,Amruta Balan,Male,20,No,No,Uttar Pradesh,Lucknow,332497,Mass Market,18-25
C005320,Madhavi Raj,Female,54,No,No,Telangana,Hyderabad,730686,Value,46-55
C005321,Tanmayi Barad,Male,34,No,No,Rajasthan,Jodhpur,861920,Value,26-35
C005322,Jeet Ganesh,Male,66,Yes,No,Kerala,Thiruvananthapuram,285404,Premium,65+
C005323,Patrick Oommen,Male,69,Yes,No,West Bengal,Kolkata,261668,Value,65+
C005324,Amrita Krishnamurthy,Female,55,No,No,Kerala,Kochi,501562,Mass Market,46-55
C005325,Maya Sharma,Male,18,No,Yes,Maharashtra,Nagpur,584819,Value,18-25
C005326,Rohan Dey,Female,24,No,Yes,Madhya Pradesh,Bhopal,604598,Mass Market,18-25
C005327,Chaitaly Grewal,Male,43,No,No,Punjab,Amritsar,781470,Mass Market,36-45
C005328,Kiaan Walia,Male,64,Yes,No,West Bengal,Kolkata,649717,Value,56-65
C005329,Mahika Kapadia,Male,56,No,No,Delhi,New Delhi,912698,Premium,56-65
C005330,Harshil Oak,Male,36,No,No,Karnataka,Mysuru,533453,Value,36-45
C005331,Nitesh Lad,Male,69,Yes,Yes,Maharashtra,Nagpur,843092,Mass Market,65+
C005332,Falak Grover,Male,47,No,Yes,West Bengal,Kolkata,978833,Premium,46-55
C005333,Vasudha Gokhale,Male,60,Yes,No,Karnataka,Mangaluru,20852,Premium,56-65
C005334,Lopa Ganesh,Male,31,No,Yes,Gujarat,Surat,564598,Value,26-35
C005335,Netra Kant,Female,30,No,No,Kerala,Kochi,344058,Mass Market,26-35
C005336,Hemal Wagle,Female,37,No,No,West Bengal,Kolkata,659519,Value,36-45
C005337,Harsh Kapoor,Male,43,No,No,Karnataka,Mangaluru,439504,Mass Market,36-45
C005338,Mahika Pingle,Female,44,No,Yes,Delhi,Delhi,492095,Value,36-45
C005339,Atharv Suri,Female,42,No,No,Uttar Pradesh,Agra,554912,Premium,36-45
C005340,Libni Nair,Male,26,No,No,Uttar Pradesh,Noida,117949,Mass Market,26-35
C005341,Ekani Sura,Female,58,No,No,West Bengal,Howrah,422832,Mass Market,56-65
C005342,Advika Kapur,Female,65,Yes,No,Tamil Nadu,Madurai,874279,Mass Market,56-65
C005343,Rishi Mohan,Male,29,No,No,Telangana,Hyderabad,304955,Value,26-35
C005344,Yauvani Borde,Male,27,No,Yes,Telangana,Warangal,947864,Mass Market,26-35
C005345,Vasana Sule,Female,23,No,No,Maharashtra,Mumbai,638828,Value,18-25
C005346,Champak Issac,Male,67,Yes,No,Telangana,Warangal,59251,Mass Market,65+
C005347,Warinder Luthra,Male,51,No,Yes,West Bengal,Kolkata,118946,Mass Market,46-55
C005348,Gabriel Patla,Male,69,Yes,Yes,Tamil Nadu,Chennai,311665,Value,65+
C005349,Meera Mohanty,Male,58,No,Yes,Uttar Pradesh,Kanpur,636300,Value,56-65
C005350,Eshana Memon,Female,36,No,No,Telangana,Warangal,335901,Value,36-45
C005351,Hritik Narain,Female,23,No,No,Punjab,Ludhiana,640755,Mass Market,18-25
C005352,Samaksh Chhabra,Female,19,No,Yes,Karnataka,Mysuru,941467,Mass Market,18-25
C005353,Oscar Pau,Male,32,No,No,Gujarat,Ahmedabad,592839,Premium,26-35
C005354,Oni Soni,Male,34,No,No,Telangana,Hyderabad,257741,Premium,26-35
C005355,Wazir Sandhu,Male,33,No,Yes,Punjab,Amritsar,165665,Premium,26-35
C005356,Edhitha Bath,Male,45,No,Yes,Delhi,New Delhi,640633,Mass Market,36-45
C005357,Amaira Doctor,Male,38,No,Yes,Tamil Nadu,Madurai,558617,Mass Market,36-45
C005358,Bhanumati Chahal,Female,25,No,No,Telangana,Warangal,106967,Value,18-25
C005359,Irya Goel,Female,27,No,Yes,Tamil Nadu,Chennai,939249,Premium,26-35
C005360,Leela Wadhwa,Male,27,No,No,Kerala,Thiruvananthapuram,234436,Premium,26-35
C005361,Urvashi Bhasin,Female,67,Yes,No,Uttar Pradesh,Lucknow,851562,Premium,65+
C005362,Vanya Ahuja,Male,27,No,No,Telangana,Warangal,794774,Mass Market,26-35
C005363,Jalsa Dayal,Male,26,No,Yes,Gujarat,Vadodara,733360,Premium,26-35
C005364,Yoshita Vyas,Female,45,No,No,Telangana,Hyderabad,78676,Premium,36-45
C005365,Neelima Gaba,Male,41,No,No,Maharashtra,Nagpur,534503,Mass Market,36-45
C005366,Ganga Sangha,Female,36,No,Yes,Delhi,New Delhi,816549,Value,36-45
C005367,Dalbir Nair,Female,50,No,Yes,Gujarat,Ahmedabad,618464,Value,46-55
C005368,Shivani Yohannan,Male,21,No,No,Rajasthan,Jaipur,608576,Mass Market,18-25
C005369,Ati Misra,Female,20,No,No,Uttar Pradesh,Agra,603632,Value,18-25
C005370,Lakshit Tailor,Male,59,No,Yes,Telangana,Warangal,286622,Premium,56-65
C005371,Yashvi Nazareth,Male,29,No,No,Gujarat,Vadodara,192173,Premium,26-35
C005372,Harinakshi Sami,Male,35,No,No,Karnataka,Mangaluru,656673,High Value,26-35
C005373,Edhitha Mani,Male,40,No,No,Kerala,Kochi,607277,Value,36-45
C005374,Yadavi Dave,Female,37,No,Yes,Uttar Pradesh,Noida,365761,Value,36-45
C005375,Jagat Butala,Male,23,No,No,Rajasthan,Jodhpur,766571,Value,18-25
C005376,Gaurangi Bal,Female,70,Yes,Yes,Kerala,Thiruvananthapuram,402261,Value,65+
C005377,Abeer Baral,Female,51,No,No,Maharashtra,Nashik,349457,Mass Market,46-55
C005378,Nachiket Mohanty,Male,59,No,No,Delhi,New Delhi,449176,Premium,56-65
C005379,Victor Kata,Female,19,No,No,Madhya Pradesh,Indore,826148,Mass Market,18-25
C005380,Warjas Deep,Male,47,No,No,Uttar Pradesh,Kanpur,99578,Mass Market,46-55
C005381,Eshana Nadig,Male,26,No,Yes,Madhya Pradesh,Indore,833807,Mass Market,26-35
C005382,Sathvik Ahluwalia,Male,44,No,No,Karnataka,Mysuru,331566,High Value,36-45
C005383,Harini Srivastava,Male,59,No,Yes,Karnataka,Mangaluru,53308,Mass Market,56-65
C005384,Samar Sandal,Male,51,No,No,Madhya Pradesh,Indore,198386,Value,46-55
C005385,Harish Mander,Female,57,No,Yes,Uttar Pradesh,Agra,696249,High Value,56-65
C005386,Bhavani Venkatesh,Male,41,No,No,Karnataka,Mysuru,691103,Value,36-45
C005387,Libni Swaminathan,Male,66,Yes,No,Madhya Pradesh,Indore,897586,Mass Market,65+
C005388,Xalak Kapadia,Female,34,No,No,Kerala,Thiruvananthapuram,804044,Value,26-35
C005389,Saumya Sastry,Female,46,No,Yes,Punjab,Amritsar,616613,Mass Market,46-55
C005390,Odika Doctor,Female,53,No,No,Tamil Nadu,Coimbatore,635485,Mass Market,46-55
C005391,Kai Peri,Male,67,Yes,Yes,Gujarat,Vadodara,961048,Premium,65+
C005392,Jyoti Mani,Female,29,No,No,Karnataka,Bengaluru,880574,Mass Market,26-35
C005393,Ekaraj Vora,Female,48,No,No,Madhya Pradesh,Indore,584024,Value,46-55
C005394,Oscar Cherian,Female,66,Yes,No,Rajasthan,Jodhpur,871389,Value,65+
C005395,Ranveer Bhatnagar,Female,26,No,No,Delhi,New Delhi,793544,Mass Market,26-35
C005396,Ryan Dhar,Male,36,No,Yes,Gujarat,Surat,589057,Value,36-45
C005397,Dalaja Chanda,Male,63,Yes,No,Delhi,Delhi,19952,Mass Market,56-65
C005398,Krishna Anand,Male,63,Yes,Yes,Uttar Pradesh,Noida,145782,Mass Market,56-65
C005399,Zinal Konda,Male,34,No,No,Gujarat,Vadodara,566363,Value,26-35
C005400,Adweta Suri,Female,19,No,No,Uttar Pradesh,Noida,512816,Mass Market,18-25
C005401,Samar Sheth,Male,57,No,No,Telangana,Hyderabad,799631,Value,56-65
C005402,Arjun Walia,Female,22,No,No,Kerala,Kochi,333856,Mass Market,18-25
C005403,Urishilla Raval,Female,56,No,Yes,Karnataka,Mysuru,695700,Value,56-65
C005404,Tamanna Goel,Male,65,Yes,No,Delhi,Delhi,503431,Premium,56-65
C005405,Inaya Srinivasan,Male,33,No,Yes,Rajasthan,Jodhpur,292356,Value,26-35
C005406,Ekani Lad,Female,34,No,No,Telangana,Hyderabad,134335,Premium,26-35
C005407,Amaira Sule,Female,44,No,No,Delhi,New Delhi,120574,Value,36-45
C005408,Ladli Dubey,Male,24,No,Yes,Punjab,Amritsar,138606,High Value,18-25
C005409,Eshana Dhar,Male,69,Yes,Yes,Uttar Pradesh,Agra,897287,Mass Market,65+
C005410,Yasti Setty,Male,25,No,Yes,Kerala,Thiruvananthapuram,245645,High Value,18-25
C005411,Wridesh Chaudry,Female,25,No,No,Rajasthan,Jodhpur,107690,Value,18-25
C005412,Chatresh Gopal,Male,40,No,Yes,Tamil Nadu,Coimbatore,9608,Premium,36-45
C005413,Jai Singh,Female,49,No,No,Rajasthan,Jaipur,744359,High Value,46-55
C005414,Dev Shankar,Male,60,Yes,No,Tamil Nadu,Coimbatore,457161,Value,56-65
C005415,Rushil Savant,Male,64,Yes,Yes,West Bengal,Howrah,633606,Premium,56-65
C005416,Quincy Balakrishnan,Male,35,No,No,Tamil Nadu,Madurai,13231,Value,26-35
C005417,Qabil Gera,Male,55,No,No,Tamil Nadu,Madurai,303672,Value,46-55
C005418,Tanish Sabharwal,Male,29,No,Yes,Telangana,Hyderabad,847308,Value,26-35
C005419,Harrison Sane,Male,32,No,No,Tamil Nadu,Coimbatore,690350,Mass Market,26-35
C005420,Faqid Mitter,Male,45,No,Yes,West Bengal,Kolkata,420628,Value,36-45
C005421,Maanas Khalsa,Male,55,No,Yes,Karnataka,Mysuru,804248,High Value,46-55
C005422,Ekta Patla,Male,67,Yes,No,Telangana,Warangal,116883,Premium,65+
C005423,Samar Nagarajan,Female,48,No,No,Rajasthan,Udaipur,114367,Premium,46-55
C005424,Amara Sahni,Male,69,Yes,No,Gujarat,Ahmedabad,873346,Value,65+
C005425,Vrinda Sheth,Male,26,No,No,Rajasthan,Jodhpur,766829,Mass Market,26-35
C005426,Theodore Edwin,Female,25,No,No,Punjab,Chandigarh,7370,Mass Market,18-25
C005427,Bimala Kota,Female,63,Yes,Yes,Delhi,New Delhi,877464,Mass Market,56-65
C005428,Gaurangi Lal,Male,36,No,Yes,Uttar Pradesh,Noida,850882,Mass Market,36-45
C005429,Wishi Dada,Female,68,Yes,Yes,West Bengal,Howrah,704455,Value,65+
C005430,Sanya Sarna,Female,25,No,No,Tamil Nadu,Chennai,283588,Premium,18-25
C005431,Rachit Ghosh,Female,51,No,No,Punjab,Amritsar,421094,Mass Market,46-55
C005432,Ekaraj Edwin,Male,21,No,Yes,West Bengal,Kolkata,805479,Mass Market,18-25
C005433,Garima Koshy,Female,48,No,Yes,Delhi,New Delhi,898301,Mass Market,46-55
C005434,Widisha Chowdhury,Male,55,No,No,Punjab,Amritsar,80753,Mass Market,46-55
C005435,Vritti Narain,Female,20,No,Yes,Telangana,Hyderabad,985676,Value,18-25
C005436,Zilmil Kibe,Female,52,No,No,West Bengal,Kolkata,42709,Mass Market,46-55
C005437,Manthan Bala,Male,36,No,No,Delhi,New Delhi,965489,Mass Market,36-45
C005438,Krish Patla,Female,60,Yes,No,Rajasthan,Jodhpur,338053,High Value,56-65
C005439,Chatura Guha,Male,46,No,Yes,Madhya Pradesh,Indore,347167,Mass Market,46-55
C005440,Baljiwan Basu,Female,27,No,No,Madhya Pradesh,Bhopal,478054,Premium,26-35
C005441,Vrinda Shroff,Male,29,No,Yes,Punjab,Amritsar,529258,Value,26-35
C005442,Ikshita Kade,Male,63,Yes,No,Tamil Nadu,Chennai,491480,Mass Market,56-65
C005443,Yoshita Parikh,Male,47,No,Yes,Tamil Nadu,Coimbatore,459218,Premium,46-55
C005444,Warjas Warrior,Female,47,No,No,Rajasthan,Jodhpur,105876,Value,46-55
C005445,Darsh Baria,Male,35,No,No,Kerala,Thiruvananthapuram,946184,Mass Market,26-35
C005446,Anay Mall,Male,41,No,Yes,Maharashtra,Mumbai,657141,Mass Market,36-45
C005447,Warinder Rama,Male,49,No,No,Gujarat,Surat,874105,Premium,46-55
C005448,Ekani Choudhary,Female,26,No,No,Delhi,New Delhi,632624,Value,26-35
C005449,Ekalinga Palan,Male,64,Yes,Yes,Maharashtra,Pune,302578,Value,56-65
C005450,Shivansh Chander,Male,41,No,Yes,Kerala,Kochi,535786,Mass Market,36-45
C005451,Manthan Ganesh,Male,43,No,No,West Bengal,Howrah,673603,Mass Market,36-45
C005452,Arjun Chanda,Male,20,No,No,Kerala,Thiruvananthapuram,112458,Premium,18-25
C005453,Rushil Sridhar,Male,40,No,No,Telangana,Hyderabad,154799,Premium,36-45
C005454,Yasti Hans,Male,28,No,No,Maharashtra,Mumbai,418519,Value,26-35
C005455,Ronith Ahluwalia,Female,27,No,No,Madhya Pradesh,Bhopal,832762,Mass Market,26-35
C005456,Upma Butala,Male,67,Yes,No,Punjab,Amritsar,823710,High Value,65+
C005457,Xalak Chander,Male,53,No,No,Punjab,Amritsar,960233,Value,46-55
C005458,Maanav Rao,Male,30,No,Yes,Gujarat,Vadodara,473272,Premium,26-35
C005459,Matthew Doshi,Female,46,No,No,Madhya Pradesh,Indore,437581,Mass Market,46-55
C005460,Sarthak Dugar,Female,55,No,Yes,Kerala,Thiruvananthapuram,625969,Value,46-55
C005461,Triveni Rout,Female,70,Yes,Yes,Gujarat,Ahmedabad,185114,Premium,65+
C005462,Liam Bera,Male,30,No,No,Kerala,Kochi,771631,Mass Market,26-35
C005463,Gaurav D’Alia,Male,43,No,No,Karnataka,Mysuru,938096,Premium,36-45
C005464,Lavanya Rau,Male,37,No,Yes,Gujarat,Ahmedabad,786118,Value,36-45
C005465,Kai Golla,Male,22,No,Yes,Madhya Pradesh,Bhopal,928344,Mass Market,18-25
C005466,Jai Balay,Male,37,No,No,Uttar Pradesh,Lucknow,260835,Premium,36-45
C005467,Laban Oza,Female,31,No,No,Gujarat,Surat,435408,Mass Market,26-35
C005468,Yuvraj Hora,Female,62,Yes,No,Maharashtra,Mumbai,842049,Premium,56-65
C005469,Balhaar Memon,Female,31,No,No,Madhya Pradesh,Indore,492876,High Value,26-35
C005470,Raagini Rai,Male,25,No,Yes,Gujarat,Surat,567538,High Value,18-25
C005471,Sathvik Yadav,Female,65,Yes,Yes,Rajasthan,Udaipur,688145,Premium,56-65
C005472,Praneel Shah,Male,30,No,Yes,West Bengal,Howrah,924133,Value,26-35
C005473,Hemang Doctor,Male,41,No,Yes,Rajasthan,Udaipur,332640,Value,36-45
C005474,Patrick Chaudhry,Female,32,No,No,Punjab,Amritsar,944489,Premium,26-35
C005475,Bhavani Bajaj,Male,68,Yes,Yes,Kerala,Thiruvananthapuram,208427,Mass Market,65+
C005476,Logan Nazareth,Male,18,No,Yes,Rajasthan,Jaipur,599192,Mass Market,18-25
C005477,Eta Desai,Male,39,No,No,Uttar Pradesh,Lucknow,578644,Value,36-45
C005478,Bhavini Prashad,Female,51,No,No,Karnataka,Mysuru,961205,Mass Market,46-55
C005479,Anay Hari,Female,67,Yes,No,West Bengal,Howrah,870019,High Value,65+
C005480,Inaya Rai,Male,68,Yes,No,Gujarat,Ahmedabad,624652,Value,65+
C005481,Aarav Kala,Female,57,No,Yes,Delhi,Delhi,225624,Mass Market,56-65
C005482,Kabir Taneja,Male,20,No,No,Tamil Nadu,Madurai,376292,Mass Market,18-25
C005483,Gunbir Karnik,Male,43,No,Yes,Karnataka,Mangaluru,665456,Premium,36-45
C005484,Jagat Dhar,Female,31,No,No,Punjab,Chandigarh,703707,High Value,26-35
C005485,Rayaan Samra,Female,58,No,No,Tamil Nadu,Coimbatore,109557,Mass Market,56-65
C005486,Eta Zacharia,Female,25,No,No,Punjab,Ludhiana,388257,Premium,18-25
C005487,Lila Mohanty,Male,66,Yes,No,Uttar Pradesh,Lucknow,371171,Value,65+
C005488,Simon Bala,Female,33,No,No,Rajasthan,Jaipur,691178,Value,26-35
C005489,Falan Dugal,Female,59,No,No,Uttar Pradesh,Noida,887581,Premium,56-65
C005490,Lohit Subramaniam,Female,38,No,Yes,Uttar Pradesh,Agra,891862,Mass Market,36-45
C005491,Pahal Dasgupta,Male,27,No,No,Punjab,Amritsar,937840,Value,26-35
C005492,Neel Srinivas,Female,42,No,Yes,Rajasthan,Udaipur,195715,Mass Market,36-45
C005493,Warda Mall,Female,55,No,No,Rajasthan,Jaipur,210004,Mass Market,46-55
C005494,Ojas Bhat,Male,39,No,Yes,Punjab,Chandigarh,194065,Mass Market,36-45
C005495,Frederick Sankar,Male,66,Yes,Yes,Punjab,Chandigarh,859003,Mass Market,65+
C005496,Anthony Sachar,Male,65,Yes,No,Gujarat,Vadodara,86146,Value,56-65
C005497,Kalpit Date,Female,64,Yes,Yes,Gujarat,Surat,910274,Mass Market,56-65
C005498,Hredhaan Oommen,Female,63,Yes,No,Gujarat,Surat,378376,Value,56-65
C005499,Advika Dutt,Female,21,No,Yes,Madhya Pradesh,Bhopal,314701,Value,18-25
C005500,Tristan Mangal,Female,21,No,No,Gujarat,Surat,605629,High Value,18-25
C005501,Zaid Bhargava,Male,47,No,No,Punjab,Amritsar,669236,Value,46-55
C005502,Anay Patil,Male,19,No,No,Kerala,Kochi,13421,High Value,18-25
C005503,Watika Seth,Male,46,No,Yes,Uttar Pradesh,Lucknow,876302,Mass Market,46-55
C005504,Pallavi Morar,Male,60,Yes,Yes,Madhya Pradesh,Bhopal,281180,Premium,56-65
C005505,Kamala Savant,Male,53,No,No,Maharashtra,Nagpur,196885,Mass Market,46-55
C005506,Kamya Mane,Male,38,No,Yes,Madhya Pradesh,Bhopal,591358,Premium,36-45
C005507,Orinder Koshy,Male,38,No,Yes,Gujarat,Vadodara,637478,Mass Market,36-45
C005508,Varsha Cherian,Male,65,Yes,No,Rajasthan,Jodhpur,459198,Value,56-65
C005509,Zayan Shenoy,Male,38,No,No,Maharashtra,Pune,813391,Mass Market,36-45
C005510,Aarnav Choudhry,Male,21,No,Yes,Punjab,Amritsar,232882,Mass Market,18-25
C005511,Daniel Dani,Male,18,No,Yes,Punjab,Ludhiana,927541,Premium,18-25
C005512,Balvan Johal,Female,43,No,Yes,Gujarat,Ahmedabad,870554,High Value,36-45
C005513,Nitara Karpe,Female,68,Yes,No,Uttar Pradesh,Kanpur,54755,Mass Market,65+
C005514,Shivani Rastogi,Female,19,No,Yes,Gujarat,Surat,241369,High Value,18-25
C005515,Gautam Suresh,Male,26,No,No,Delhi,New Delhi,702499,Mass Market,26-35
C005516,Pallavi Varty,Female,62,Yes,Yes,Maharashtra,Nagpur,410717,Premium,56-65
C005517,Agastya Varughese,Female,35,No,Yes,Telangana,Hyderabad,896753,High Value,26-35
C005518,Jeevika Sem,Female,65,Yes,No,Gujarat,Ahmedabad,4545,Mass Market,56-65
C005519,Manbir Balasubramanian,Male,65,Yes,Yes,Madhya Pradesh,Bhopal,942753,Value,56-65
C005520,Hema Bhat,Female,59,No,No,Madhya Pradesh,Bhopal,373269,Mass Market,56-65
C005521,Frado Hayre,Female,58,No,No,Uttar Pradesh,Noida,372444,Mass Market,56-65
C005522,Nilima Sethi,Female,28,No,Yes,Tamil Nadu,Chennai,122695,Premium,26-35
C005523,Yatin Bhagat,Female,42,No,No,West Bengal,Howrah,436920,Value,36-45
C005524,Veer Natarajan,Male,43,No,No,Gujarat,Vadodara,912585,High Value,36-45
C005525,Champak Mani,Male,53,No,Yes,Gujarat,Vadodara,402970,Mass Market,46-55
C005526,Anya Swamy,Male,59,No,Yes,Uttar Pradesh,Noida,389706,Value,56-65
C005527,Ryan Rattan,Female,52,No,No,Tamil Nadu,Coimbatore,13748,Value,46-55
C005528,Ishaan Hegde,Male,55,No,Yes,Delhi,New Delhi,782637,High Value,46-55
C005529,Anay Saran,Male,20,No,No,Rajasthan,Udaipur,924610,Mass Market,18-25
C005530,Ikshita Wali,Male,58,No,No,Punjab,Chandigarh,993180,High Value,56-65
C005531,Sanya Sandhu,Male,52,No,Yes,Karnataka,Mysuru,479405,Value,46-55
C005532,Zehaan Taneja,Male,67,Yes,No,Uttar Pradesh,Kanpur,515949,Value,65+
C005533,Samarth Dara,Female,57,No,No,Tamil Nadu,Madurai,603562,Mass Market,56-65
C005534,Gauri Issac,Female,39,No,No,Maharashtra,Nagpur,61050,Premium,36-45
C005535,Neha Dugar,Male,25,No,No,Telangana,Warangal,917195,Value,18-25
C005536,Aachal Sarkar,Male,32,No,No,Uttar Pradesh,Noida,728177,Value,26-35
C005537,Rajeshri Dixit,Male,62,Yes,Yes,Maharashtra,Pune,89884,Value,56-65
C005538,Ira Bhatt,Female,24,No,No,Rajasthan,Udaipur,975311,Mass Market,18-25
C005539,Lakshit Soman,Male,36,No,No,Rajasthan,Jaipur,451643,Mass Market,36-45
C005540,Azad Bhandari,Male,57,No,No,Uttar Pradesh,Noida,982883,Premium,56-65
C005541,Neha Sachdeva,Male,59,No,No,Uttar Pradesh,Noida,700974,Mass Market,56-65
C005542,Harish Mukhopadhyay,Female,34,No,No,Gujarat,Surat,886828,Premium,26-35
C005543,Aryan Bir,Female,18,No,No,Tamil Nadu,Madurai,571988,Value,18-25
C005544,Chandresh Sekhon,Female,62,Yes,No,Kerala,Kochi,230755,Mass Market,56-65
C005545,Unni Dash,Female,46,No,Yes,Kerala,Thiruvananthapuram,861658,Value,46-55
C005546,Baljiwan Bahri,Male,30,No,No,West Bengal,Kolkata,130093,Value,26-35
C005547,Warinder Bir,Male,65,Yes,Yes,Uttar Pradesh,Noida,206462,Premium,56-65
C005548,Aarush Murty,Male,46,No,No,Tamil Nadu,Coimbatore,667298,Premium,46-55
C005549,Dominic Nadig,Male,58,No,Yes,Kerala,Kochi,619410,Mass Market,56-65
C005550,Brijesh Kumer,Male,59,No,Yes,Karnataka,Mangaluru,829638,High Value,56-65
C005551,Chameli Taneja,Male,23,No,Yes,Uttar Pradesh,Lucknow,264928,Value,18-25
C005552,Waida Kapur,Male,22,No,No,Madhya Pradesh,Indore,315122,Premium,18-25
C005553,Rushil Sheth,Female,51,No,No,Maharashtra,Nagpur,581772,Mass Market,46-55
C005554,Jai Sachdeva,Female,28,No,No,Maharashtra,Pune,578363,Mass Market,26-35
C005555,Brinda Chaudry,Female,26,No,Yes,Madhya Pradesh,Indore,812305,Value,26-35
C005556,Lavanya Chaudhary,Female,55,No,No,Punjab,Ludhiana,252600,Mass Market,46-55
C005557,Tarak Sundaram,Male,57,No,Yes,Kerala,Thiruvananthapuram,181230,High Value,56-65
C005558,Chandran Sundaram,Female,58,No,Yes,Telangana,Warangal,388801,Mass Market,56-65
C005559,Amaira Kothari,Male,26,No,No,Delhi,Delhi,212436,Mass Market,26-35
C005560,Owen Naidu,Female,25,No,No,West Bengal,Howrah,210107,Mass Market,18-25
C005561,Qadim Kade,Male,61,Yes,Yes,Delhi,Delhi,520500,Mass Market,56-65
C005562,Ishaan Sehgal,Female,57,No,No,West Bengal,Kolkata,197158,Value,56-65
C005563,Ekalinga Lalla,Male,20,No,No,Rajasthan,Jaipur,851115,Value,18-25
C005564,Raagini Dewan,Male,30,No,Yes,Kerala,Kochi,412250,Mass Market,26-35
C005565,Tanish Sibal,Female,36,No,Yes,Punjab,Chandigarh,128750,Mass Market,36-45
C005566,Yutika Sharma,Male,51,No,No,Rajasthan,Jaipur,670390,Mass Market,46-55
C005567,Hitesh Chakraborty,Female,49,No,Yes,Karnataka,Bengaluru,380799,Mass Market,46-55
C005568,Christopher Dutt,Female,66,Yes,No,Uttar Pradesh,Kanpur,493719,Premium,65+
C005569,Aashi Chandran,Female,33,No,No,Madhya Pradesh,Indore,45141,Premium,26-35
C005570,Wahab Pingle,Female,53,No,No,Madhya Pradesh,Indore,688175,Premium,46-55
C005571,Manan Choudhury,Female,35,No,No,Madhya Pradesh,Indore,109583,High Value,26-35
C005572,Sai Bains,Male,31,No,No,Gujarat,Vadodara,835912,Premium,26-35
C005573,Yashoda Balasubramanian,Female,47,No,Yes,Telangana,Hyderabad,536247,Value,46-55
C005574,Mohini Lad,Female,19,No,No,Rajasthan,Jodhpur,523347,Value,18-25
C005575,Lakshit Dyal,Female,30,No,No,Telangana,Hyderabad,91783,High Value,26-35
C005576,Siya Parekh,Male,44,No,Yes,Telangana,Warangal,636405,Value,36-45
C005577,Ria Tripathi,Female,70,Yes,No,Punjab,Chandigarh,881185,Mass Market,65+
C005578,Raksha Apte,Female,69,Yes,Yes,Rajasthan,Udaipur,771707,Value,65+
C005579,David Bal,Female,34,No,Yes,Telangana,Warangal,576627,High Value,26-35
C005580,Chakradhar Sahota,Male,48,No,No,Maharashtra,Nagpur,61042,Premium,46-55
C005581,Ekaja Solanki,Male,32,No,No,Gujarat,Ahmedabad,307353,Mass Market,26-35
C005582,Pranit Gulati,Male,37,No,No,Kerala,Thiruvananthapuram,828159,High Value,36-45
C005583,Frederick Mistry,Female,22,No,Yes,Rajasthan,Jodhpur,800786,High Value,18-25
C005584,Gavin Chad,Female,24,No,No,Karnataka,Mysuru,690085,Mass Market,18-25
C005585,Yasti Tata,Male,35,No,Yes,Delhi,New Delhi,475507,Premium,26-35
C005586,Noah Sampath,Male,28,No,No,Gujarat,Ahmedabad,814443,Premium,26-35
C005587,Ubika Ramanathan,Male,49,No,No,Maharashtra,Pune,469266,Mass Market,46-55
C005588,Chandresh Loke,Male,67,Yes,No,Punjab,Chandigarh,639519,Value,65+
C005589,Isha Karnik,Female,44,No,No,Tamil Nadu,Chennai,383349,Mass Market,36-45
C005590,Aarna Chakrabarti,Female,43,No,No,Gujarat,Surat,155299,Value,36-45
C005591,Isaiah Pant,Male,54,No,No,Rajasthan,Jaipur,777713,High Value,46-55
C005592,Chaitanya Talwar,Male,62,Yes,No,West Bengal,Howrah,899616,Value,56-65
C005593,Peter Sura,Male,45,No,No,Gujarat,Surat,13113,Value,36-45
C005594,Udarsh Nath,Female,67,Yes,No,Delhi,New Delhi,871879,High Value,65+
C005595,Irya Chhabra,Male,19,No,No,Kerala,Kochi,892930,High Value,18-25
C005596,Mitali Gopal,Male,37,No,No,Rajasthan,Jaipur,772584,Mass Market,36-45
C005597,Chakradev Sama,Male,21,No,Yes,Rajasthan,Jaipur,90625,High Value,18-25
C005598,Krisha Rajagopal,Female,30,No,Yes,Punjab,Chandigarh,946660,Mass Market,26-35
C005599,Alka Sanghvi,Female,41,No,No,Tamil Nadu,Coimbatore,68902,Mass Market,36-45
C005600,Amaira Sethi,Female,65,Yes,No,Karnataka,Mangaluru,528897,Premium,56-65
C005601,Max Bhattacharyya,Male,55,No,No,Kerala,Thiruvananthapuram,784070,Premium,46-55
C005602,Advay Dua,Male,57,No,Yes,Punjab,Amritsar,190241,Premium,56-65
C005603,Harsh Raju,Male,65,Yes,No,Rajasthan,Jodhpur,177237,Mass Market,56-65
C005604,Nathaniel Parekh,Female,62,Yes,No,Tamil Nadu,Coimbatore,309053,Mass Market,56-65
C005605,Niharika Maharaj,Male,46,No,No,Karnataka,Bengaluru,19251,High Value,46-55
C005606,Aadi Thakkar,Female,53,No,Yes,Uttar Pradesh,Agra,470485,Mass Market,46-55
C005607,Amaira Warrior,Female,19,No,No,Uttar Pradesh,Agra,23137,Mass Market,18-25
C005608,Yachana Kari,Female,58,No,No,Kerala,Kochi,471565,Premium,56-65
C005609,Rajata Devan,Male,35,No,Yes,West Bengal,Howrah,371500,Value,26-35
C005610,Megha Srinivasan,Male,66,Yes,Yes,Rajasthan,Udaipur,488382,Mass Market,65+
C005611,Sai Bir,Male,25,No,Yes,Tamil Nadu,Coimbatore,820120,Mass Market,18-25
C005612,Anthony Bhatnagar,Female,32,No,Yes,Tamil Nadu,Coimbatore,152620,Premium,26-35
C005613,Charita Borah,Female,58,No,No,Tamil Nadu,Madurai,679575,High Value,56-65
C005614,Isaiah Kothari,Male,34,No,Yes,Delhi,New Delhi,186972,Mass Market,26-35
C005615,Nihal Jayaraman,Male,40,No,Yes,Karnataka,Mangaluru,6973,Value,36-45
C005616,Hritik Kaul,Female,19,No,No,Rajasthan,Jaipur,587949,Mass Market,18-25
C005617,Vaishnavi Reddy,Female,23,No,No,Gujarat,Surat,315110,Premium,18-25
C005618,Harita Grover,Male,46,No,No,Uttar Pradesh,Agra,783135,Mass Market,46-55
C005619,Caleb Kumar,Female,44,No,Yes,West Bengal,Kolkata,190936,Premium,36-45
C005620,Yasti Chandra,Male,54,No,No,Gujarat,Ahmedabad,176588,Value,46-55
C005621,Gaurangi Bains,Male,66,Yes,No,Punjab,Amritsar,883760,Value,65+
C005622,Jagvi Mallick,Female,51,No,No,Telangana,Warangal,171255,Premium,46-55
C005623,Warhi Dhillon,Female,35,No,No,West Bengal,Kolkata,758493,Value,26-35
C005624,Jeet Chatterjee,Female,59,No,No,Telangana,Warangal,782640,Premium,56-65
C005625,Eesha Balay,Male,27,No,No,West Bengal,Kolkata,444340,Mass Market,26-35
C005626,Bimala Mahal,Female,55,No,No,Tamil Nadu,Chennai,885599,Mass Market,46-55
C005627,Omaja Ratti,Male,61,Yes,Yes,Delhi,Delhi,87717,Value,56-65
C005628,Upma Sule,Male,34,No,Yes,West Bengal,Howrah,663579,Value,26-35
C005629,Zaitra Date,Male,30,No,Yes,Rajasthan,Jodhpur,381868,Value,26-35
C005630,Benjamin Agate,Male,69,Yes,Yes,Madhya Pradesh,Bhopal,200738,Premium,65+
C005631,Triya Dhillon,Female,65,Yes,Yes,Punjab,Ludhiana,543701,Value,56-65
C005632,Anita Buch,Female,59,No,No,Delhi,Delhi,269928,Premium,56-65
C005633,Anika Sachdev,Male,44,No,Yes,Gujarat,Ahmedabad,224976,Value,36-45
C005634,Upkaar Narain,Male,70,Yes,No,Telangana,Warangal,934877,Mass Market,65+
C005635,Meera Puri,Male,19,No,No,Tamil Nadu,Coimbatore,13109,Mass Market,18-25
C005636,Pahal Yohannan,Male,51,No,Yes,Maharashtra,Mumbai,245311,Premium,46-55
C005637,Meghana Sarraf,Female,48,No,No,Gujarat,Vadodara,718265,Mass Market,46-55
C005638,Yashawini Raj,Female,40,No,Yes,Kerala,Kochi,271068,Mass Market,36-45
C005639,Gautam Narang,Male,24,No,No,Kerala,Thiruvananthapuram,666565,Mass Market,18-25
C005640,Advika Murthy,Male,55,No,No,Punjab,Amritsar,42910,Value,46-55
C005641,Indrajit Dash,Female,50,No,Yes,Rajasthan,Jodhpur,749736,Value,46-55
C005642,Pranit Bhardwaj,Female,29,No,No,Delhi,New Delhi,567121,Mass Market,26-35
C005643,Jalsa Koshy,Male,62,Yes,No,Maharashtra,Mumbai,498764,Value,56-65
C005644,Chaitanya Panchal,Male,29,No,Yes,Uttar Pradesh,Noida,557213,Mass Market,26-35
C005645,Ekavir Som,Female,36,No,No,Delhi,New Delhi,913968,Premium,36-45
C005646,Pahal Bhatia,Male,26,No,No,Rajasthan,Jodhpur,902829,Premium,26-35
C005647,Megha Johal,Male,27,No,Yes,Tamil Nadu,Coimbatore,672207,Value,26-35
C005648,Dipta Kothari,Female,34,No,No,Delhi,Delhi,135033,Value,26-35
C005649,Jeremiah Chaudhry,Female,67,Yes,Yes,Tamil Nadu,Coimbatore,689494,Mass Market,65+
C005650,Falak Pradhan,Female,57,No,No,Uttar Pradesh,Lucknow,783677,Premium,56-65
C005651,Ladli Sunder,Female,56,No,Yes,Gujarat,Ahmedabad,473245,Mass Market,56-65
C005652,Chandran Bakshi,Female,58,No,No,Karnataka,Mysuru,195549,Mass Market,56-65
C005653,Laban Misra,Male,27,No,No,Kerala,Kochi,847276,High Value,26-35
C005654,Praneel Batta,Male,29,No,Yes,Rajasthan,Jodhpur,412817,High Value,26-35
C005655,Krisha Prashad,Male,32,No,Yes,Maharashtra,Mumbai,171699,Premium,26-35
C005656,Radhika Sankar,Male,48,No,Yes,Uttar Pradesh,Kanpur,442839,High Value,46-55
C005657,Nirja Bedi,Female,32,No,No,Uttar Pradesh,Kanpur,324700,Premium,26-35
C005658,Rajata Lala,Female,45,No,Yes,Telangana,Hyderabad,295547,Premium,36-45
C005659,Akshay Mukhopadhyay,Female,21,No,No,Rajasthan,Udaipur,200731,Mass Market,18-25
C005660,Pallavi Patla,Female,53,No,No,Punjab,Amritsar,808068,High Value,46-55
C005661,Saanvi Oak,Male,18,No,No,Punjab,Chandigarh,423997,Premium,18-25
C005662,Shravya Morar,Male,61,Yes,Yes,Karnataka,Bengaluru,675329,Mass Market,56-65
C005663,Timothy Handa,Female,51,No,Yes,Gujarat,Ahmedabad,918759,Value,46-55
C005664,Pavani De,Female,64,Yes,No,Madhya Pradesh,Bhopal,588419,Mass Market,56-65
C005665,Kala Kuruvilla,Female,34,No,No,Madhya Pradesh,Bhopal,824641,High Value,26-35
C005666,Lakshmi De,Female,56,No,No,Rajasthan,Jaipur,880346,Value,56-65
C005667,Omya Nayar,Female,55,No,No,Punjab,Amritsar,6169,Mass Market,46-55
C005668,Chatura Chopra,Female,61,Yes,Yes,Uttar Pradesh,Agra,847381,Mass Market,56-65
C005669,Gaurika Palan,Male,68,Yes,No,Rajasthan,Udaipur,637072,High Value,65+
C005670,Chatresh Andra,Female,50,No,Yes,Uttar Pradesh,Noida,850822,Value,46-55
C005671,Naveen Grover,Female,38,No,No,Telangana,Warangal,163405,Value,36-45
C005672,Parth Doshi,Male,43,No,No,Madhya Pradesh,Bhopal,649859,Value,36-45
C005673,Pratyush Seth,Female,63,Yes,Yes,Maharashtra,Mumbai,175240,Mass Market,56-65
C005674,Vanya Som,Male,53,No,No,West Bengal,Kolkata,175504,Mass Market,46-55
C005675,Nandini Desai,Female,22,No,No,Punjab,Ludhiana,578141,Value,18-25
C005676,Ekalinga Ramakrishnan,Male,50,No,No,Kerala,Kochi,770153,Value,46-55
C005677,Hemang Brar,Female,18,No,Yes,Madhya Pradesh,Indore,879283,Mass Market,18-25
C005678,Avni Chaudhry,Male,70,Yes,Yes,Telangana,Hyderabad,912381,Value,65+
C005679,Kashish Thakur,Female,23,No,Yes,Maharashtra,Pune,874007,Mass Market,18-25
C005680,Zansi Rama,Male,54,No,Yes,Karnataka,Mangaluru,326284,High Value,46-55
C005681,Abeer Yadav,Male,19,No,No,West Bengal,Kolkata,237603,Mass Market,18-25
C005682,Hritik Som,Male,70,Yes,No,Punjab,Ludhiana,672944,Mass Market,65+
C005683,Vasana Talwar,Female,22,No,Yes,Karnataka,Mysuru,472226,Mass Market,18-25
C005684,Rohan Buch,Male,43,No,No,Maharashtra,Nagpur,728333,Mass Market,36-45
C005685,Ishita Sawhney,Male,58,No,No,West Bengal,Howrah,326032,Mass Market,56-65
C005686,Anjali Sehgal,Female,68,Yes,Yes,Rajasthan,Jodhpur,275617,Value,65+
C005687,Nilima Lall,Male,70,Yes,Yes,Tamil Nadu,Madurai,834417,Premium,65+
C005688,Pavani Borra,Female,64,Yes,Yes,Gujarat,Ahmedabad,98181,Mass Market,56-65
C005689,Indrajit Gala,Male,30,No,No,Karnataka,Bengaluru,424129,Value,26-35
C005690,Samar Wadhwa,Female,29,No,No,Tamil Nadu,Chennai,359752,High Value,26-35
C005691,Veer Srinivas,Male,22,No,No,Karnataka,Bengaluru,883209,Mass Market,18-25
C005692,Vedant Sani,Male,19,No,Yes,Delhi,New Delhi,974980,Premium,18-25
C005693,Libni Walia,Female,21,No,No,West Bengal,Howrah,929367,Mass Market,18-25
C005694,Triya Palla,Female,44,No,Yes,Madhya Pradesh,Indore,851455,Mass Market,36-45
C005695,Jyoti Lanka,Female,67,Yes,No,Punjab,Ludhiana,944442,Value,65+
C005696,Dayita Datta,Male,70,Yes,No,West Bengal,Howrah,372683,Mass Market,65+
C005697,Viraj Thakur,Male,27,No,Yes,Kerala,Thiruvananthapuram,334833,High Value,26-35
C005698,Zehaan Pathak,Male,30,No,No,Rajasthan,Udaipur,557378,Mass Market,26-35
C005699,Champak Balay,Female,61,Yes,No,Kerala,Kochi,139311,Value,56-65
C005700,Aachal Mody,Male,19,No,No,Maharashtra,Nashik,531264,Value,18-25
C005701,Bhavika Sibal,Male,43,No,Yes,Delhi,New Delhi,696757,Mass Market,36-45
C005702,Madhav Hegde,Male,32,No,No,Delhi,New Delhi,571715,Premium,26-35
C005703,Isaac Dey,Female,63,Yes,No,Kerala,Thiruvananthapuram,833335,Value,56-65
C005704,Mitesh Sem,Male,27,No,No,Karnataka,Mysuru,255013,Premium,26-35
C005705,Vyanjana Chad,Female,39,No,No,West Bengal,Howrah,841034,Premium,36-45
C005706,Raksha Rao,Male,57,No,No,West Bengal,Howrah,137320,Mass Market,56-65
C005707,Xavier Memon,Female,42,No,Yes,West Bengal,Kolkata,201738,Value,36-45
C005708,Vrishti Gara,Male,32,No,No,Maharashtra,Mumbai,260686,Mass Market,26-35
C005709,Rehaan Yohannan,Female,30,No,Yes,Delhi,New Delhi,630709,Mass Market,26-35
C005710,Omkaar Bora,Female,25,No,Yes,Rajasthan,Udaipur,488639,Mass Market,18-25
C005711,Irya Arora,Male,38,No,No,Uttar Pradesh,Kanpur,568192,High Value,36-45
C005712,Ekalinga Ram,Female,38,No,No,Madhya Pradesh,Indore,911029,Value,36-45
C005713,Benjamin Kumer,Male,39,No,No,West Bengal,Kolkata,938350,Mass Market,36-45
C005714,Robert Bali,Female,63,Yes,No,Maharashtra,Pune,275329,Mass Market,56-65
C005715,Victor Nair,Female,50,No,Yes,Kerala,Kochi,948632,Mass Market,46-55
C005716,Amara Karnik,Male,62,Yes,Yes,Telangana,Hyderabad,130653,Mass Market,56-65
C005717,Victor Mody,Male,44,No,No,Madhya Pradesh,Bhopal,239691,Mass Market,36-45
C005718,Balendra Chawla,Male,57,No,No,Rajasthan,Jaipur,866411,Mass Market,56-65
C005719,Meghana Sastry,Male,67,Yes,No,Tamil Nadu,Chennai,164465,Mass Market,65+
C005720,Yashasvi Mangat,Male,39,No,No,Maharashtra,Mumbai,396597,Value,36-45
C005721,Pavani Pai,Male,47,No,No,West Bengal,Howrah,690080,High Value,46-55
C005722,Arya Kumar,Male,26,No,No,Gujarat,Surat,470322,Value,26-35
C005723,Jagvi Lal,Female,62,Yes,Yes,Uttar Pradesh,Lucknow,8884,Premium,56-65
C005724,Prisha Bera,Male,52,No,No,Telangana,Hyderabad,913497,Mass Market,46-55
C005725,Janaki Bhatti,Male,35,No,No,Telangana,Hyderabad,105388,Premium,26-35
C005726,Teerth Seshadri,Female,59,No,No,Rajasthan,Jodhpur,129044,Mass Market,56-65
C005727,Alexander Nagi,Male,22,No,No,Telangana,Hyderabad,823616,Premium,18-25
C005728,Jatin Din,Male,44,No,No,Karnataka,Bengaluru,109728,Premium,36-45
C005729,Yadavi Vala,Male,23,No,No,West Bengal,Howrah,821210,Premium,18-25
C005730,Libni Sandal,Female,49,No,Yes,Tamil Nadu,Madurai,510609,Premium,46-55
C005731,Darsh Mohan,Female,25,No,No,Uttar Pradesh,Noida,849704,Value,18-25
C005732,Vasana Deol,Male,56,No,Yes,Tamil Nadu,Coimbatore,97766,Mass Market,56-65
C005733,Henry Mahal,Female,38,No,Yes,Uttar Pradesh,Kanpur,100945,Value,36-45
C005734,Laksh Kulkarni,Male,35,No,Yes,Gujarat,Ahmedabad,194223,Value,26-35
C005735,Viraj Bansal,Female,31,No,Yes,Gujarat,Ahmedabad,532714,Mass Market,26-35
C005736,Lakshmi Krishnan,Female,32,No,No,Punjab,Ludhiana,250762,Value,26-35
C005737,Amrita Deo,Female,59,No,No,Gujarat,Surat,327509,Value,56-65
C005738,Upkaar Sengupta,Male,43,No,Yes,West Bengal,Howrah,448317,Mass Market,36-45
C005739,Warinder Khanna,Male,70,Yes,No,Kerala,Thiruvananthapuram,936016,Value,65+
C005740,Matthew Chowdhury,Male,61,Yes,Yes,Punjab,Chandigarh,687630,Value,56-65
C005741,Ayushman Ramanathan,Female,49,No,No,Telangana,Warangal,372257,Mass Market,46-55
C005742,Shivansh Gera,Female,56,No,Yes,Telangana,Hyderabad,848363,Value,56-65
C005743,Simon Ganesh,Female,45,No,Yes,Uttar Pradesh,Kanpur,701389,High Value,36-45
C005744,Jairaj Basu,Female,56,No,Yes,Kerala,Thiruvananthapuram,29578,Premium,56-65
C005745,Alexander Goyal,Male,60,Yes,No,West Bengal,Kolkata,233586,Value,56-65
C005746,Parth Agate,Female,49,No,No,Punjab,Chandigarh,342234,Mass Market,46-55
C005747,Dev Vig,Female,30,No,Yes,Madhya Pradesh,Bhopal,264101,Mass Market,26-35
C005748,Triya Saraf,Female,32,No,Yes,Gujarat,Surat,423056,Mass Market,26-35
C005749,Ishwar Bath,Female,35,No,Yes,Maharashtra,Nashik,577606,Mass Market,26-35
C005750,Yashoda Srivastava,Female,56,No,No,West Bengal,Kolkata,251743,High Value,56-65
C005751,Jairaj Apte,Male,23,No,No,Gujarat,Vadodara,210843,High Value,18-25
C005752,Chakrika Gulati,Female,28,No,Yes,Kerala,Kochi,903169,Premium,26-35
C005753,Leela Chander,Male,49,No,Yes,Telangana,Hyderabad,466802,Mass Market,46-55
C005754,David Keer,Female,57,No,No,Rajasthan,Jaipur,874851,Mass Market,56-65
C005755,Eiravati Kohli,Female,37,No,No,West Bengal,Kolkata,766124,Value,36-45
C005756,Yashvi Batta,Male,50,No,No,Rajasthan,Jodhpur,685976,Value,46-55
C005757,Anya Sama,Female,57,No,Yes,Uttar Pradesh,Kanpur,469265,Value,56-65
C005758,Robert Murty,Male,25,No,No,Maharashtra,Nashik,282774,Value,18-25
C005759,Nilima Mutti,Male,68,Yes,No,Karnataka,Mangaluru,948254,Premium,65+
C005760,Bakhshi Aggarwal,Male,52,No,No,Delhi,Delhi,763447,Premium,46-55
C005761,Anay Shankar,Female,22,No,No,Karnataka,Mysuru,1376,Value,18-25
C005762,Qabil Aggarwal,Female,52,No,No,Punjab,Amritsar,528137,Premium,46-55
C005763,Arya Narayan,Female,64,Yes,No,Punjab,Amritsar,420465,Mass Market,56-65
C005764,Raksha Borde,Male,31,No,Yes,Delhi,Delhi,521705,Value,26-35
C005765,Anmol Batra,Female,38,No,No,Punjab,Chandigarh,267798,Mass Market,36-45
C005766,Rachita Ramakrishnan,Female,64,Yes,No,Gujarat,Vadodara,2030,Mass Market,56-65
C005767,Amruta Chanda,Male,41,No,No,Uttar Pradesh,Agra,330779,Mass Market,36-45
C005768,Agastya Ramaswamy,Male,34,No,Yes,Delhi,Delhi,12153,Mass Market,26-35
C005769,Chandani Chadha,Male,35,No,No,Telangana,Warangal,388409,High Value,26-35
C005770,Umang Manda,Female,51,No,No,Tamil Nadu,Chennai,550627,Value,46-55
C005771,Sanya Naik,Female,29,No,No,Tamil Nadu,Madurai,810631,High Value,26-35
C005772,Mohini Luthra,Female,33,No,Yes,Maharashtra,Pune,448066,Mass Market,26-35
C005773,Benjamin Virk,Male,21,No,Yes,Gujarat,Vadodara,646290,Mass Market,18-25
C005774,Jhalak Hayer,Female,42,No,Yes,Tamil Nadu,Coimbatore,516512,Value,36-45
C005775,Oni Jain,Male,51,No,No,Gujarat,Ahmedabad,547370,Mass Market,46-55
C005776,Lohit Purohit,Male,45,No,No,Telangana,Hyderabad,214152,Value,36-45
C005777,Nathaniel Rama,Female,63,Yes,No,Punjab,Chandigarh,877870,Value,56-65
C005778,Alexander Wable,Male,28,No,No,Gujarat,Ahmedabad,98545,Premium,26-35
C005779,Rachita Venkatesh,Female,30,No,No,Uttar Pradesh,Agra,693576,Value,26-35
C005780,Urmi Wadhwa,Male,48,No,No,Maharashtra,Mumbai,381235,Value,46-55
C005781,Elijah Patla,Female,42,No,No,Gujarat,Vadodara,336062,Mass Market,36-45
C005782,Kamala Sanghvi,Male,56,No,No,Maharashtra,Pune,376020,Premium,56-65
C005783,Janani Setty,Female,27,No,No,Kerala,Thiruvananthapuram,73736,Value,26-35
C005784,Suhani Purohit,Male,41,No,No,West Bengal,Howrah,803169,Mass Market,36-45
C005785,Warjas Date,Male,18,No,Yes,Telangana,Hyderabad,607904,Mass Market,18-25
C005786,Gagan Deo,Female,70,Yes,Yes,Gujarat,Surat,600559,Value,65+
C005787,Jagrati Sha,Male,42,No,No,West Bengal,Howrah,199493,High Value,36-45
C005788,Lajita Aurora,Female,45,No,No,Punjab,Amritsar,499161,Mass Market,36-45
C005789,Farhan Ahluwalia,Female,53,No,No,Tamil Nadu,Madurai,902879,Premium,46-55
C005790,Liam Bora,Male,35,No,Yes,Uttar Pradesh,Noida,622555,Value,26-35
C005791,Jalsa Nayak,Male,23,No,No,Rajasthan,Jaipur,419450,Value,18-25
C005792,Jacob Sharma,Female,19,No,No,Karnataka,Mangaluru,660363,High Value,18-25
C005793,Tanmayi Mannan,Female,20,No,No,Maharashtra,Pune,91616,Value,18-25
C005794,Lakshit Sura,Female,63,Yes,No,Punjab,Amritsar,133363,Premium,56-65
C005795,Lekha Goyal,Male,25,No,No,Madhya Pradesh,Bhopal,528043,Value,18-25
C005796,Gopal Dhillon,Female,48,No,No,Rajasthan,Jodhpur,264445,Mass Market,46-55
C005797,George Rau,Male,65,Yes,No,Telangana,Hyderabad,649461,Value,56-65
C005798,Rajata Lata,Female,36,No,Yes,West Bengal,Howrah,286815,High Value,36-45
C005799,Nicholas Dhaliwal,Female,67,Yes,Yes,Telangana,Warangal,567407,Premium,65+
C005800,Gaurika Vala,Male,23,No,Yes,West Bengal,Howrah,917906,Mass Market,18-25
C005801,Shivani Bera,Male,31,No,Yes,Maharashtra,Mumbai,812570,Mass Market,26-35
C005802,Jeevika Lata,Male,20,No,Yes,Maharashtra,Mumbai,29822,Value,18-25
C005803,Henry Pal,Male,65,Yes,Yes,Delhi,Delhi,897147,Value,56-65
C005804,Kashish Sunder,Female,18,No,Yes,Tamil Nadu,Coimbatore,675965,Mass Market,18-25
C005805,Eiravati Saran,Male,61,Yes,Yes,Punjab,Ludhiana,2197,Mass Market,56-65
C005806,Aarnav Dhaliwal,Male,47,No,Yes,Madhya Pradesh,Indore,647048,Premium,46-55
C005807,Jeevika Taneja,Male,63,Yes,Yes,Gujarat,Ahmedabad,16561,Premium,56-65
C005808,Andrew Bawa,Female,36,No,No,Delhi,New Delhi,466256,Premium,36-45
C005809,Mohini Kanda,Female,36,No,No,Maharashtra,Nagpur,125162,High Value,36-45
C005810,Nimrat Maharaj,Male,26,No,Yes,Uttar Pradesh,Kanpur,261422,Mass Market,26-35
C005811,Tripti Garg,Male,24,No,No,West Bengal,Howrah,746978,Premium,18-25
C005812,Laban Mallick,Female,63,Yes,No,Rajasthan,Jodhpur,136819,Value,56-65
C005813,Peter Thakur,Female,54,No,No,Gujarat,Ahmedabad,804463,High Value,46-55
C005814,Falak Mammen,Male,67,Yes,Yes,Uttar Pradesh,Noida,800272,Mass Market,65+
C005815,Dalbir Chakraborty,Male,58,No,No,Rajasthan,Jodhpur,714112,Mass Market,56-65
C005816,Zinal Varughese,Male,70,Yes,Yes,Telangana,Hyderabad,290588,Premium,65+
C005817,Naveen Lala,Male,24,No,Yes,Tamil Nadu,Madurai,193626,High Value,18-25
C005818,Wridesh Chana,Female,26,No,Yes,Delhi,Delhi,134946,Premium,26-35
C005819,Oni Bora,Female,21,No,Yes,Maharashtra,Nagpur,781829,Premium,18-25
C005820,Kashvi Ahuja,Male,42,No,No,Gujarat,Surat,219385,Mass Market,36-45
C005821,Dominic Bhargava,Female,66,Yes,No,Karnataka,Mysuru,229311,Premium,65+
C005822,Daniel Chand,Male,29,No,No,Punjab,Amritsar,231154,Premium,26-35
C005823,Kamya Agarwal,Female,23,No,Yes,Telangana,Hyderabad,970499,Premium,18-25
C005824,Ubika Chopra,Female,35,No,Yes,Maharashtra,Nagpur,120605,Value,26-35
C005825,Divya Grewal,Male,57,No,Yes,Gujarat,Vadodara,954328,Mass Market,56-65
C005826,Faris Bassi,Male,38,No,Yes,Rajasthan,Udaipur,512993,Value,36-45
C005827,Utkarsh Sastry,Female,32,No,No,Madhya Pradesh,Bhopal,884310,Value,26-35
C005828,Laban Iyengar,Male,20,No,No,Telangana,Hyderabad,491487,High Value,18-25
C005829,Bachittar Shere,Male,19,No,No,Madhya Pradesh,Indore,427300,Value,18-25
C005830,Qushi Murthy,Male,58,No,No,Rajasthan,Udaipur,18870,Value,56-65
C005831,Aayush Sule,Female,57,No,No,Punjab,Amritsar,983292,High Value,56-65
C005832,Gabriel Thaman,Male,21,No,No,Madhya Pradesh,Bhopal,11628,Mass Market,18-25
C005833,Falak Memon,Female,49,No,No,Karnataka,Mysuru,168073,Mass Market,46-55
C005834,Lohit Vig,Male,19,No,No,Punjab,Chandigarh,819750,Value,18-25
C005835,Odika Kala,Female,63,Yes,No,West Bengal,Kolkata,721889,Mass Market,56-65
C005836,Hemangini Deep,Female,46,No,No,Karnataka,Mysuru,665056,Mass Market,46-55
C005837,Arya Sodhi,Female,19,No,Yes,Gujarat,Ahmedabad,534002,Premium,18-25
C005838,Odika Chakrabarti,Male,51,No,No,Telangana,Warangal,716172,Value,46-55
C005839,Urvi Jain,Female,44,No,No,Gujarat,Surat,753995,Mass Market,36-45
C005840,Fitan Kala,Female,56,No,No,West Bengal,Kolkata,316118,Mass Market,56-65
C005841,Balendra Kuruvilla,Male,61,Yes,No,Rajasthan,Udaipur,981421,Mass Market,56-65
C005842,Chakradev Dube,Male,55,No,Yes,Gujarat,Vadodara,929300,Value,46-55
C005843,Neha Kapadia,Male,35,No,No,Telangana,Warangal,492294,Mass Market,26-35
C005844,Ekapad Sidhu,Male,53,No,Yes,Uttar Pradesh,Noida,897616,Premium,46-55
C005845,Tanay Parsa,Female,36,No,Yes,West Bengal,Kolkata,118570,Value,36-45
C005846,Aahana Viswanathan,Male,44,No,No,Uttar Pradesh,Kanpur,109207,Mass Market,36-45
C005847,Geetika Doshi,Male,62,Yes,Yes,Karnataka,Mangaluru,786655,Mass Market,56-65
C005848,Darpan Ravi,Female,37,No,No,Tamil Nadu,Coimbatore,195572,Value,36-45
C005849,Radhika Barad,Male,38,No,No,Maharashtra,Mumbai,341386,Mass Market,36-45
C005850,Sara Hari,Male,40,No,Yes,Punjab,Ludhiana,176737,Value,36-45
C005851,Zayan Mistry,Male,47,No,No,Kerala,Thiruvananthapuram,725906,High Value,46-55
C005852,Chavvi Goel,Female,42,No,No,Rajasthan,Jaipur,593121,Mass Market,36-45
C005853,Vedant Raja,Female,48,No,Yes,Maharashtra,Nashik,100999,Mass Market,46-55
C005854,Nidra Devi,Female,44,No,No,Maharashtra,Pune,299824,Premium,36-45
C005855,Ganga Natt,Male,51,No,No,West Bengal,Howrah,131103,Mass Market,46-55
C005856,Sanaya Sawhney,Female,25,No,No,Punjab,Ludhiana,807710,Mass Market,18-25
C005857,Chandresh Ramaswamy,Male,36,No,No,Rajasthan,Jodhpur,204593,Mass Market,36-45
C005858,Saumya Nayak,Male,58,No,No,Karnataka,Bengaluru,959638,High Value,56-65
C005859,Fariq Patla,Male,43,No,No,Delhi,Delhi,535468,High Value,36-45
C005860,Nathaniel Jha,Female,45,No,No,West Bengal,Kolkata,966230,Mass Market,36-45
C005861,Aditya Bandi,Male,21,No,Yes,Madhya Pradesh,Indore,373637,Value,18-25
C005862,Ekta Chhabra,Male,48,No,No,Tamil Nadu,Coimbatore,708151,Mass Market,46-55
C005863,Wakeeta More,Male,33,No,Yes,Maharashtra,Mumbai,778336,Value,26-35
C005864,Harsh Kaur,Male,68,Yes,No,Delhi,New Delhi,614464,Mass Market,65+
C005865,Fiyaz Chaudhry,Female,27,No,No,Karnataka,Bengaluru,575310,Mass Market,26-35
C005866,Yashica Rama,Male,55,No,No,Gujarat,Surat,266897,Premium,46-55
C005867,Anirudh Dhar,Female,65,Yes,Yes,Maharashtra,Mumbai,275714,Mass Market,56-65
C005868,Chakrika Saxena,Male,27,No,No,Rajasthan,Jodhpur,255291,Mass Market,26-35
C005869,Chatura Goel,Female,62,Yes,Yes,Delhi,New Delhi,539794,Premium,56-65
C005870,Arjun Ravi,Female,26,No,No,Tamil Nadu,Chennai,740158,Premium,26-35
C005871,Vivaan Murty,Male,56,No,No,Rajasthan,Jodhpur,684927,Value,56-65
C005872,Fiyaz Goel,Male,53,No,No,Tamil Nadu,Coimbatore,545283,High Value,46-55
C005873,Fitan Deshmukh,Female,68,Yes,Yes,Rajasthan,Udaipur,402308,Value,65+
C005874,Raksha Murthy,Female,53,No,No,Gujarat,Vadodara,229439,Mass Market,46-55
C005875,Daniel Anne,Male,36,No,No,West Bengal,Howrah,150102,Mass Market,36-45
C005876,Omisha Bedi,Male,36,No,No,Rajasthan,Jodhpur,941429,Mass Market,36-45
C005877,Ekaja Choudhry,Female,29,No,No,Karnataka,Bengaluru,94017,Mass Market,26-35
C005878,Tanish Goswami,Female,30,No,Yes,Kerala,Kochi,491928,Value,26-35
C005879,Aashi Sarraf,Male,42,No,No,Tamil Nadu,Madurai,249511,Mass Market,36-45
C005880,Azad Sarma,Male,53,No,No,Madhya Pradesh,Indore,967024,Value,46-55
C005881,Caleb Tailor,Male,42,No,No,West Bengal,Kolkata,169934,Mass Market,36-45
C005882,Saanvi Halder,Female,45,No,No,Uttar Pradesh,Lucknow,877629,Mass Market,36-45
C005883,Ubika Bawa,Male,59,No,Yes,Gujarat,Surat,467930,Value,56-65
C005884,Jasmit Bala,Female,70,Yes,No,Madhya Pradesh,Bhopal,217821,Mass Market,65+
C005885,Dominic Bava,Male,56,No,Yes,Maharashtra,Mumbai,790068,Mass Market,56-65
C005886,Maya Mani,Male,47,No,No,Punjab,Chandigarh,642873,High Value,46-55
C005887,Daksha Arora,Female,22,No,No,Rajasthan,Jodhpur,576358,Premium,18-25
C005888,Jagat Aggarwal,Female,34,No,No,Gujarat,Ahmedabad,311135,Value,26-35
C005889,Ijaya Date,Female,35,No,No,Maharashtra,Mumbai,925867,Value,26-35
C005890,Tanish Sangha,Male,60,Yes,Yes,Telangana,Warangal,564431,Value,56-65
C005891,Yashawini Mane,Female,64,Yes,Yes,Gujarat,Surat,281561,Mass Market,56-65
C005892,Ekbal Mital,Female,38,No,Yes,Madhya Pradesh,Indore,682332,Mass Market,36-45
C005893,Timothy Nayar,Male,39,No,Yes,Maharashtra,Mumbai,460846,Value,36-45
C005894,Jagrati Pal,Male,56,No,No,Madhya Pradesh,Bhopal,407248,Mass Market,56-65
C005895,Kashvi Oak,Male,67,Yes,Yes,Tamil Nadu,Chennai,187999,Mass Market,65+
C005896,Chakradev Pathak,Male,23,No,No,Karnataka,Mangaluru,179084,Mass Market,18-25
C005897,Ekavir Bandi,Female,67,Yes,No,West Bengal,Howrah,527711,Mass Market,65+
C005898,Nikita Sur,Male,33,No,No,Rajasthan,Udaipur,275073,High Value,26-35
C005899,Anirudh Rao,Female,19,No,No,Karnataka,Bengaluru,132040,Mass Market,18-25
C005900,Daniel Borah,Male,68,Yes,Yes,Madhya Pradesh,Bhopal,322362,Mass Market,65+
C005901,Reva Sood,Female,18,No,Yes,Karnataka,Bengaluru,979911,Value,18-25
C005902,Chaitanya Khurana,Male,47,No,Yes,Punjab,Chandigarh,307366,Value,46-55
C005903,Xiti Loke,Male,60,Yes,No,Karnataka,Mysuru,967197,Value,56-65
C005904,Tejas Hari,Male,69,Yes,No,Punjab,Ludhiana,978162,Value,65+
C005905,Damyanti Prasad,Male,54,No,Yes,Gujarat,Vadodara,671416,Value,46-55
C005906,Ansh Agate,Female,65,Yes,No,Gujarat,Surat,659700,Premium,56-65
C005907,Vritti Shanker,Male,40,No,Yes,Karnataka,Mysuru,321271,Mass Market,36-45
C005908,Naksh Natt,Female,18,No,No,Gujarat,Vadodara,151970,Mass Market,18-25
C005909,Abhiram Kamdar,Male,36,No,No,Uttar Pradesh,Lucknow,273167,High Value,36-45
C005910,Ijaya Apte,Male,63,Yes,No,Punjab,Ludhiana,499284,Mass Market,56-65
C005911,Wakeeta Kala,Male,20,No,No,Rajasthan,Jaipur,678617,Mass Market,18-25
C005912,Dhriti Kumer,Female,19,No,No,Punjab,Chandigarh,54851,Mass Market,18-25
C005913,Mahika Gour,Female,54,No,No,West Bengal,Howrah,61268,Mass Market,46-55
C005914,Hitesh Sharaf,Male,34,No,Yes,West Bengal,Kolkata,370144,Mass Market,26-35
C005915,Qarin Bhat,Male,45,No,No,Rajasthan,Jaipur,715892,Mass Market,36-45
C005916,Mason Kanda,Male,35,No,No,West Bengal,Kolkata,812598,Mass Market,26-35
C005917,Darika Narayanan,Female,50,No,Yes,Karnataka,Bengaluru,399197,Mass Market,46-55
C005918,Ekaraj Aurora,Female,32,No,No,Rajasthan,Udaipur,686421,Mass Market,26-35
C005919,Balveer Sama,Male,39,No,Yes,Rajasthan,Jodhpur,112610,Premium,36-45
C005920,Ishani Konda,Female,58,No,Yes,Maharashtra,Nagpur,282775,Premium,56-65
C005921,Odika Uppal,Male,44,No,No,Madhya Pradesh,Bhopal,539983,Value,36-45
C005922,Xavier Atwal,Female,54,No,No,Tamil Nadu,Chennai,673264,High Value,46-55
C005923,Jackson Chakrabarti,Male,49,No,Yes,Tamil Nadu,Madurai,667730,Value,46-55
C005924,Maya Sawhney,Female,62,Yes,No,Maharashtra,Nagpur,423527,Premium,56-65
C005925,Laban Ahuja,Male,36,No,No,Gujarat,Vadodara,340716,Mass Market,36-45
C005926,Gaurika Shan,Female,45,No,Yes,Gujarat,Ahmedabad,766478,Premium,36-45
C005927,Shravya Naik,Female,45,No,No,Kerala,Kochi,860564,High Value,36-45
C005928,Gagan Garg,Female,27,No,No,Telangana,Hyderabad,310666,Mass Market,26-35
C005929,Devika Ganesh,Female,37,No,Yes,Gujarat,Surat,297294,Value,36-45
C005930,Chakradhar Kashyap,Female,42,No,No,Gujarat,Vadodara,135609,Premium,36-45
C005931,Oni Gola,Male,38,No,Yes,Maharashtra,Nagpur,148068,Mass Market,36-45
C005932,Lohit Shankar,Male,31,No,No,Tamil Nadu,Madurai,65950,Value,26-35
C005933,Irya Verma,Male,39,No,No,Delhi,Delhi,632623,Mass Market,36-45
C005934,Faras Kumer,Female,70,Yes,Yes,West Bengal,Kolkata,505432,Mass Market,65+
C005935,Ubika Bakshi,Male,43,No,No,Uttar Pradesh,Noida,602784,Mass Market,36-45
C005936,Aarav Saxena,Female,61,Yes,No,Uttar Pradesh,Lucknow,240683,Value,56-65
C005937,Gavin Padmanabhan,Female,28,No,Yes,Punjab,Ludhiana,594587,Value,26-35
C005938,Upkaar Ahuja,Male,24,No,No,Uttar Pradesh,Lucknow,230710,High Value,18-25
C005939,Ranbir Sankar,Male,34,No,Yes,Punjab,Chandigarh,640067,Value,26-35
C005940,Hardik Garg,Male,35,No,No,West Bengal,Howrah,158679,Mass Market,26-35
C005941,Ira Vohra,Male,24,No,No,West Bengal,Kolkata,240874,Mass Market,18-25
C005942,Vrinda Agrawal,Male,37,No,No,Maharashtra,Mumbai,550757,Premium,36-45
C005943,Girindra Saraf,Male,55,No,No,Punjab,Ludhiana,449639,Value,46-55
C005944,Isaac Thakur,Female,28,No,No,Punjab,Ludhiana,148196,Premium,26-35
C005945,Siddharth Wason,Female,61,Yes,No,Gujarat,Ahmedabad,240436,Mass Market,56-65
C005946,Gaurangi Bumb,Male,33,No,No,Tamil Nadu,Madurai,451916,Value,26-35
C005947,Ubika Singhal,Male,68,Yes,No,Rajasthan,Udaipur,22265,Mass Market,65+
C005948,Girindra Raj,Male,44,No,No,Rajasthan,Udaipur,799266,Mass Market,36-45
C005949,Chandresh Nori,Female,68,Yes,Yes,Punjab,Amritsar,434178,Premium,65+
C005950,Varenya Warrior,Female,28,No,No,Telangana,Warangal,480896,Value,26-35
C005951,Ekalinga Prashad,Male,33,No,No,Maharashtra,Nagpur,861469,Mass Market,26-35
C005952,Yashoda Srinivasan,Male,40,No,No,Gujarat,Surat,119368,Premium,36-45
C005953,Yashodhara Majumdar,Female,29,No,No,Madhya Pradesh,Bhopal,574122,Value,26-35
C005954,Deepa Bera,Female,57,No,Yes,Maharashtra,Pune,670444,Mass Market,56-65
C005955,Yoshita Devi,Male,20,No,No,Tamil Nadu,Madurai,186941,High Value,18-25
C005956,Vansha Gaba,Female,19,No,Yes,Tamil Nadu,Madurai,904080,Mass Market,18-25
C005957,Chatura Goel,Male,55,No,No,Karnataka,Mangaluru,283557,Premium,46-55
C005958,Chaitaly Yadav,Male,65,Yes,No,Tamil Nadu,Chennai,427093,Premium,56-65
C005959,Veer Deshmukh,Female,69,Yes,No,Gujarat,Surat,912125,Mass Market,65+
C005960,Daniel Krishnan,Female,41,No,No,Tamil Nadu,Madurai,353241,Value,36-45
C005961,Arunima Mallick,Male,46,No,No,Maharashtra,Pune,666206,Mass Market,46-55
C005962,Arya Kakar,Female,64,Yes,No,Kerala,Kochi,660902,Mass Market,56-65
C005963,Imaran Bhatti,Male,63,Yes,No,Kerala,Thiruvananthapuram,411112,Premium,56-65
C005964,Jagvi Hayre,Female,51,No,Yes,West Bengal,Kolkata,150261,Mass Market,46-55
C005965,Jonathan Arya,Male,37,No,No,Karnataka,Mysuru,542771,Mass Market,36-45
C005966,Balendra Johal,Female,35,No,No,West Bengal,Howrah,104528,Value,26-35
C005967,Aradhana Dixit,Female,31,No,No,Tamil Nadu,Madurai,646880,Value,26-35
C005968,Karan De,Male,35,No,No,Kerala,Thiruvananthapuram,495260,Value,26-35
C005969,Widisha Parmer,Female,19,No,No,Karnataka,Mysuru,185464,Premium,18-25
C005970,Harshil Kohli,Female,18,No,Yes,Punjab,Chandigarh,372811,Value,18-25
C005971,Rishi Barman,Female,37,No,Yes,Gujarat,Ahmedabad,231448,Premium,36-45
C005972,Yahvi Chander,Male,51,No,No,Maharashtra,Pune,366802,Mass Market,46-55
C005973,Gautami Batta,Female,58,No,Yes,Gujarat,Vadodara,548599,Value,56-65
C005974,Zehaan Randhawa,Female,58,No,Yes,Telangana,Warangal,526570,Mass Market,56-65
C005975,Aarnav Bhandari,Male,65,Yes,No,Telangana,Warangal,562844,High Value,56-65
C005976,Vihaan Sarraf,Female,28,No,No,Tamil Nadu,Coimbatore,290811,Value,26-35
C005977,Tripti Parekh,Male,44,No,No,Uttar Pradesh,Noida,96293,High Value,36-45
C005978,Gopal Yogi,Male,40,No,Yes,Maharashtra,Nagpur,613615,Premium,36-45
C005979,Kevin Bobal,Male,55,No,No,Karnataka,Mysuru,3749,Premium,46-55
C005980,Neel Chakraborty,Female,61,Yes,No,Punjab,Ludhiana,120969,Value,56-65
C005981,Ethan Singh,Female,20,No,No,Telangana,Warangal,7757,Value,18-25
C005982,Kritika Baria,Male,29,No,No,Delhi,New Delhi,555623,Value,26-35
C005983,Tejas Dar,Female,47,No,No,Uttar Pradesh,Lucknow,764691,Mass Market,46-55
C005984,Adya Kota,Male,48,No,No,Punjab,Ludhiana,578590,High Value,46-55
C005985,Ekalinga Ram,Male,40,No,No,West Bengal,Kolkata,198095,Premium,36-45
C005986,Nicholas Dora,Male,18,No,No,Maharashtra,Nagpur,560326,Premium,18-25
C005987,Samaksh Dani,Female,58,No,Yes,Uttar Pradesh,Agra,251031,Value,56-65
C005988,Vidhi Atwal,Female,37,No,Yes,Gujarat,Surat,308703,Mass Market,36-45
C005989,Jeevika Ravi,Female,23,No,No,Delhi,New Delhi,24677,Value,18-25
C005990,Omisha Ramaswamy,Female,28,No,No,Maharashtra,Nagpur,968870,Mass Market,26-35
C005991,Banjeet Rajagopal,Male,52,No,No,Gujarat,Surat,410809,Premium,46-55
C005992,Meera Dua,Male,21,No,No,West Bengal,Kolkata,72996,Premium,18-25
C005993,Yauvani Ramesh,Male,46,No,Yes,Madhya Pradesh,Indore,224855,Mass Market,46-55
C005994,Janaki Bhasin,Male,27,No,No,Gujarat,Surat,570343,Value,26-35
C005995,Bhavini Kumar,Male,68,Yes,Yes,West Bengal,Kolkata,917100,Value,65+
C005996,Balhaar Sastry,Female,46,No,No,Gujarat,Surat,570583,Value,46-55
C005997,Mahika Hegde,Male,55,No,No,Rajasthan,Udaipur,494374,Value,46-55
C005998,Ranbir Kar,Female,18,No,No,Delhi,New Delhi,506368,Mass Market,18-25
C005999,Hemangini Anand,Male,57,No,No,Uttar Pradesh,Kanpur,399286,Mass Market,56-65
C006000,Krisha Ganesh,Male,25,No,No,Uttar Pradesh,Agra,693411,Premium,18-25
C006001,Ranveer Dayal,Female,55,No,No,Punjab,Ludhiana,256416,Mass Market,46-55
C006002,Lekha Desai,Male,34,No,No,Uttar Pradesh,Agra,64330,Premium,26-35
C006003,Jacob Chakrabarti,Female,36,No,No,West Bengal,Kolkata,406965,Value,36-45
C006004,Manan Kumer,Female,50,No,No,Uttar Pradesh,Noida,482682,High Value,46-55
C006005,Nirja Devan,Male,32,No,No,Maharashtra,Pune,256393,High Value,26-35
C006006,Ekani Lata,Female,62,Yes,No,Karnataka,Mysuru,92241,Value,56-65
C006007,Harrison Varma,Male,48,No,Yes,Delhi,Delhi,771553,Value,46-55
C006008,Waida Chaudhari,Male,38,No,Yes,Punjab,Chandigarh,731742,Value,36-45
C006009,Manbir Khatri,Female,20,No,No,Maharashtra,Nagpur,152192,Mass Market,18-25
C006010,Frado Rai,Male,19,No,No,Tamil Nadu,Chennai,936099,Mass Market,18-25
C006011,Thomas Iyer,Female,52,No,No,Maharashtra,Nashik,73995,Value,46-55
C006012,Wriddhish Desai,Female,58,No,No,Karnataka,Mysuru,131039,Premium,56-65
C006013,Triveni Grover,Female,33,No,Yes,Gujarat,Vadodara,886359,Mass Market,26-35
C006014,Dakshesh Patla,Male,62,Yes,No,Gujarat,Surat,123075,Value,56-65
C006015,Umang Korpal,Male,68,Yes,No,Karnataka,Mangaluru,745377,Value,65+
C006016,Samaksh Banerjee,Female,67,Yes,No,Telangana,Hyderabad,964225,High Value,65+
C006017,Faras Brar,Male,38,No,No,West Bengal,Kolkata,385160,Mass Market,36-45
C006018,Xalak Ravi,Male,29,No,Yes,Gujarat,Vadodara,121914,Mass Market,26-35
C006019,Kashvi Loke,Male,45,No,Yes,Punjab,Amritsar,238145,High Value,36-45
C006020,Unni Ramakrishnan,Male,29,No,No,Delhi,New Delhi,32741,Mass Market,26-35
C006021,Xalak Narayanan,Male,50,No,No,Uttar Pradesh,Agra,464225,Value,46-55
C006022,Neelima Loyal,Female,37,No,No,Gujarat,Ahmedabad,922719,Value,36-45
C006023,Ryan Patel,Female,57,No,No,Delhi,Delhi,74411,Mass Market,56-65
C006024,Rajeshri Prabhakar,Male,66,Yes,Yes,West Bengal,Howrah,862978,Value,65+
C006025,Anika Ramaswamy,Male,38,No,No,Punjab,Amritsar,284538,Premium,36-45
C006026,Yadavi Raja,Male,69,Yes,No,Punjab,Chandigarh,291660,Mass Market,65+
C006027,Raagini Joshi,Female,56,No,No,Madhya Pradesh,Bhopal,9893,Mass Market,56-65
C006028,Jonathan Brar,Male,58,No,No,Madhya Pradesh,Indore,870172,Value,56-65
C006029,Hemal Mangal,Female,66,Yes,No,Telangana,Warangal,518474,Value,65+
C006030,Anthony Wason,Male,59,No,No,Maharashtra,Nashik,543,Value,56-65
C006031,Gaurangi Mohan,Female,53,No,Yes,Madhya Pradesh,Indore,222649,High Value,46-55
C006032,Harita Goyal,Male,39,No,No,Uttar Pradesh,Lucknow,327244,High Value,36-45
C006033,Luke Naidu,Female,43,No,No,Punjab,Amritsar,38934,Mass Market,36-45
C006034,Lakshmi Ranganathan,Male,24,No,No,Madhya Pradesh,Bhopal,649952,Mass Market,18-25
C006035,Sanya Gopal,Female,24,No,No,Rajasthan,Jodhpur,253774,Mass Market,18-25
C006036,Wriddhish Arya,Male,25,No,No,Tamil Nadu,Coimbatore,267164,High Value,18-25
C006037,Anya Deshpande,Female,43,No,No,Karnataka,Mangaluru,351454,Mass Market,36-45
C006038,Jhalak Dani,Female,41,No,No,Telangana,Hyderabad,260553,Value,36-45
C006039,Pratyush Rajan,Male,41,No,Yes,Karnataka,Bengaluru,558859,Premium,36-45
C006040,Bhavika Ben,Female,57,No,Yes,Madhya Pradesh,Indore,890347,Value,56-65
C006041,Rohan Kota,Female,65,Yes,Yes,Rajasthan,Jaipur,449958,Mass Market,56-65
C006042,Ojasvi Dada,Male,29,No,No,Tamil Nadu,Madurai,391113,Value,26-35
C006043,Edhitha More,Male,64,Yes,Yes,Punjab,Amritsar,832121,Value,56-65
C006044,Daksh Sethi,Male,25,No,No,Rajasthan,Jaipur,176251,Premium,18-25
C006045,Thomas Shankar,Female,26,No,Yes,Maharashtra,Pune,310298,Value,26-35
C006046,Hemang Badami,Female,20,No,No,Uttar Pradesh,Noida,312652,Mass Market,18-25
C006047,Jairaj Tandon,Male,38,No,No,Punjab,Ludhiana,7498,Mass Market,36-45
C006048,Oliver Dhar,Male,48,No,No,Madhya Pradesh,Bhopal,105484,Premium,46-55
C006049,Fariq Pillay,Female,65,Yes,Yes,Karnataka,Mysuru,438008,Premium,56-65
C006050,George Mand,Female,64,Yes,Yes,Maharashtra,Nashik,665815,Mass Market,56-65
C006051,Naksh Kadakia,Male,41,No,No,Karnataka,Bengaluru,936223,Mass Market,36-45
C006052,Ati Goda,Female,21,No,No,Delhi,New Delhi,936469,Value,18-25
C006053,Yashasvi Sharma,Male,37,No,No,West Bengal,Howrah,494659,Value,36-45
C006054,Amara Tara,Male,33,No,No,Madhya Pradesh,Bhopal,54888,Mass Market,26-35
C006055,Isaiah Tank,Female,27,No,Yes,Telangana,Warangal,73257,Value,26-35
C006056,Nihal Bakshi,Male,60,Yes,Yes,West Bengal,Howrah,629077,High Value,56-65
C006057,Harita Divan,Male,43,No,No,Karnataka,Mangaluru,692523,Value,36-45
C006058,Sai Shere,Male,46,No,No,Gujarat,Surat,99662,Value,46-55
C006059,Kevin Sani,Female,22,No,Yes,West Bengal,Kolkata,250701,Premium,18-25
C006060,Ekiya Ray,Female,28,No,No,West Bengal,Kolkata,8407,Mass Market,26-35
C006061,Robert Sidhu,Male,46,No,No,Tamil Nadu,Madurai,882227,Value,46-55
C006062,Isaac Mallick,Male,62,Yes,No,Gujarat,Vadodara,485993,Value,56-65
C006063,Chakradhar Parikh,Male,32,No,Yes,Karnataka,Mysuru,785878,Value,26-35
C006064,Reva Yadav,Female,23,No,Yes,Kerala,Kochi,340538,High Value,18-25
C006065,Aryan Pillai,Male,65,Yes,No,Telangana,Warangal,767703,Mass Market,56-65
C006066,Zilmil Bath,Female,32,No,Yes,Punjab,Chandigarh,379672,Mass Market,26-35
C006067,Aryan Doshi,Male,60,Yes,Yes,Gujarat,Surat,367199,High Value,56-65
C006068,Pranav Dave,Male,37,No,No,Karnataka,Mangaluru,650123,Mass Market,36-45
C006069,Dayamai Grewal,Male,51,No,Yes,West Bengal,Kolkata,782239,Mass Market,46-55
C006070,Ubika Hayer,Male,19,No,No,Karnataka,Bengaluru,970834,Value,18-25
C006071,Pavani Bala,Female,61,Yes,No,Uttar Pradesh,Kanpur,626295,High Value,56-65
C006072,Utkarsh Dasgupta,Male,33,No,No,Telangana,Hyderabad,644148,Value,26-35
C006073,Mitali Wadhwa,Male,36,No,Yes,Delhi,Delhi,774599,Value,36-45
C006074,Warda Gala,Male,51,No,No,Gujarat,Ahmedabad,188368,Value,46-55
C006075,Rushil Dara,Male,66,Yes,No,Uttar Pradesh,Noida,898809,High Value,65+
C006076,Kritika Pal,Male,31,No,No,Madhya Pradesh,Bhopal,207964,Premium,26-35
C006077,Mitesh Vasa,Male,41,No,Yes,Madhya Pradesh,Bhopal,817552,Mass Market,36-45
C006078,Patrick Bala,Male,45,No,Yes,Delhi,Delhi,391255,Premium,36-45
C006079,Vedhika Koshy,Female,65,Yes,No,Telangana,Warangal,500308,Premium,56-65
C006080,Joshua Prakash,Male,49,No,No,Tamil Nadu,Coimbatore,376027,Value,46-55
C006081,Tanay Keer,Male,54,No,No,Uttar Pradesh,Agra,33215,Value,46-55
C006082,Omkaar Dora,Female,27,No,No,West Bengal,Howrah,630392,Value,26-35
C006083,Utkarsh Gupta,Male,66,Yes,No,Tamil Nadu,Madurai,867436,Value,65+
C006084,Aarav Mani,Male,62,Yes,No,Gujarat,Ahmedabad,489883,Premium,56-65
C006085,Urvi Kapadia,Male,65,Yes,No,Uttar Pradesh,Noida,628175,Mass Market,56-65
C006086,Umang Dayal,Male,26,No,No,Telangana,Warangal,609471,Mass Market,26-35
C006087,Pallavi Sane,Female,41,No,Yes,Delhi,New Delhi,695131,Mass Market,36-45
C006088,Yashica Palla,Male,53,No,No,Tamil Nadu,Chennai,429673,Premium,46-55
C006089,Upasna Ranganathan,Female,46,No,No,West Bengal,Howrah,746863,Value,46-55
C006090,Chandran Sharaf,Male,46,No,No,Kerala,Thiruvananthapuram,461078,Value,46-55
C006091,Yasti Grover,Male,65,Yes,No,Telangana,Warangal,277949,Premium,56-65
C006092,Widisha Dara,Female,40,No,No,Kerala,Kochi,765589,Premium,36-45
C006093,Ryan Raj,Male,44,No,Yes,Maharashtra,Nagpur,391627,High Value,36-45
C006094,Hardik Atwal,Female,48,No,Yes,Rajasthan,Udaipur,491418,Mass Market,46-55
C006095,Jeet Dugal,Male,60,Yes,No,Tamil Nadu,Chennai,623338,Value,56-65
C006096,Harish Pandya,Female,24,No,Yes,Madhya Pradesh,Indore,167290,Premium,18-25
C006097,Qadim Chakraborty,Male,66,Yes,No,Delhi,New Delhi,372470,Mass Market,65+
C006098,Radhika Lala,Female,62,Yes,Yes,Karnataka,Bengaluru,195130,Mass Market,56-65
C006099,Neha Sridhar,Male,21,No,Yes,Kerala,Kochi,455290,Value,18-25
C006100,Ekta Savant,Female,31,No,Yes,Madhya Pradesh,Indore,359205,Premium,26-35
C006101,Karan Dhillon,Male,59,No,No,Kerala,Thiruvananthapuram,83922,Value,56-65
C006102,Tarak Dua,Female,59,No,No,Madhya Pradesh,Bhopal,303078,Value,56-65
C006103,Neel Trivedi,Male,27,No,Yes,Tamil Nadu,Chennai,716429,Value,26-35
C006104,Hitesh Master,Female,61,Yes,Yes,Punjab,Chandigarh,612579,Mass Market,56-65
C006105,Mitesh Pal,Male,51,No,No,Telangana,Hyderabad,233160,High Value,46-55
C006106,Qarin Gokhale,Male,43,No,No,Uttar Pradesh,Agra,89925,Mass Market,36-45
C006107,Nidhi Bhandari,Male,40,No,No,Uttar Pradesh,Agra,311402,Value,36-45
C006108,Qadim Nazareth,Male,26,No,No,Rajasthan,Udaipur,530804,Mass Market,26-35
C006109,Kamya Bawa,Male,54,No,No,Delhi,Delhi,276177,Value,46-55
C006110,Xavier Srinivas,Female,25,No,No,Tamil Nadu,Madurai,289332,High Value,18-25
C006111,Ekalinga Contractor,Female,70,Yes,Yes,Rajasthan,Jaipur,454223,High Value,65+
C006112,Anita Ranganathan,Male,31,No,No,Rajasthan,Jodhpur,778162,Mass Market,26-35
C006113,Anya Cheema,Female,24,No,No,West Bengal,Howrah,427656,Mass Market,18-25
C006114,Abeer Sunder,Male,24,No,No,Telangana,Warangal,707621,Mass Market,18-25
C006115,Veer Mody,Male,26,No,Yes,Karnataka,Mysuru,163502,Mass Market,26-35
C006116,Ekiya Dixit,Female,20,No,No,Rajasthan,Jodhpur,421061,Value,18-25
C006117,Ekbal Kannan,Female,31,No,No,Rajasthan,Jaipur,410645,Value,26-35
C006118,Owen Rattan,Female,34,No,No,Madhya Pradesh,Indore,820094,Premium,26-35
C006119,Yashoda Mangat,Male,67,Yes,Yes,Tamil Nadu,Coimbatore,244516,Premium,65+
C006120,Veer Solanki,Female,61,Yes,Yes,Karnataka,Mangaluru,946537,Mass Market,56-65
C006121,Libni Bhatnagar,Male,39,No,No,Tamil Nadu,Chennai,923879,Premium,36-45
C006122,Aradhana Soni,Male,63,Yes,No,Telangana,Warangal,232367,Premium,56-65
C006123,Janaki Nagar,Male,43,No,No,Rajasthan,Udaipur,98953,Value,36-45
C006124,Elijah Ghosh,Female,45,No,No,Delhi,New Delhi,251701,High Value,36-45
C006125,Jyoti Chadha,Female,62,Yes,Yes,Punjab,Amritsar,588121,Premium,56-65
C006126,Amrita Bora,Female,31,No,No,Rajasthan,Udaipur,552489,Value,26-35
C006127,Hema Narayan,Male,26,No,Yes,Madhya Pradesh,Bhopal,87130,High Value,26-35
C006128,Anita Badal,Male,68,Yes,Yes,Gujarat,Surat,618804,Value,65+
C006129,Keya Kakar,Male,43,No,Yes,Telangana,Warangal,121261,Value,36-45
C006130,Shravya Taneja,Male,19,No,Yes,Punjab,Chandigarh,906102,Mass Market,18-25
C006131,Qasim Bhasin,Male,28,No,Yes,Karnataka,Bengaluru,746977,Premium,26-35
C006132,Aadi Devan,Female,34,No,No,Madhya Pradesh,Bhopal,349316,Mass Market,26-35
C006133,Zehaan Ganguly,Male,51,No,No,Tamil Nadu,Madurai,934835,Value,46-55
C006134,Nathan Aurora,Male,36,No,No,Gujarat,Surat,749085,Value,36-45
C006135,Watika Char,Male,56,No,Yes,Maharashtra,Mumbai,471771,Value,56-65
C006136,Gaurav Doctor,Male,35,No,Yes,Maharashtra,Nashik,564896,Value,26-35
C006137,Ethan Jaggi,Male,30,No,No,Punjab,Amritsar,322469,Value,26-35
C006138,Qushi Raval,Female,22,No,No,Madhya Pradesh,Indore,318158,Mass Market,18-25
C006139,Sudiksha Ravi,Female,67,Yes,Yes,Karnataka,Bengaluru,99326,Premium,65+
C006140,Urvi Kale,Female,40,No,Yes,Delhi,Delhi,430926,Value,36-45
C006141,Nitesh Sandhu,Male,41,No,No,Kerala,Thiruvananthapuram,48240,Premium,36-45
C006142,Veda Kashyap,Male,46,No,No,Maharashtra,Mumbai,521738,Mass Market,46-55
C006143,Qasim Deo,Male,65,Yes,No,Punjab,Amritsar,18973,Value,56-65
C006144,Lopa Bala,Female,64,Yes,No,Rajasthan,Udaipur,247152,Premium,56-65
C006145,Harinakshi Wali,Female,25,No,No,Kerala,Kochi,899967,Mass Market,18-25
C006146,Osha Pandey,Male,43,No,No,Maharashtra,Pune,903169,Premium,36-45
C006147,Sarthak More,Male,32,No,Yes,Madhya Pradesh,Bhopal,281885,Mass Market,26-35
C006148,Jack Chand,Male,18,No,No,Rajasthan,Udaipur,73431,Value,18-25
C006149,Falguni More,Female,45,No,No,Tamil Nadu,Madurai,857346,Value,36-45
C006150,Azaan Vala,Female,66,Yes,No,Telangana,Hyderabad,758970,Value,65+
C006151,Qabil Kaul,Female,64,Yes,No,Rajasthan,Udaipur,542270,Value,56-65
C006152,Maanav Bath,Male,63,Yes,No,Rajasthan,Udaipur,577200,Mass Market,56-65
C006153,Jai Biswas,Male,31,No,No,Punjab,Amritsar,368890,Value,26-35
C006154,Arjun Palla,Male,59,No,No,Rajasthan,Udaipur,435382,Mass Market,56-65
C006155,Kritika Magar,Male,51,No,Yes,Karnataka,Mysuru,187767,Value,46-55
C006156,Tanmayi Mander,Male,48,No,No,Kerala,Kochi,294411,Mass Market,46-55
C006157,Abhimanyu Bedi,Female,23,No,No,Rajasthan,Jodhpur,309127,Value,18-25
C006158,Logan Salvi,Female,66,Yes,Yes,Maharashtra,Mumbai,736620,Value,65+
C006159,Meghana Mohan,Male,22,No,No,Telangana,Warangal,272447,Premium,18-25
C006160,Radhika Taneja,Female,48,No,Yes,Tamil Nadu,Coimbatore,996745,Value,46-55
C006161,Chameli Sem,Male,54,No,No,Gujarat,Vadodara,716239,Mass Market,46-55
C006162,Dayamai Chakraborty,Male,32,No,Yes,Tamil Nadu,Coimbatore,526555,Value,26-35
C006163,Saksham Rajan,Male,32,No,No,Tamil Nadu,Madurai,576811,Value,26-35
C006164,Pooja Bandi,Male,69,Yes,Yes,Tamil Nadu,Madurai,5655,Mass Market,65+
C006165,Ganga Bali,Male,60,Yes,No,Uttar Pradesh,Kanpur,304074,Value,56-65
C006166,Niharika Konda,Male,22,No,Yes,Madhya Pradesh,Bhopal,938727,Value,18-25
C006167,Divya Kannan,Male,45,No,Yes,Madhya Pradesh,Bhopal,759335,Mass Market,36-45
C006168,Rushil Barad,Female,50,No,No,Karnataka,Mysuru,423844,Mass Market,46-55
C006169,Anita Sandhu,Male,28,No,No,Delhi,Delhi,328901,Mass Market,26-35
C006170,Ucchal Sastry,Male,60,Yes,Yes,Madhya Pradesh,Indore,106378,Mass Market,56-65
C006171,Imaran Parmar,Male,23,No,Yes,Delhi,New Delhi,186893,Mass Market,18-25
C006172,Lajita Kapoor,Female,40,No,No,Rajasthan,Udaipur,954345,Value,36-45
C006173,Samesh Bawa,Male,57,No,Yes,Tamil Nadu,Madurai,128403,Mass Market,56-65
C006174,Unnati Anand,Female,19,No,No,Tamil Nadu,Madurai,58870,Mass Market,18-25
C006175,Jhalak Palla,Male,32,No,No,Gujarat,Surat,919318,Mass Market,26-35
C006176,Neel Wadhwa,Male,40,No,Yes,Uttar Pradesh,Kanpur,323351,Value,36-45
C006177,Turvi Sachdev,Female,39,No,No,West Bengal,Kolkata,96233,Premium,36-45
C006178,Pooja Mistry,Male,26,No,No,Tamil Nadu,Madurai,405938,Value,26-35
C006179,Farhan Murthy,Male,64,Yes,Yes,Tamil Nadu,Coimbatore,333787,Value,56-65
C006180,Gautami Ramaswamy,Male,57,No,No,Madhya Pradesh,Indore,358058,Value,56-65
C006181,Baghyawati Sachdev,Female,47,No,No,Uttar Pradesh,Lucknow,998959,Mass Market,46-55
C006182,Yug Misra,Male,33,No,No,Uttar Pradesh,Kanpur,488059,Mass Market,26-35
C006183,Adweta Master,Male,63,Yes,No,Delhi,New Delhi,155674,Mass Market,56-65
C006184,Damyanti Kurian,Female,64,Yes,Yes,West Bengal,Howrah,422730,Mass Market,56-65
C006185,Dalaja Dara,Male,69,Yes,Yes,Madhya Pradesh,Bhopal,636470,Mass Market,65+
C006186,Yash Kibe,Female,47,No,Yes,Maharashtra,Mumbai,870428,Value,46-55
C006187,Anya Seshadri,Female,62,Yes,Yes,Telangana,Hyderabad,489192,Mass Market,56-65
C006188,Upkaar Madan,Male,26,No,Yes,Delhi,New Delhi,476337,High Value,26-35
C006189,Aishani Badal,Male,18,No,No,Madhya Pradesh,Bhopal,993804,Premium,18-25
C006190,Madhav Kapur,Male,55,No,Yes,Uttar Pradesh,Kanpur,13037,High Value,46-55
C006191,Falguni Tella,Female,25,No,No,Kerala,Kochi,49191,Mass Market,18-25
C006192,Kabir Sood,Female,69,Yes,No,Gujarat,Vadodara,997057,Premium,65+
C006193,Anamika Chaudhry,Female,35,No,Yes,Telangana,Warangal,310802,Premium,26-35
C006194,Nakul Chawla,Female,44,No,Yes,Karnataka,Mysuru,136225,High Value,36-45
C006195,Sanaya Dayal,Female,35,No,Yes,Telangana,Warangal,784190,Value,26-35
C006196,Oscar Contractor,Male,49,No,Yes,Delhi,New Delhi,222113,Premium,46-55
C006197,Caleb Srinivas,Male,66,Yes,No,Tamil Nadu,Madurai,918660,Mass Market,65+
C006198,Charvi Venkataraman,Female,49,No,No,Uttar Pradesh,Lucknow,94195,Mass Market,46-55
C006199,Reyansh Mangat,Male,70,Yes,Yes,Gujarat,Vadodara,241685,Mass Market,65+
C006200,Kamala Nayar,Male,65,Yes,No,Delhi,New Delhi,536981,High Value,56-65
C006201,Kevin Dass,Female,62,Yes,Yes,Gujarat,Vadodara,534053,Mass Market,56-65
C006202,Yash Anne,Male,53,No,No,Uttar Pradesh,Noida,749230,Mass Market,46-55
C006203,Chasmum Mall,Female,53,No,No,Telangana,Warangal,79934,High Value,46-55
C006204,Daksha Raj,Female,38,No,No,Maharashtra,Nagpur,651390,Mass Market,36-45
C006205,Manbir Kapoor,Male,63,Yes,Yes,Delhi,New Delhi,267453,Premium,56-65
C006206,Ayaan Dhaliwal,Female,49,No,Yes,Tamil Nadu,Coimbatore,962599,Premium,46-55
C006207,Hredhaan Deshpande,Male,48,No,No,Madhya Pradesh,Indore,780271,Mass Market,46-55
C006208,Samar Shenoy,Male,54,No,No,West Bengal,Howrah,227372,Mass Market,46-55
C006209,Maya Parekh,Male,33,No,No,Rajasthan,Jaipur,638617,Value,26-35
C006210,Ranveer Narayanan,Male,63,Yes,Yes,Karnataka,Mangaluru,681383,High Value,56-65
C006211,Urishilla Agate,Male,63,Yes,No,Uttar Pradesh,Lucknow,817810,Premium,56-65
C006212,Farhan Kamdar,Male,31,No,No,Delhi,Delhi,245035,Mass Market,26-35
C006213,Advika Patel,Male,41,No,No,Telangana,Hyderabad,835421,Mass Market,36-45
C006214,Ranbir Lad,Male,42,No,Yes,Telangana,Hyderabad,357961,Mass Market,36-45
C006215,Mekhala Rama,Female,63,Yes,No,Gujarat,Vadodara,440057,Premium,56-65
C006216,Frado Bora,Female,68,Yes,Yes,Madhya Pradesh,Indore,984315,Mass Market,65+
C006217,Kamala Bava,Male,52,No,No,Gujarat,Surat,279110,Mass Market,46-55
C006218,Chaman Goswami,Male,34,No,Yes,Karnataka,Mysuru,465506,Premium,26-35
C006219,Nikita Dugar,Male,63,Yes,No,Uttar Pradesh,Agra,302006,Value,56-65
C006220,Bahadurjit Kothari,Male,59,No,No,Punjab,Chandigarh,523204,Mass Market,56-65
C006221,Dayita Shankar,Female,62,Yes,Yes,Tamil Nadu,Madurai,42247,Premium,56-65
C006222,Qadim Lanka,Female,21,No,No,Delhi,Delhi,428485,Value,18-25
C006223,Sarthak Chokshi,Male,28,No,Yes,Gujarat,Vadodara,136724,Value,26-35
C006224,Charvi Kata,Male,64,Yes,No,Karnataka,Mangaluru,89320,Value,56-65
C006225,Ojasvi Thaman,Male,32,No,Yes,Rajasthan,Jaipur,858752,Value,26-35
C006226,Ayaan Bali,Female,47,No,Yes,Karnataka,Bengaluru,932694,Value,46-55
C006227,Lohit Mand,Male,41,No,No,Tamil Nadu,Madurai,643102,Premium,36-45
C006228,Chandresh Dua,Female,19,No,Yes,Telangana,Warangal,209765,Value,18-25
C006229,Vidhi Sarma,Female,60,Yes,No,Telangana,Hyderabad,571786,Value,56-65
C006230,Devansh Shroff,Male,51,No,No,Delhi,Delhi,89279,Value,46-55
C006231,Raghav Barad,Female,40,No,No,Rajasthan,Jaipur,934832,Value,36-45
C006232,Sarthak Nagar,Female,48,No,No,Karnataka,Bengaluru,807426,Mass Market,46-55
C006233,Mohammed Kari,Female,54,No,Yes,Telangana,Hyderabad,175017,Mass Market,46-55
C006234,Champak Gade,Male,30,No,No,Gujarat,Surat,547503,Value,26-35
C006235,Avni Sami,Male,50,No,Yes,Uttar Pradesh,Agra,681573,Value,46-55
C006236,Hamsini Golla,Female,24,No,No,Kerala,Thiruvananthapuram,640968,Value,18-25
C006237,Gayathri Dutta,Female,49,No,No,Telangana,Warangal,120039,Premium,46-55
C006238,Sai Deol,Female,24,No,No,Karnataka,Mysuru,819704,Mass Market,18-25
C006239,Vivaan Andra,Female,59,No,Yes,Tamil Nadu,Madurai,659544,Value,56-65
C006240,Amol Desai,Female,55,No,No,Uttar Pradesh,Noida,888850,Value,46-55
C006241,Nandini Chokshi,Female,69,Yes,No,Maharashtra,Nashik,721930,Mass Market,65+
C006242,Samarth Anne,Male,61,Yes,No,Tamil Nadu,Madurai,180848,Mass Market,56-65
C006243,Anthony Kanda,Male,30,No,Yes,Punjab,Amritsar,960462,Mass Market,26-35
C006244,Zehaan Rege,Female,41,No,No,Telangana,Warangal,873843,Mass Market,36-45
C006245,Ridhi Bir,Female,45,No,Yes,Tamil Nadu,Coimbatore,215634,Mass Market,36-45
C006246,Priya Shan,Female,49,No,No,West Bengal,Howrah,976825,Value,46-55
C006247,Advaith Sarma,Male,60,Yes,No,West Bengal,Kolkata,381547,Value,56-65
C006248,Lucky Sridhar,Female,35,No,Yes,West Bengal,Howrah,329955,Value,26-35
C006249,Divya Krish,Female,51,No,Yes,Maharashtra,Mumbai,553835,Premium,46-55
C006250,Oscar Mall,Male,65,Yes,No,Uttar Pradesh,Kanpur,654139,Value,56-65
C006251,Shivansh Bhalla,Male,51,No,No,West Bengal,Howrah,744329,Mass Market,46-55
C006252,Oscar Kashyap,Male,68,Yes,Yes,Telangana,Warangal,920222,Mass Market,65+
C006253,Vinaya Garde,Male,55,No,No,Telangana,Warangal,237032,Mass Market,46-55
C006254,Ayush Kalita,Male,18,No,No,Delhi,New Delhi,888970,High Value,18-25
C006255,Karan Batra,Male,60,Yes,No,Gujarat,Ahmedabad,600520,Premium,56-65
C006256,Chaman Shanker,Male,67,Yes,Yes,Kerala,Thiruvananthapuram,108410,Mass Market,65+
C006257,Amol Chand,Female,59,No,Yes,Madhya Pradesh,Bhopal,977753,Value,56-65
C006258,Nicholas Gade,Female,48,No,No,Karnataka,Mangaluru,386377,High Value,46-55
C006259,Brinda Ben,Female,67,Yes,No,Maharashtra,Nagpur,642178,Premium,65+
C006260,Dalbir Sarna,Male,18,No,No,Tamil Nadu,Coimbatore,722804,Value,18-25
C006261,Aashi Shere,Male,68,Yes,No,Gujarat,Surat,691742,Mass Market,65+
C006262,Vamakshi Tandon,Female,33,No,No,Punjab,Ludhiana,808691,Mass Market,26-35
C006263,Abha Sachdev,Male,56,No,Yes,Tamil Nadu,Chennai,809817,Premium,56-65
C006264,Qadim Lalla,Female,32,No,No,Tamil Nadu,Coimbatore,552753,Premium,26-35
C006265,Libni Parsa,Female,50,No,No,Kerala,Thiruvananthapuram,4102,Value,46-55
C006266,Ridhi Dube,Male,40,No,No,Madhya Pradesh,Bhopal,362864,Mass Market,36-45
C006267,Manbir Nori,Female,70,Yes,No,Punjab,Amritsar,169277,High Value,65+
C006268,Pranit Dugal,Male,58,No,No,Rajasthan,Udaipur,389313,Premium,56-65
C006269,Banjeet Oza,Male,51,No,No,Madhya Pradesh,Indore,490365,Mass Market,46-55
C006270,Meera Walla,Female,34,No,Yes,Maharashtra,Pune,168897,Mass Market,26-35
C006271,Aachal Tripathi,Male,42,No,No,Rajasthan,Udaipur,931901,Value,36-45
C006272,Yug Sunder,Female,59,No,No,Punjab,Ludhiana,185540,Mass Market,56-65
C006273,Raghav Seth,Male,23,No,No,West Bengal,Kolkata,744870,Mass Market,18-25
C006274,Quincy Chaudhry,Male,48,No,No,Maharashtra,Nagpur,817174,Mass Market,46-55
C006275,Frado Chadha,Female,22,No,No,Uttar Pradesh,Lucknow,490792,High Value,18-25
C006276,Jagdish Wali,Female,57,No,No,Kerala,Kochi,285337,Premium,56-65
C006277,Yochana Barman,Male,57,No,No,Telangana,Hyderabad,623057,Mass Market,56-65
C006278,Hiral Sagar,Male,47,No,No,West Bengal,Kolkata,207266,Premium,46-55
C006279,Ethan Sha,Female,22,No,No,Karnataka,Mysuru,185852,Value,18-25
C006280,Vedhika Manne,Male,29,No,No,Rajasthan,Jaipur,862539,Mass Market,26-35
C006281,Umang Dora,Female,24,No,No,Telangana,Hyderabad,639487,Premium,18-25
C006282,Hemang Krishnamurthy,Female,62,Yes,No,Delhi,Delhi,224349,Value,56-65
C006283,Pranav Nadkarni,Female,30,No,No,Delhi,Delhi,934269,Premium,26-35
C006284,Wakeeta Chaudry,Female,66,Yes,Yes,Rajasthan,Jaipur,634448,Value,65+
C006285,Parth Dhar,Male,21,No,No,Rajasthan,Udaipur,41054,Value,18-25
C006286,Lipika Kumar,Female,67,Yes,No,Maharashtra,Nagpur,896019,Mass Market,65+
C006287,Thomas Sha,Female,59,No,Yes,Gujarat,Surat,772867,Mass Market,56-65
C006288,Nihal Bail,Male,20,No,Yes,Uttar Pradesh,Noida,668073,Value,18-25
C006289,Bimala Doctor,Female,29,No,Yes,Uttar Pradesh,Lucknow,571071,High Value,26-35
C006290,Isaiah Prashad,Male,18,No,No,Delhi,New Delhi,806550,Value,18-25
C006291,Krisha Nagi,Male,44,No,No,Rajasthan,Udaipur,647223,Mass Market,36-45
C006292,Lavanya Handa,Male,60,Yes,Yes,Rajasthan,Jaipur,464202,Mass Market,56-65
C006293,Aarav Zacharia,Female,67,Yes,No,Telangana,Hyderabad,765796,Premium,65+
C006294,Samaksh Mann,Male,30,No,Yes,Telangana,Hyderabad,758134,Mass Market,26-35
C006295,Chasmum Savant,Female,34,No,No,Tamil Nadu,Madurai,447762,Mass Market,26-35
C006296,Dalaja Thakkar,Female,25,No,No,Punjab,Amritsar,696637,Premium,18-25
C006297,Yashoda Narayanan,Male,49,No,No,Madhya Pradesh,Indore,120459,High Value,46-55
C006298,Anika Shetty,Male,37,No,No,West Bengal,Kolkata,767404,Premium,36-45
C006299,Ojas Anne,Female,68,Yes,Yes,Maharashtra,Mumbai,69251,Mass Market,65+
C006300,Krishna Tripathi,Male,34,No,No,Punjab,Amritsar,155652,Mass Market,26-35
C006301,Ekbal Munshi,Female,51,No,Yes,Uttar Pradesh,Noida,781362,Premium,46-55
C006302,Sara Taneja,Male,52,No,No,Karnataka,Mysuru,804677,High Value,46-55
C006303,Qabil Ranganathan,Male,52,No,No,Punjab,Amritsar,383950,High Value,46-55
C006304,Shaurya Dutta,Female,55,No,No,Telangana,Hyderabad,786263,Value,46-55
C006305,Oeshi Kaul,Male,59,No,No,West Bengal,Kolkata,413503,Premium,56-65
C006306,Qasim Sethi,Male,41,No,Yes,Tamil Nadu,Madurai,851412,Mass Market,36-45
C006307,Urvi Nagar,Male,35,No,No,Tamil Nadu,Chennai,119067,Mass Market,26-35
C006308,Nathaniel Parmer,Male,67,Yes,No,Maharashtra,Nagpur,368523,Mass Market,65+
C006309,Anay Sahota,Male,63,Yes,Yes,Delhi,Delhi,476115,High Value,56-65
C006310,Mohini Palla,Female,65,Yes,No,Tamil Nadu,Coimbatore,849738,Mass Market,56-65
C006311,Lucky Desai,Male,56,No,No,Delhi,New Delhi,8110,Mass Market,56-65
C006312,Jyoti Dugar,Male,50,No,No,Maharashtra,Nashik,212407,High Value,46-55
C006313,Bhavika Dada,Female,66,Yes,Yes,Madhya Pradesh,Bhopal,678619,Mass Market,65+
C006314,Ekantika Roy,Male,40,No,No,Karnataka,Mysuru,645338,Mass Market,36-45
C006315,Brijesh Doshi,Male,42,No,No,Punjab,Amritsar,733107,Premium,36-45
C006316,Diya Ratti,Female,54,No,Yes,Maharashtra,Nagpur,760310,Premium,46-55
C006317,Rajata Konda,Female,44,No,No,Madhya Pradesh,Bhopal,773533,Value,36-45
C006318,Mitesh Rege,Female,18,No,No,Rajasthan,Jaipur,414412,High Value,18-25
C006319,Chaman Gole,Female,38,No,No,Rajasthan,Jaipur,579880,Mass Market,36-45
C006320,Raagini Purohit,Male,66,Yes,No,Rajasthan,Jodhpur,720993,High Value,65+
C006321,Gautami Lad,Female,27,No,No,West Bengal,Kolkata,251209,Premium,26-35
C006322,Harinakshi Chatterjee,Male,48,No,Yes,West Bengal,Howrah,554670,Mass Market,46-55
C006323,Samarth Chhabra,Male,61,Yes,No,Delhi,Delhi,475870,Premium,56-65
C006324,Banjeet Bassi,Male,42,No,No,Uttar Pradesh,Kanpur,280870,Mass Market,36-45
C006325,Udarsh Dugar,Male,37,No,Yes,West Bengal,Kolkata,411638,Mass Market,36-45
C006326,Fiyaz Goel,Male,19,No,No,Tamil Nadu,Coimbatore,101083,High Value,18-25
C006327,Girindra Ghose,Female,65,Yes,No,Telangana,Warangal,153527,Mass Market,56-65
C006328,Kashish Minhas,Male,32,No,No,Rajasthan,Jaipur,56088,Mass Market,26-35
C006329,Kashish Yohannan,Male,45,No,No,Tamil Nadu,Coimbatore,384196,Mass Market,36-45
C006330,Radhika Sahni,Male,30,No,No,Gujarat,Ahmedabad,841944,Mass Market,26-35
C006331,Neelima Misra,Male,67,Yes,Yes,Telangana,Warangal,469057,Premium,65+
C006332,Hemang Choudhary,Female,69,Yes,No,Delhi,New Delhi,321839,High Value,65+
C006333,Adweta Yogi,Male,31,No,No,Kerala,Thiruvananthapuram,768538,Value,26-35
C006334,Lopa More,Male,67,Yes,Yes,West Bengal,Kolkata,356241,Value,65+
C006335,Kiaan Acharya,Male,19,No,No,Kerala,Thiruvananthapuram,178631,Value,18-25
C006336,Lipika Goel,Female,51,No,No,Delhi,New Delhi,786985,Mass Market,46-55
C006337,Riya Vohra,Male,52,No,No,Punjab,Chandigarh,879673,Mass Market,46-55
C006338,Yash Murthy,Male,54,No,Yes,Kerala,Thiruvananthapuram,995688,Mass Market,46-55
C006339,Lipika Ratti,Male,42,No,Yes,West Bengal,Kolkata,859665,Value,36-45
C006340,Mohini Mukhopadhyay,Male,65,Yes,Yes,West Bengal,Kolkata,163487,Value,56-65
C006341,Radhika Dayal,Male,32,No,No,Maharashtra,Nashik,480105,High Value,26-35
C006342,Chaman Gole,Female,29,No,Yes,Madhya Pradesh,Bhopal,184264,Premium,26-35
C006343,Lohit Sarin,Female,26,No,No,Madhya Pradesh,Indore,22058,Premium,26-35
C006344,Praneel Borde,Female,48,No,Yes,Kerala,Kochi,595788,Mass Market,46-55
C006345,Qadim Badal,Male,31,No,No,Karnataka,Bengaluru,835262,Premium,26-35
C006346,Devansh Bath,Male,46,No,No,Karnataka,Bengaluru,382760,High Value,46-55
C006347,Nihal Kulkarni,Male,70,Yes,No,Punjab,Amritsar,706250,High Value,65+
C006348,Isaiah Manda,Female,65,Yes,No,Gujarat,Vadodara,792611,Mass Market,56-65
C006349,Yasti Choudhury,Female,60,Yes,Yes,Punjab,Ludhiana,956069,Value,56-65
C006350,Urishilla Sekhon,Female,55,No,No,Karnataka,Mysuru,232367,Value,46-55
C006351,Niharika Mall,Male,59,No,Yes,Kerala,Kochi,654019,Mass Market,56-65
C006352,Naveen Varkey,Male,25,No,No,Uttar Pradesh,Agra,311120,High Value,18-25
C006353,Indrajit Bahri,Male,65,Yes,Yes,Tamil Nadu,Chennai,722163,Mass Market,56-65
C006354,Theodore Sankaran,Female,20,No,No,Gujarat,Vadodara,741993,Mass Market,18-25
C006355,Nimrat Bail,Female,19,No,No,Gujarat,Vadodara,733409,Value,18-25
C006356,Aarnav Bhatia,Female,33,No,No,Rajasthan,Jaipur,863546,Mass Market,26-35
C006357,Ijaya Hegde,Male,36,No,No,Madhya Pradesh,Indore,326624,High Value,36-45
C006358,Gayathri Hari,Male,47,No,No,Punjab,Amritsar,996639,Value,46-55
C006359,Ranbir Char,Female,58,No,No,Karnataka,Mysuru,742663,Value,56-65
C006360,Ekanta Batra,Female,33,No,No,Uttar Pradesh,Kanpur,891228,Value,26-35
C006361,Praneel Madan,Male,48,No,Yes,West Bengal,Kolkata,23706,Mass Market,46-55
C006362,Wahab Agarwal,Male,45,No,No,Punjab,Amritsar,931417,Premium,36-45
C006363,Neel Sahni,Male,21,No,No,Gujarat,Surat,361239,Premium,18-25
C006364,David Bhasin,Male,27,No,Yes,Punjab,Ludhiana,381894,Value,26-35
C006365,Mitali Walla,Male,68,Yes,No,Maharashtra,Mumbai,497515,High Value,65+
C006366,Nihal Shankar,Female,62,Yes,No,Telangana,Warangal,385897,Value,56-65
C006367,Yagnesh Karan,Male,35,No,No,Tamil Nadu,Coimbatore,506713,Value,26-35
C006368,Samuel Thaker,Male,64,Yes,No,Kerala,Thiruvananthapuram,237090,High Value,56-65
C006369,Samar Kala,Male,49,No,No,Delhi,Delhi,134644,Value,46-55
C006370,Nikita Chacko,Female,47,No,Yes,Maharashtra,Mumbai,901533,Value,46-55
C006371,Ishaan Rau,Female,53,No,Yes,Delhi,New Delhi,833265,Mass Market,46-55
C006372,Mitali Sha,Male,26,No,No,Rajasthan,Jaipur,901281,Premium,26-35
C006373,Yug Saraf,Female,53,No,No,Madhya Pradesh,Bhopal,893645,High Value,46-55
C006374,Ikbal Acharya,Female,46,No,No,Gujarat,Vadodara,300679,Value,46-55
C006375,Ranveer Dubey,Male,33,No,No,Madhya Pradesh,Bhopal,346806,Mass Market,26-35
C006376,Sai Kara,Male,45,No,Yes,Delhi,New Delhi,656121,Value,36-45
C006377,Hardik Zachariah,Female,38,No,No,Uttar Pradesh,Kanpur,472672,Premium,36-45
C006378,Ikshita Grover,Female,64,Yes,Yes,Rajasthan,Jodhpur,406887,Mass Market,56-65
C006379,Dev Wadhwa,Female,19,No,Yes,Telangana,Warangal,275386,Premium,18-25
C006380,Eshana Bahri,Female,63,Yes,No,Punjab,Ludhiana,897073,Premium,56-65
C006381,Vasatika Tailor,Female,52,No,Yes,Madhya Pradesh,Indore,218089,Value,46-55
C006382,Girish Bassi,Male,45,No,No,West Bengal,Kolkata,169823,Mass Market,36-45
C006383,Kamala Ganesh,Male,53,No,Yes,Karnataka,Mysuru,995342,Value,46-55
C006384,Harish Lata,Male,48,No,Yes,Gujarat,Vadodara,566807,Mass Market,46-55
C006385,Falan Datta,Male,50,No,No,Karnataka,Mysuru,526756,Value,46-55
C006386,Sai Rout,Female,40,No,No,Madhya Pradesh,Indore,298053,Mass Market,36-45
C006387,Triveni Thakur,Female,58,No,Yes,Karnataka,Mysuru,361004,Value,56-65
C006388,Indira Saini,Female,34,No,No,Kerala,Thiruvananthapuram,51001,Mass Market,26-35
C006389,Chandani Palla,Male,63,Yes,No,Punjab,Amritsar,9872,Premium,56-65
C006390,Pranav Badal,Female,66,Yes,No,Uttar Pradesh,Noida,462716,Premium,65+
C006391,Mahika Puri,Male,18,No,Yes,Gujarat,Ahmedabad,520593,High Value,18-25
C006392,Mohini Walla,Male,59,No,No,Rajasthan,Udaipur,415723,Mass Market,56-65
C006393,Onkar Pandya,Female,40,No,No,Telangana,Hyderabad,424742,Mass Market,36-45
C006394,Lakshit Naik,Female,65,Yes,Yes,Telangana,Warangal,891995,Value,56-65
C006395,Samarth Morar,Female,44,No,Yes,Rajasthan,Udaipur,465198,Mass Market,36-45
C006396,Hemal Nanda,Male,42,No,No,West Bengal,Kolkata,656316,Mass Market,36-45
C006397,Anjali Saran,Male,49,No,Yes,Tamil Nadu,Coimbatore,328889,Value,46-55
C006398,Sai Misra,Male,36,No,Yes,Delhi,Delhi,897894,Value,36-45
C006399,Arin Saxena,Male,41,No,Yes,Gujarat,Ahmedabad,726352,Mass Market,36-45
C006400,Vaishnavi Dhar,Female,20,No,No,Maharashtra,Nagpur,808231,Value,18-25
C006401,Pallavi Modi,Female,29,No,No,West Bengal,Howrah,302520,Value,26-35
C006402,Raksha Randhawa,Female,52,No,Yes,Uttar Pradesh,Lucknow,298904,Mass Market,46-55
C006403,Anthony Aggarwal,Male,32,No,No,Tamil Nadu,Madurai,698087,Premium,26-35
C006404,Damyanti Tank,Female,34,No,No,Tamil Nadu,Coimbatore,534670,Mass Market,26-35
C006405,Indira Mane,Male,67,Yes,Yes,Kerala,Kochi,850616,Mass Market,65+
C006406,Anya Borra,Female,49,No,No,West Bengal,Kolkata,312178,Mass Market,46-55
C006407,Yamini Mittal,Male,24,No,No,Tamil Nadu,Chennai,626669,Mass Market,18-25
C006408,Nirja Shere,Male,36,No,No,Madhya Pradesh,Indore,422338,Premium,36-45
C006409,Bhavya Shanker,Male,24,No,Yes,Kerala,Kochi,446117,Mass Market,18-25
C006410,Samuel Rastogi,Female,22,No,No,Kerala,Kochi,495711,Premium,18-25
C006411,Lajita Master,Male,57,No,No,Telangana,Warangal,49441,Value,56-65
C006412,Alka Mann,Male,38,No,No,Maharashtra,Nashik,361451,Value,36-45
C006413,Advaith Ganesan,Female,65,Yes,No,Gujarat,Ahmedabad,132181,High Value,56-65
C006414,Advaith Narain,Male,65,Yes,Yes,Uttar Pradesh,Kanpur,704915,Premium,56-65
C006415,Jagat Balay,Male,68,Yes,No,Telangana,Warangal,100726,Mass Market,65+
C006416,Mohini Dewan,Male,64,Yes,No,Madhya Pradesh,Bhopal,768516,Premium,56-65
C006417,Balveer Ranganathan,Male,24,No,Yes,Punjab,Chandigarh,64005,Value,18-25
C006418,Bimala Bhat,Female,54,No,Yes,Telangana,Hyderabad,451282,Mass Market,46-55
C006419,Praneel Madan,Female,40,No,Yes,Tamil Nadu,Coimbatore,294289,Value,36-45
C006420,Jagrati Venkatesh,Male,28,No,No,Gujarat,Ahmedabad,166497,High Value,26-35
C006421,Timothy Acharya,Female,27,No,No,Karnataka,Mysuru,483259,Mass Market,26-35
C006422,Benjamin Narayan,Male,38,No,No,Uttar Pradesh,Lucknow,748591,Premium,36-45
C006423,Dalaja Zachariah,Male,58,No,Yes,Maharashtra,Nashik,375993,Mass Market,56-65
C006424,Urvi Lala,Male,50,No,No,Punjab,Chandigarh,458238,Mass Market,46-55
C006425,Idika Sagar,Male,37,No,No,Gujarat,Ahmedabad,871694,Premium,36-45
C006426,Akshay Dixit,Male,50,No,Yes,Gujarat,Vadodara,756892,Value,46-55
C006427,Kamala Arya,Female,57,No,Yes,Rajasthan,Udaipur,476807,Mass Market,56-65
C006428,Aadi Kala,Female,52,No,Yes,Tamil Nadu,Madurai,579751,Value,46-55
C006429,Hemani Ramakrishnan,Male,51,No,No,Uttar Pradesh,Agra,154636,Premium,46-55
C006430,Harsh Parekh,Female,53,No,No,Uttar Pradesh,Noida,621360,Value,46-55
C006431,Anay Parmar,Female,44,No,No,Kerala,Kochi,294944,Mass Market,36-45
C006432,Brinda Chatterjee,Female,36,No,Yes,Delhi,New Delhi,272455,Value,36-45
C006433,Rehaan Sarma,Female,60,Yes,No,Tamil Nadu,Chennai,699987,High Value,56-65
C006434,Rachana Sen,Male,22,No,No,Kerala,Kochi,119489,Value,18-25
C006435,Yadavi Srinivasan,Female,46,No,No,West Bengal,Howrah,336399,Premium,46-55
C006436,Jagat Wali,Female,27,No,Yes,Delhi,New Delhi,14471,Premium,26-35
C006437,Neel Sachdeva,Female,57,No,No,West Bengal,Howrah,997719,Mass Market,56-65
C006438,Azaan Chowdhury,Male,30,No,No,Uttar Pradesh,Lucknow,459596,Value,26-35
C006439,Prisha Pradhan,Male,46,No,Yes,Rajasthan,Jaipur,409774,Mass Market,46-55
C006440,Champak Kashyap,Male,22,No,Yes,Madhya Pradesh,Indore,841264,Mass Market,18-25
C006441,Chakrika Mitter,Male,29,No,No,Uttar Pradesh,Lucknow,535293,Mass Market,26-35
C006442,Karan Bassi,Male,30,No,No,Telangana,Hyderabad,276973,Premium,26-35
C006443,Veda Mahal,Female,39,No,No,Rajasthan,Udaipur,572186,Mass Market,36-45
C006444,Pahal Rattan,Male,57,No,Yes,Uttar Pradesh,Lucknow,532616,Mass Market,56-65
C006445,Nitesh Mitra,Female,32,No,No,Madhya Pradesh,Bhopal,749939,Mass Market,26-35
C006446,Krishna Dhar,Male,30,No,No,Kerala,Kochi,522791,Mass Market,26-35
C006447,Jackson Naik,Female,18,No,No,Delhi,Delhi,554700,Value,18-25
C006448,Rajata Sridhar,Male,55,No,No,Madhya Pradesh,Indore,887302,Premium,46-55
C006449,Divya Sandal,Male,60,Yes,No,Karnataka,Mangaluru,205633,Mass Market,56-65
C006450,Qarin Golla,Female,62,Yes,Yes,Maharashtra,Mumbai,409762,Mass Market,56-65
C006451,Abhiram Narula,Female,70,Yes,No,Maharashtra,Mumbai,712882,Premium,65+
C006452,Tanveer Menon,Female,69,Yes,No,Madhya Pradesh,Indore,310968,Value,65+
C006453,Ayushman Kuruvilla,Male,18,No,No,Gujarat,Surat,254077,Premium,18-25
C006454,Damyanti Srinivasan,Male,28,No,No,Maharashtra,Pune,881682,Mass Market,26-35
C006455,Chavvi Mani,Female,60,Yes,No,Tamil Nadu,Chennai,432812,Premium,56-65
C006456,Kashish Kapoor,Male,57,No,No,Gujarat,Ahmedabad,731774,Value,56-65
C006457,Eta Garde,Female,39,No,Yes,Uttar Pradesh,Agra,789437,Value,36-45
C006458,Vincent Warrior,Male,52,No,No,Gujarat,Surat,242758,Mass Market,46-55
C006459,Dhriti Ahuja,Male,68,Yes,Yes,Telangana,Warangal,406505,Mass Market,65+
C006460,Finn Devan,Male,61,Yes,No,Maharashtra,Nagpur,953164,Premium,56-65
C006461,Gauri Pall,Male,23,No,No,Gujarat,Ahmedabad,59488,Mass Market,18-25
C006462,Harsh Ganesan,Female,45,No,Yes,West Bengal,Kolkata,534073,Mass Market,36-45
C006463,Aarush Krish,Female,48,No,No,Tamil Nadu,Coimbatore,845688,Value,46-55
C006464,Joshua Goyal,Male,25,No,No,Gujarat,Ahmedabad,228171,Value,18-25
C006465,Ekansh Sodhi,Female,22,No,No,Madhya Pradesh,Indore,822819,Value,18-25
C006466,Luke Sheth,Male,59,No,No,Rajasthan,Udaipur,33497,Value,56-65
C006467,Naksh Sandal,Male,65,Yes,No,Maharashtra,Pune,593367,Value,56-65
C006468,Yatin Pal,Male,61,Yes,No,Rajasthan,Jodhpur,588454,Value,56-65
C006469,Ekani Nair,Female,34,No,Yes,Kerala,Kochi,867813,High Value,26-35
C006470,Pratyush Mody,Female,55,No,Yes,Punjab,Chandigarh,311967,Value,46-55
C006471,Hiral Dey,Female,26,No,No,Delhi,Delhi,475833,Value,26-35
C006472,Harrison Ravi,Female,27,No,No,Delhi,New Delhi,663882,Mass Market,26-35
C006473,Yadavi Narang,Female,37,No,Yes,Rajasthan,Jodhpur,270697,Premium,36-45
C006474,Jyoti Chad,Female,31,No,No,Delhi,New Delhi,773084,Mass Market,26-35
C006475,Ekalinga Bhakta,Female,31,No,No,Rajasthan,Udaipur,985077,Value,26-35
C006476,Charles Wadhwa,Female,43,No,No,Tamil Nadu,Coimbatore,236810,Mass Market,36-45
C006477,Janani Morar,Male,46,No,Yes,Uttar Pradesh,Noida,636320,Value,46-55
C006478,Aarna Sem,Male,66,Yes,No,Uttar Pradesh,Agra,546121,Mass Market,65+
C006479,Damyanti Luthra,Male,44,No,No,Rajasthan,Jaipur,912286,Premium,36-45
C006480,Victor Pau,Male,42,No,No,Uttar Pradesh,Lucknow,319419,Mass Market,36-45
C006481,Ishanvi Dhaliwal,Female,33,No,No,West Bengal,Kolkata,926511,Value,26-35
C006482,Raksha Wadhwa,Male,53,No,No,Rajasthan,Jaipur,802023,Premium,46-55
C006483,Isaac Shenoy,Female,51,No,No,Gujarat,Vadodara,521809,Mass Market,46-55
C006484,Ishani Mital,Male,33,No,No,Uttar Pradesh,Agra,124920,Mass Market,26-35
C006485,Ryan Lad,Male,50,No,Yes,Delhi,New Delhi,843597,Value,46-55
C006486,Samar Bansal,Male,20,No,No,Karnataka,Bengaluru,98065,High Value,18-25
C006487,Vihaan Suresh,Female,40,No,No,Delhi,Delhi,273801,Mass Market,36-45
C006488,Tristan Hayer,Male,28,No,No,Gujarat,Ahmedabad,584563,Mass Market,26-35
C006489,Teerth Sama,Male,65,Yes,No,Karnataka,Bengaluru,454053,Value,56-65
C006490,Ekapad Iyer,Female,35,No,No,Punjab,Chandigarh,65681,Mass Market,26-35
C006491,Qabil Sane,Female,64,Yes,No,Maharashtra,Pune,409852,Value,56-65
C006492,Yochana Som,Male,58,No,No,Telangana,Hyderabad,772962,Premium,56-65
C006493,Ekansh Pandit,Male,61,Yes,Yes,Tamil Nadu,Madurai,923467,Mass Market,56-65
C006494,Varsha Soman,Male,46,No,No,Kerala,Thiruvananthapuram,844617,Premium,46-55
C006495,Aditya Mangal,Female,67,Yes,Yes,Punjab,Ludhiana,274307,Value,65+
C006496,Qarin Mutti,Male,22,No,Yes,Telangana,Warangal,674001,High Value,18-25
C006497,Dhriti Golla,Male,41,No,No,Gujarat,Vadodara,766995,High Value,36-45
C006498,Sai Mohan,Male,46,No,Yes,Karnataka,Bengaluru,596071,Value,46-55
C006499,Eta Kala,Male,46,No,No,Madhya Pradesh,Indore,408476,Value,46-55
C006500,Upkaar Subramanian,Female,43,No,No,Gujarat,Ahmedabad,205622,Premium,36-45
C006501,Harrison Vala,Male,57,No,No,Madhya Pradesh,Bhopal,718038,Mass Market,56-65
C006502,Ishani Sandal,Male,20,No,Yes,Maharashtra,Nashik,437104,Mass Market,18-25
C006503,Raghav Master,Male,19,No,Yes,Gujarat,Surat,826096,High Value,18-25
C006504,Lakshmi Taneja,Male,42,No,No,Rajasthan,Jaipur,75079,Value,36-45
C006505,Varenya Savant,Male,36,No,Yes,Madhya Pradesh,Indore,522178,Mass Market,36-45
C006506,Nicholas Rao,Female,57,No,No,Rajasthan,Udaipur,667748,Premium,56-65
C006507,Dayita Kapur,Female,19,No,No,Maharashtra,Mumbai,893016,Value,18-25
C006508,Meghana Deshpande,Female,36,No,No,West Bengal,Kolkata,684263,Mass Market,36-45
C006509,Krisha Sani,Female,18,No,No,Madhya Pradesh,Bhopal,618913,Mass Market,18-25
C006510,Harita Ben,Female,44,No,Yes,Madhya Pradesh,Indore,596572,Mass Market,36-45
C006511,Balhaar Choudhury,Male,62,Yes,No,Kerala,Thiruvananthapuram,287818,High Value,56-65
C006512,Harini Srinivasan,Female,69,Yes,Yes,Telangana,Warangal,147623,High Value,65+
C006513,Anay Wali,Female,66,Yes,No,Kerala,Thiruvananthapuram,267094,Mass Market,65+
C006514,Harini Gade,Female,52,No,No,Gujarat,Ahmedabad,186771,Premium,46-55
C006515,Frederick Zachariah,Male,58,No,Yes,Gujarat,Vadodara,418146,Value,56-65
C006516,Bina Mani,Male,22,No,Yes,Tamil Nadu,Chennai,499129,Value,18-25
C006517,Chaitaly Ramakrishnan,Female,55,No,No,Madhya Pradesh,Indore,632280,Mass Market,46-55
C006518,Yoshita Varughese,Female,21,No,No,Uttar Pradesh,Lucknow,979801,Value,18-25
C006519,Tanvi Prabhakar,Female,34,No,Yes,Punjab,Amritsar,472096,Mass Market,26-35
C006520,Onkar Prabhakar,Male,70,Yes,No,Madhya Pradesh,Indore,386675,Mass Market,65+
C006521,Falguni Pall,Male,38,No,No,Rajasthan,Udaipur,965376,Mass Market,36-45
C006522,Zarna Choudhry,Male,70,Yes,No,Kerala,Thiruvananthapuram,39274,Mass Market,65+
C006523,Praneel Dhar,Female,65,Yes,No,Gujarat,Vadodara,438397,High Value,56-65
C006524,Ridhi Shere,Male,48,No,Yes,Telangana,Hyderabad,53083,High Value,46-55
C006525,Laksh Mistry,Male,65,Yes,No,Telangana,Warangal,601467,Premium,56-65
C006526,Siya Bumb,Female,39,No,No,Uttar Pradesh,Noida,511888,Mass Market,36-45
C006527,Akshay Narasimhan,Male,28,No,No,Kerala,Thiruvananthapuram,703224,Value,26-35
C006528,Adweta Narasimhan,Female,51,No,No,Telangana,Hyderabad,360437,Value,46-55
C006529,Amaira Jhaveri,Male,66,Yes,No,West Bengal,Kolkata,557663,Mass Market,65+
C006530,Watika Dutta,Female,32,No,Yes,Gujarat,Ahmedabad,81927,Mass Market,26-35
C006531,Henry Butala,Female,67,Yes,No,Delhi,New Delhi,848277,Value,65+
C006532,Teerth Balan,Female,27,No,No,Tamil Nadu,Madurai,947922,Mass Market,26-35
C006533,Yadavi Om,Female,55,No,Yes,Karnataka,Mysuru,19246,Premium,46-55
C006534,Ishaan Bumb,Male,49,No,No,Uttar Pradesh,Agra,595796,Value,46-55
C006535,Vyanjana Yohannan,Male,70,Yes,Yes,Madhya Pradesh,Indore,371193,Mass Market,65+
C006536,Anvi Nayar,Male,65,Yes,No,Maharashtra,Pune,170871,Value,56-65
C006537,Arin Ganesan,Female,48,No,No,Madhya Pradesh,Indore,508170,Mass Market,46-55
C006538,Sai Sidhu,Female,54,No,No,Telangana,Hyderabad,761352,Mass Market,46-55
C006539,Kamala Mutti,Male,61,Yes,No,Telangana,Warangal,281694,Mass Market,56-65
C006540,Pavani Sampath,Female,45,No,No,Uttar Pradesh,Kanpur,384554,Premium,36-45
C006541,Timothy Prakash,Male,48,No,No,Maharashtra,Pune,724475,Mass Market,46-55
C006542,Dhriti Thaman,Female,23,No,No,Delhi,Delhi,987920,Value,18-25
C006543,Ucchal Arora,Female,31,No,No,Maharashtra,Nagpur,482923,Mass Market,26-35
C006544,Robert Date,Male,40,No,Yes,Maharashtra,Nagpur,925996,Mass Market,36-45
C006545,Anmol Dara,Male,33,No,No,Kerala,Thiruvananthapuram,506601,Mass Market,26-35
C006546,Wridesh Buch,Male,42,No,No,Maharashtra,Mumbai,655865,Value,36-45
C006547,Yuvraj Walia,Female,56,No,No,Karnataka,Bengaluru,150355,Value,56-65
C006548,Urvi Mohanty,Male,19,No,No,Punjab,Amritsar,818006,Premium,18-25
C006549,Divya Palla,Male,55,No,No,Telangana,Hyderabad,56772,Mass Market,46-55
C006550,Yagnesh Sandhu,Male,58,No,Yes,Madhya Pradesh,Indore,360084,Mass Market,56-65
C006551,Daniel Wali,Male,56,No,No,Delhi,New Delhi,800639,Value,56-65
C006552,Harrison Thakkar,Male,51,No,No,Maharashtra,Mumbai,782369,Mass Market,46-55
C006553,Brijesh Mander,Female,68,Yes,No,Tamil Nadu,Coimbatore,99787,Mass Market,65+
C006554,Darsh Deshmukh,Male,57,No,No,Gujarat,Vadodara,191630,Mass Market,56-65
C006555,Simon Shenoy,Female,60,Yes,No,Delhi,New Delhi,651680,Premium,56-65
C006556,Nandini Boase,Female,42,No,No,Karnataka,Bengaluru,472153,Value,36-45
C006557,Watika Jha,Male,53,No,No,Madhya Pradesh,Indore,700935,Mass Market,46-55
C006558,Neelima Dey,Male,33,No,No,Karnataka,Mangaluru,170200,Value,26-35
C006559,Farhan Kalla,Female,35,No,No,Delhi,Delhi,550187,Premium,26-35
C006560,Yashodhara Rattan,Female,30,No,Yes,Telangana,Warangal,52994,Mass Market,26-35
C006561,Shaurya Pandit,Male,54,No,Yes,Tamil Nadu,Coimbatore,325543,Mass Market,46-55
C006562,Darpan Amble,Male,44,No,Yes,Rajasthan,Jaipur,492321,Value,36-45
C006563,Ekanta Sani,Male,51,No,No,Gujarat,Vadodara,430258,Value,46-55
C006564,Jeevika Manne,Female,28,No,Yes,Uttar Pradesh,Kanpur,303613,Mass Market,26-35
C006565,Yatin Chadha,Male,18,No,No,Karnataka,Bengaluru,276904,Value,18-25
C006566,Libni Prashad,Male,30,No,No,Madhya Pradesh,Indore,447309,Value,26-35
C006567,Vinaya Grewal,Female,47,No,No,Uttar Pradesh,Kanpur,107808,Premium,46-55
C006568,Idika D’Alia,Female,22,No,Yes,Punjab,Chandigarh,667845,Mass Market,18-25
C006569,Ladli Mannan,Male,35,No,Yes,Punjab,Chandigarh,343357,Mass Market,26-35
C006570,Maya Basak,Male,31,No,Yes,Telangana,Hyderabad,370118,Value,26-35
C006571,Yashoda Khatri,Female,30,No,No,Rajasthan,Udaipur,336136,Value,26-35
C006572,Vedika Gopal,Male,49,No,No,Madhya Pradesh,Bhopal,750605,Mass Market,46-55
C006573,Ayaan Dutt,Male,24,No,No,West Bengal,Kolkata,335116,Premium,18-25
C006574,Kritika Rout,Female,25,No,No,West Bengal,Howrah,784573,Value,18-25
C006575,Hemal Krish,Male,67,Yes,No,Uttar Pradesh,Noida,253034,Premium,65+
C006576,Peter Verma,Female,24,No,Yes,Madhya Pradesh,Indore,602732,Mass Market,18-25
C006577,Krishna Kumer,Female,69,Yes,No,Delhi,Delhi,699272,Premium,65+
C006578,Ekapad Sachar,Male,66,Yes,No,Tamil Nadu,Madurai,22940,Value,65+
C006579,Bakhshi Cheema,Male,33,No,No,Karnataka,Mysuru,975110,Mass Market,26-35
C006580,Ekiya Jayaraman,Female,60,Yes,Yes,West Bengal,Kolkata,939409,Mass Market,56-65
C006581,Chandani Rout,Female,48,No,No,Karnataka,Mysuru,567895,Mass Market,46-55
C006582,Brijesh Prakash,Female,68,Yes,Yes,Tamil Nadu,Chennai,459817,Value,65+
C006583,Baljiwan Gulati,Female,44,No,No,Tamil Nadu,Chennai,303292,Mass Market,36-45
C006584,Krishna Swaminathan,Male,50,No,No,Delhi,Delhi,422138,High Value,46-55
C006585,Abhiram Lalla,Female,70,Yes,No,Punjab,Chandigarh,332133,Premium,65+
C006586,Vidhi Saini,Male,46,No,No,Maharashtra,Nashik,4295,Premium,46-55
C006587,Pahal Desai,Male,25,No,Yes,Kerala,Thiruvananthapuram,30293,Value,18-25
C006588,Adya Lad,Male,50,No,No,Gujarat,Ahmedabad,958720,Premium,46-55
C006589,Sudiksha D’Alia,Male,58,No,Yes,Maharashtra,Nashik,75200,Mass Market,56-65
C006590,Edhitha Kakar,Female,36,No,No,Uttar Pradesh,Noida,556931,Value,36-45
C006591,Nisha Basu,Male,38,No,No,Madhya Pradesh,Bhopal,62314,Mass Market,36-45
C006592,Warhi Ratti,Male,58,No,No,Tamil Nadu,Coimbatore,874437,Mass Market,56-65
C006593,Aarush Ghose,Male,38,No,No,Maharashtra,Pune,53596,Mass Market,36-45
C006594,Yashasvi Yadav,Female,42,No,No,Kerala,Thiruvananthapuram,763009,Value,36-45
C006595,Yashodhara Sha,Female,59,No,No,Rajasthan,Jaipur,632527,Mass Market,56-65
C006596,Ekaja Panchal,Male,40,No,Yes,Maharashtra,Mumbai,976748,Premium,36-45
C006597,Warjas Narasimhan,Male,28,No,No,Telangana,Hyderabad,391420,High Value,26-35
C006598,Laban Swaminathan,Male,50,No,No,West Bengal,Howrah,756941,Mass Market,46-55
C006599,Sudiksha Lata,Female,37,No,No,Telangana,Hyderabad,314013,Value,36-45
C006600,Ansh Sandal,Female,42,No,No,Kerala,Kochi,842953,Premium,36-45
C006601,Hitesh Rajagopal,Male,43,No,No,Tamil Nadu,Coimbatore,718942,Mass Market,36-45
C006602,Bakhshi Jain,Female,57,No,No,West Bengal,Howrah,88856,High Value,56-65
C006603,Sathvik Thakur,Male,69,Yes,Yes,Telangana,Warangal,802852,Premium,65+
C006604,Yashica Tak,Female,29,No,No,Tamil Nadu,Chennai,200416,Mass Market,26-35
C006605,Upma Savant,Male,49,No,No,West Bengal,Howrah,851559,Mass Market,46-55
C006606,Yauvani Kapadia,Male,50,No,No,Maharashtra,Pune,487032,High Value,46-55
C006607,Tanish Ravel,Male,27,No,Yes,Kerala,Thiruvananthapuram,870395,High Value,26-35
C006608,Vaishnavi Sengupta,Male,21,No,No,Karnataka,Mangaluru,888842,Value,18-25
C006609,Zayan Chandra,Female,32,No,Yes,Maharashtra,Pune,594021,Mass Market,26-35
C006610,Abhiram Arora,Male,68,Yes,No,Karnataka,Mangaluru,980681,Value,65+
C006611,Ikshita Hans,Female,23,No,Yes,Punjab,Amritsar,563622,Mass Market,18-25
C006612,Arin Grewal,Female,44,No,No,Delhi,New Delhi,462655,High Value,36-45
C006613,Meghana Deol,Male,22,No,Yes,Tamil Nadu,Madurai,157723,Premium,18-25
C006614,Aishani Ganesan,Male,22,No,Yes,Madhya Pradesh,Indore,517274,Value,18-25
C006615,Adweta Bir,Male,35,No,No,Tamil Nadu,Chennai,792705,Mass Market,26-35
C006616,Viraj Chada,Female,45,No,Yes,Madhya Pradesh,Bhopal,461735,Premium,36-45
C006617,Ishani Seshadri,Male,52,No,Yes,Uttar Pradesh,Agra,606844,Mass Market,46-55
C006618,Krish Amble,Male,39,No,Yes,Rajasthan,Jaipur,67409,Mass Market,36-45
C006619,Ati Bhatti,Male,51,No,No,Karnataka,Mangaluru,260287,Value,46-55
C006620,Daksh Talwar,Female,21,No,No,Maharashtra,Nashik,71106,Value,18-25
C006621,Harish Kale,Male,35,No,Yes,Tamil Nadu,Coimbatore,802325,Premium,26-35
C006622,Anika Prabhu,Male,58,No,No,Punjab,Ludhiana,998008,Premium,56-65
C006623,Faqid Bhargava,Male,68,Yes,Yes,Karnataka,Bengaluru,484894,Mass Market,65+
C006624,Dayamai Chaudhary,Male,43,No,No,Tamil Nadu,Madurai,541124,Value,36-45
C006625,Maanas Malhotra,Female,59,No,No,Uttar Pradesh,Agra,296069,Value,56-65
C006626,Ayaan Soman,Male,39,No,No,Punjab,Amritsar,382172,Mass Market,36-45
C006627,Madhavi Kumer,Female,64,Yes,No,Maharashtra,Pune,218667,Premium,56-65
C006628,Samarth Goswami,Female,50,No,Yes,Maharashtra,Pune,396756,Value,46-55
C006629,Kashvi Brar,Female,60,Yes,No,Uttar Pradesh,Kanpur,659486,High Value,56-65
C006630,Chanchal Dhawan,Female,31,No,No,Karnataka,Mysuru,787855,Value,26-35
C006631,Bimala Atwal,Male,48,No,Yes,Kerala,Kochi,118972,Mass Market,46-55
C006632,Tanish Gera,Male,27,No,Yes,Madhya Pradesh,Indore,818706,Mass Market,26-35
C006633,Harish Chokshi,Female,68,Yes,Yes,Tamil Nadu,Madurai,378747,Mass Market,65+
C006634,Balendra Hans,Male,41,No,No,Uttar Pradesh,Lucknow,673268,Mass Market,36-45
C006635,Lavanya Vora,Female,38,No,No,Punjab,Ludhiana,361593,Value,36-45
C006636,Hardik Raj,Male,65,Yes,Yes,Tamil Nadu,Chennai,407620,Mass Market,56-65
C006637,Chandresh Soman,Female,25,No,Yes,Kerala,Kochi,820749,High Value,18-25
C006638,Manthan Rastogi,Female,49,No,No,Kerala,Thiruvananthapuram,962413,Mass Market,46-55
C006639,Omkaar Bhalla,Male,48,No,Yes,Karnataka,Mangaluru,459123,Value,46-55
C006640,Bakhshi Balay,Male,51,No,No,Uttar Pradesh,Lucknow,414215,Mass Market,46-55
C006641,Warjas Raman,Female,40,No,Yes,Kerala,Thiruvananthapuram,545143,Value,36-45
C006642,Krishna Boase,Female,42,No,No,West Bengal,Howrah,382500,Mass Market,36-45
C006643,Ronith Rout,Male,24,No,No,Kerala,Thiruvananthapuram,992051,Mass Market,18-25
C006644,Advaith Nori,Female,36,No,Yes,Kerala,Kochi,341594,Value,36-45
C006645,Vamakshi Munshi,Male,24,No,No,West Bengal,Howrah,834942,Value,18-25
C006646,Darpan Char,Male,64,Yes,No,Rajasthan,Jodhpur,527060,Value,56-65
C006647,Yagnesh Deshpande,Female,25,No,No,Punjab,Chandigarh,714976,Value,18-25
C006648,Advik Bal,Female,31,No,No,Tamil Nadu,Chennai,236917,Premium,26-35
C006649,Tarak Shenoy,Female,18,No,Yes,Delhi,New Delhi,324223,Premium,18-25
C006650,Ranveer Banerjee,Female,30,No,Yes,Punjab,Amritsar,177921,Premium,26-35
C006651,Onveer Dyal,Male,20,No,Yes,Uttar Pradesh,Agra,700524,Mass Market,18-25
C006652,Ikbal Jayaraman,Female,70,Yes,Yes,Karnataka,Bengaluru,960901,High Value,65+
C006653,Benjamin Upadhyay,Male,45,No,No,Punjab,Chandigarh,717209,High Value,36-45
C006654,Faqid Ramakrishnan,Male,55,No,No,Delhi,Delhi,27094,Premium,46-55
C006655,Lucky Grewal,Male,68,Yes,No,Madhya Pradesh,Bhopal,152119,Value,65+
C006656,Aryan Kulkarni,Male,32,No,No,Madhya Pradesh,Indore,178625,Mass Market,26-35
C006657,Ati Reddy,Male,53,No,No,Tamil Nadu,Madurai,156368,Premium,46-55
C006658,Warhi Choudhry,Male,70,Yes,No,Rajasthan,Jaipur,465045,Premium,65+
C006659,Ekapad Som,Male,20,No,Yes,Karnataka,Bengaluru,960628,Value,18-25
C006660,Suhani Kunda,Male,21,No,No,Gujarat,Surat,367492,Value,18-25
C006661,Yash Ray,Female,22,No,No,Uttar Pradesh,Kanpur,871136,Mass Market,18-25
C006662,Maanav Kar,Male,67,Yes,Yes,Delhi,New Delhi,543133,Mass Market,65+
C006663,Chaaya Deep,Male,43,No,Yes,Rajasthan,Udaipur,127064,Premium,36-45
C006664,Jalsa Dhawan,Female,42,No,No,Madhya Pradesh,Bhopal,478399,Mass Market,36-45
C006665,Mekhala Aurora,Female,27,No,No,West Bengal,Kolkata,497910,Value,26-35
C006666,Hema Golla,Female,25,No,Yes,Karnataka,Mysuru,33799,Premium,18-25
C006667,Anamika Butala,Male,29,No,No,Maharashtra,Nashik,618502,Mass Market,26-35
C006668,Anay Magar,Female,20,No,No,Gujarat,Ahmedabad,670644,Mass Market,18-25
C006669,Sanaya Som,Male,44,No,No,Delhi,Delhi,930577,Premium,36-45
C006670,Keya Bajaj,Male,67,Yes,Yes,Karnataka,Bengaluru,140692,Mass Market,65+
C006671,Qadim Salvi,Male,40,No,Yes,Kerala,Thiruvananthapuram,5428,Mass Market,36-45
C006672,Diya Chandra,Female,57,No,No,Tamil Nadu,Madurai,357408,Premium,56-65
C006673,Kalpit Singhal,Male,50,No,No,Punjab,Ludhiana,174444,Premium,46-55
C006674,Farhan Shroff,Male,31,No,No,Rajasthan,Udaipur,388258,Premium,26-35
C006675,Arjun Desai,Male,40,No,Yes,Delhi,New Delhi,355263,Value,36-45
C006676,Hemani Parmer,Female,48,No,No,Gujarat,Vadodara,338061,Value,46-55
C006677,Isaac Raja,Female,30,No,Yes,Maharashtra,Mumbai,799890,Premium,26-35
C006678,Karan Cherian,Male,29,No,No,West Bengal,Howrah,381006,Value,26-35
C006679,Indrajit Nagarajan,Female,52,No,No,Telangana,Warangal,105950,Value,46-55
C006680,Onkar Sani,Male,35,No,No,Maharashtra,Mumbai,614048,Value,26-35
C006681,Bhavika Wason,Female,38,No,Yes,Uttar Pradesh,Kanpur,871690,Mass Market,36-45
C006682,Aadhya Srinivas,Male,62,Yes,Yes,Uttar Pradesh,Agra,338210,Value,56-65
C006683,Yoshita Sama,Female,64,Yes,No,Punjab,Ludhiana,9114,Mass Market,56-65
C006684,Tanish Sheth,Male,59,No,No,Karnataka,Mangaluru,168509,Mass Market,56-65
C006685,Daniel Andra,Female,18,No,No,Gujarat,Vadodara,793983,High Value,18-25
C006686,Devika Shan,Male,55,No,No,West Bengal,Kolkata,469061,Mass Market,46-55
C006687,Arjun Vaidya,Male,58,No,No,Telangana,Hyderabad,960338,Mass Market,56-65
C006688,Raksha Chakrabarti,Male,59,No,No,Gujarat,Vadodara,238223,Mass Market,56-65
C006689,Bachittar Swaminathan,Male,64,Yes,No,Uttar Pradesh,Kanpur,375572,Value,56-65
C006690,Kalpit Chada,Male,26,No,Yes,Madhya Pradesh,Indore,59250,High Value,26-35
C006691,Charita Bassi,Female,40,No,No,Gujarat,Vadodara,887206,Premium,36-45
C006692,Netra Wadhwa,Male,31,No,No,West Bengal,Howrah,577677,Premium,26-35
C006693,Maya Datta,Female,28,No,No,Gujarat,Ahmedabad,130848,Premium,26-35
C006694,Eshana Karpe,Female,24,No,Yes,West Bengal,Kolkata,972006,High Value,18-25
C006695,Amruta Uppal,Female,48,No,No,Maharashtra,Nashik,329568,Mass Market,46-55
C006696,Anamika Sen,Female,41,No,No,Gujarat,Surat,574893,Value,36-45
C006697,Yamini Dugar,Female,43,No,No,Kerala,Thiruvananthapuram,706197,Mass Market,36-45
C006698,Udarsh Wable,Male,47,No,No,Uttar Pradesh,Lucknow,3814,Mass Market,46-55
C006699,Eiravati Mahal,Female,51,No,No,Punjab,Ludhiana,438801,Value,46-55
C006700,Rachit Divan,Male,63,Yes,No,Karnataka,Mysuru,315005,Value,56-65
C006701,Om Bhatti,Female,55,No,Yes,Gujarat,Ahmedabad,534858,Value,46-55
C006702,Ryan Swamy,Female,22,No,Yes,Telangana,Hyderabad,255614,Mass Market,18-25
C006703,Akshay Parmer,Male,22,No,Yes,West Bengal,Kolkata,784376,Mass Market,18-25
C006704,Aarav Joshi,Male,36,No,Yes,West Bengal,Kolkata,183257,Mass Market,36-45
C006705,Aarnav Bhat,Male,68,Yes,No,Uttar Pradesh,Kanpur,695352,Premium,65+
C006706,Andrew Venkataraman,Female,55,No,No,Telangana,Hyderabad,693604,Value,46-55
C006707,Yuvraj Manne,Female,45,No,No,Rajasthan,Udaipur,599040,High Value,36-45
C006708,Sudiksha Khatri,Male,43,No,Yes,Rajasthan,Jaipur,939589,Premium,36-45
C006709,Aayush Aggarwal,Female,59,No,Yes,Rajasthan,Udaipur,843244,Value,56-65
C006710,Jairaj Krishnan,Female,40,No,Yes,Rajasthan,Jodhpur,743425,Mass Market,36-45
C006711,Nidra Agate,Male,63,Yes,Yes,Gujarat,Vadodara,122869,Value,56-65
C006712,George Rajagopalan,Male,66,Yes,Yes,Rajasthan,Udaipur,293821,Premium,65+
C006713,Wahab Dewan,Female,47,No,No,Gujarat,Vadodara,628685,Value,46-55
C006714,Saksham Shan,Female,20,No,No,Madhya Pradesh,Indore,100735,Mass Market,18-25
C006715,Chaitanya Rama,Female,45,No,No,Delhi,New Delhi,132570,Value,36-45
C006716,Gayathri Mital,Male,50,No,No,Karnataka,Mysuru,414822,Mass Market,46-55
C006717,Pavani Srinivasan,Male,59,No,Yes,Gujarat,Surat,302595,High Value,56-65
C006718,Lipika Konda,Male,20,No,No,West Bengal,Howrah,573939,Value,18-25
C006719,Chandresh Bajaj,Male,22,No,No,Telangana,Warangal,426085,Mass Market,18-25
C006720,Theodore Krish,Male,36,No,Yes,Maharashtra,Nagpur,26259,Mass Market,36-45
C006721,Jagat Chatterjee,Female,59,No,Yes,Telangana,Hyderabad,435395,Premium,56-65
C006722,Sanaya Butala,Male,65,Yes,Yes,Gujarat,Ahmedabad,691720,Premium,56-65
C006723,Frederick Nadkarni,Female,18,No,Yes,Rajasthan,Jodhpur,36798,Value,18-25
C006724,Kala Lad,Male,55,No,No,Kerala,Thiruvananthapuram,736301,Value,46-55
C006725,Yachana Dhaliwal,Female,26,No,Yes,Telangana,Warangal,277374,Value,26-35
C006726,Mason Badami,Male,22,No,No,Madhya Pradesh,Bhopal,184487,Mass Market,18-25
C006727,Abha Arora,Male,63,Yes,Yes,Maharashtra,Mumbai,529184,High Value,56-65
C006728,Janani Jani,Male,59,No,No,Tamil Nadu,Coimbatore,90025,Value,56-65
C006729,William Mall,Female,51,No,Yes,West Bengal,Howrah,878257,Mass Market,46-55
C006730,Nirja Balan,Female,54,No,No,Gujarat,Surat,130220,Mass Market,46-55
C006731,Ekanta Prashad,Male,50,No,Yes,Karnataka,Mangaluru,735405,Mass Market,46-55
C006732,Bhanumati Mahajan,Male,42,No,Yes,West Bengal,Howrah,340164,Mass Market,36-45
C006733,Rachana Sathe,Female,59,No,No,Telangana,Hyderabad,850609,Value,56-65
C006734,Chatresh Chandran,Male,46,No,No,Tamil Nadu,Chennai,371986,Mass Market,46-55
C006735,Lakshit Loke,Male,42,No,Yes,Punjab,Ludhiana,851021,Premium,36-45
C006736,Liam Zacharia,Female,26,No,No,West Bengal,Kolkata,654819,Value,26-35
C006737,Yashica Doshi,Female,20,No,No,Delhi,New Delhi,220615,Mass Market,18-25
C006738,Tristan Varghese,Male,32,No,No,Telangana,Warangal,501917,Mass Market,26-35
C006739,Bhavya Agarwal,Male,21,No,No,Telangana,Hyderabad,987950,Value,18-25
C006740,Mahika Dhaliwal,Female,62,Yes,No,Gujarat,Surat,700622,Mass Market,56-65
C006741,Hiral Tella,Male,55,No,Yes,Kerala,Kochi,17759,Mass Market,46-55
C006742,Watika Lala,Male,37,No,No,Punjab,Chandigarh,748909,Mass Market,36-45
C006743,Laban Sibal,Female,66,Yes,Yes,West Bengal,Kolkata,393604,Mass Market,65+
C006744,Jagrati Hans,Female,40,No,No,Telangana,Warangal,707066,Mass Market,36-45
C006745,Devika Dutta,Male,54,No,No,Madhya Pradesh,Indore,579652,Mass Market,46-55
C006746,Hemangini Sha,Female,64,Yes,No,Maharashtra,Pune,398311,Premium,56-65
C006747,Abhiram Menon,Female,25,No,No,Maharashtra,Nashik,598221,Mass Market,18-25
C006748,Nathaniel Chandra,Male,54,No,No,Tamil Nadu,Chennai,16244,Value,46-55
C006749,Garima Chhabra,Female,62,Yes,No,Maharashtra,Pune,516961,Mass Market,56-65
C006750,Omya Boase,Male,50,No,No,Karnataka,Mangaluru,703408,Mass Market,46-55
C006751,Falak Pal,Male,50,No,No,Uttar Pradesh,Lucknow,978531,Premium,46-55
C006752,Bhavini Rao,Female,24,No,Yes,Karnataka,Mysuru,27439,Mass Market,18-25
C006753,Azad Bhat,Male,39,No,No,Karnataka,Mysuru,919165,Mass Market,36-45
C006754,Oscar Kanda,Male,22,No,No,Uttar Pradesh,Noida,594806,Value,18-25
C006755,Aishani Sandhu,Male,63,Yes,No,Tamil Nadu,Coimbatore,95279,Mass Market,56-65
C006756,Arjun Bhagat,Male,32,No,No,Kerala,Thiruvananthapuram,860725,Value,26-35
C006757,Joshua Kibe,Female,38,No,No,Rajasthan,Jodhpur,933302,Mass Market,36-45
C006758,Tara Chadha,Female,42,No,No,Madhya Pradesh,Bhopal,682205,Mass Market,36-45
C006759,Gaurav Gill,Female,34,No,No,Uttar Pradesh,Lucknow,845281,Mass Market,26-35
C006760,Joshua Sane,Male,67,Yes,Yes,Kerala,Thiruvananthapuram,497857,High Value,65+
C006761,Indali Chakraborty,Male,24,No,Yes,Gujarat,Ahmedabad,232661,Value,18-25
C006762,Ayushman Lalla,Male,67,Yes,No,West Bengal,Kolkata,382118,Value,65+
C006763,Advay Tank,Male,36,No,No,West Bengal,Kolkata,205025,Value,36-45
C006764,Radhika Nair,Male,69,Yes,No,West Bengal,Kolkata,130999,Premium,65+
C006765,Aarna Muni,Female,24,No,No,Telangana,Warangal,294264,Value,18-25
C006766,Chakradhar Mody,Female,57,No,No,Delhi,Delhi,707034,Premium,56-65
C006767,Maanas Sarraf,Female,62,Yes,Yes,Delhi,Delhi,621555,Value,56-65
C006768,Theodore Mital,Male,67,Yes,No,West Bengal,Howrah,742169,Mass Market,65+
C006769,Aryan Chhabra,Female,41,No,No,Madhya Pradesh,Bhopal,957594,Premium,36-45
C006770,Gaurangi Khalsa,Male,28,No,No,West Bengal,Howrah,904549,Premium,26-35
C006771,Jasmit Tata,Male,58,No,No,Madhya Pradesh,Bhopal,654782,Mass Market,56-65
C006772,Dayamai Swamy,Female,18,No,No,West Bengal,Howrah,409886,Value,18-25
C006773,Aashi Keer,Female,49,No,No,Rajasthan,Udaipur,611870,Value,46-55
C006774,Oviya Chacko,Male,57,No,Yes,Karnataka,Bengaluru,749890,Mass Market,56-65
C006775,Nimrat Warrior,Male,70,Yes,Yes,Punjab,Ludhiana,618020,High Value,65+
C006776,Nihal Nadkarni,Male,61,Yes,Yes,Tamil Nadu,Chennai,155677,Value,56-65
C006777,Jonathan Shanker,Female,19,No,Yes,Gujarat,Surat,216359,Value,18-25
C006778,Meera Sethi,Male,32,No,Yes,Rajasthan,Jaipur,444507,Mass Market,26-35
C006779,Yashodhara Ramanathan,Female,38,No,Yes,Rajasthan,Jodhpur,547889,Mass Market,36-45
C006780,Lila Panchal,Male,41,No,No,Madhya Pradesh,Bhopal,559398,Mass Market,36-45
C006781,Michael De,Male,67,Yes,No,Karnataka,Mysuru,751425,Mass Market,65+
C006782,Faraj Sathe,Male,34,No,No,Kerala,Kochi,742212,Value,26-35
C006783,Riya Uppal,Male,64,Yes,No,Telangana,Hyderabad,373600,Premium,56-65
C006784,Chaaya Solanki,Male,69,Yes,No,Gujarat,Surat,452323,Value,65+
C006785,Faris Dutta,Female,69,Yes,No,Telangana,Warangal,914204,Mass Market,65+
C006786,Sarthak Pathak,Female,26,No,No,Madhya Pradesh,Bhopal,793953,Mass Market,26-35
C006787,Balhaar Sachar,Female,52,No,Yes,Telangana,Hyderabad,307184,Value,46-55
C006788,Yashvi Mitter,Female,37,No,No,Tamil Nadu,Madurai,609035,Value,36-45
C006789,Charvi Dhingra,Female,36,No,No,Madhya Pradesh,Indore,490333,High Value,36-45
C006790,Wahab Munshi,Female,35,No,No,West Bengal,Howrah,393605,Premium,26-35
C006791,Shaurya Mohanty,Female,37,No,Yes,Kerala,Kochi,207311,Premium,36-45
C006792,Damyanti Saini,Male,47,No,No,Delhi,New Delhi,676238,Mass Market,46-55
C006793,Michael Choudhry,Male,57,No,Yes,Delhi,New Delhi,582630,Premium,56-65
C006794,Gabriel Nayar,Male,18,No,Yes,Kerala,Kochi,618030,Mass Market,18-25
C006795,Zayyan Parekh,Male,41,No,No,Madhya Pradesh,Indore,879426,Value,36-45
C006796,Ishanvi Kunda,Male,41,No,No,Uttar Pradesh,Lucknow,405475,Value,36-45
C006797,Anay Ratta,Female,64,Yes,No,Telangana,Hyderabad,156983,Value,56-65
C006798,Barkha Chakrabarti,Male,36,No,No,Tamil Nadu,Coimbatore,299181,Mass Market,36-45
C006799,Harrison Tailor,Male,47,No,No,Karnataka,Mangaluru,809191,Value,46-55
C006800,Faris Wali,Male,43,No,No,Delhi,New Delhi,701982,Mass Market,36-45
C006801,Ubika Krish,Male,59,No,Yes,Madhya Pradesh,Bhopal,717956,Mass Market,56-65
C006802,Pushti Kaur,Male,61,Yes,Yes,Rajasthan,Jodhpur,858766,Value,56-65
C006803,Umang Nazareth,Male,55,No,No,Telangana,Warangal,217744,High Value,46-55
C006804,Xiti Thakkar,Male,46,No,No,Kerala,Kochi,156574,Premium,46-55
C006805,Dhruv Wable,Male,30,No,Yes,Maharashtra,Pune,759824,Value,26-35
C006806,Oni Yadav,Female,21,No,Yes,Gujarat,Vadodara,328180,Mass Market,18-25
C006807,Nidhi Ravel,Female,62,Yes,No,Gujarat,Vadodara,295584,Mass Market,56-65
C006808,Andrew Palan,Male,34,No,No,Delhi,New Delhi,573526,Mass Market,26-35
C006809,Harrison Bassi,Male,50,No,No,Delhi,Delhi,71491,High Value,46-55
C006810,Gavin Dyal,Male,22,No,No,Rajasthan,Jodhpur,104652,Mass Market,18-25
C006811,Deepa Hayre,Female,45,No,Yes,Punjab,Chandigarh,404564,Premium,36-45
C006812,Fitan Grewal,Male,41,No,No,West Bengal,Howrah,431290,Premium,36-45
C006813,Ayushman Dani,Male,34,No,No,Delhi,Delhi,826512,Value,26-35
C006814,Charan Mukhopadhyay,Female,67,Yes,Yes,Madhya Pradesh,Indore,729926,High Value,65+
C006815,Aayush Khatri,Male,56,No,No,Maharashtra,Nagpur,370095,Mass Market,56-65
C006816,Lucky Chaudhry,Male,65,Yes,No,Punjab,Chandigarh,139122,Value,56-65
C006817,Chatresh Bhardwaj,Male,57,No,No,Rajasthan,Jaipur,761584,Premium,56-65
C006818,Nihal Bhatia,Female,61,Yes,Yes,Madhya Pradesh,Bhopal,511874,Value,56-65
C006819,Henry Sekhon,Female,63,Yes,No,Delhi,Delhi,231858,Mass Market,56-65
C006820,Faris Chakraborty,Female,68,Yes,No,Tamil Nadu,Chennai,132975,Mass Market,65+
C006821,Bachittar Arya,Male,28,No,No,Gujarat,Surat,34097,Premium,26-35
C006822,Chameli Soman,Male,29,No,Yes,Madhya Pradesh,Bhopal,814854,Mass Market,26-35
C006823,Wridesh Chhabra,Female,30,No,No,Maharashtra,Pune,627481,High Value,26-35
C006824,Hardik Shukla,Female,25,No,No,Delhi,New Delhi,317852,Mass Market,18-25
C006825,Chakradev Cheema,Male,18,No,No,Madhya Pradesh,Bhopal,642846,Value,18-25
C006826,Nachiket Pant,Female,26,No,No,Telangana,Warangal,192617,Value,26-35
C006827,Yashica Kuruvilla,Male,45,No,No,Delhi,Delhi,869274,Value,36-45
C006828,Bhavani Shukla,Male,19,No,Yes,Punjab,Ludhiana,900391,Value,18-25
C006829,Janya Andra,Female,31,No,No,Gujarat,Vadodara,102811,Premium,26-35
C006830,Faraj Jha,Male,30,No,Yes,Telangana,Hyderabad,170404,Value,26-35
C006831,Harini Kapoor,Female,65,Yes,Yes,Punjab,Amritsar,873748,Premium,56-65
C006832,Noah Dar,Male,19,No,No,Karnataka,Mangaluru,521702,Mass Market,18-25
C006833,Urmi Ganesan,Male,21,No,Yes,Gujarat,Surat,739701,Mass Market,18-25
C006834,Aarush Sinha,Female,29,No,No,Uttar Pradesh,Kanpur,316295,Mass Market,26-35
C006835,Upadhriti Bhalla,Female,65,Yes,No,Rajasthan,Udaipur,77196,Mass Market,56-65
C006836,Upadhriti Choudhury,Male,27,No,No,Delhi,New Delhi,674166,Value,26-35
C006837,Hitesh Sandhu,Male,20,No,No,Karnataka,Mangaluru,648588,Value,18-25
C006838,Yauvani Choudhry,Female,21,No,No,Delhi,Delhi,442450,Premium,18-25
C006839,Mohammed Dayal,Male,23,No,Yes,Madhya Pradesh,Indore,988645,Mass Market,18-25
C006840,Leena Krishnamurthy,Female,40,No,No,West Bengal,Kolkata,868451,Mass Market,36-45
C006841,Vritti Dara,Female,22,No,Yes,Uttar Pradesh,Lucknow,652766,Premium,18-25
C006842,Vedhika Nigam,Male,67,Yes,No,Maharashtra,Nagpur,315525,High Value,65+
C006843,Banjeet Sem,Male,20,No,No,Punjab,Chandigarh,178321,High Value,18-25
C006844,Hitesh Amble,Male,27,No,No,Karnataka,Mysuru,268186,Premium,26-35
C006845,Bhavini Aurora,Female,60,Yes,Yes,Gujarat,Vadodara,63458,Value,56-65
C006846,Indira Shroff,Male,36,No,Yes,Telangana,Hyderabad,697710,High Value,36-45
C006847,Alexander Gara,Male,31,No,No,Madhya Pradesh,Bhopal,568826,Premium,26-35
C006848,Chaaya Hari,Male,38,No,Yes,Madhya Pradesh,Bhopal,424235,High Value,36-45
C006849,Tanay Rana,Female,60,Yes,No,Maharashtra,Mumbai,887005,Mass Market,56-65
C006850,Nicholas Dara,Male,45,No,No,Uttar Pradesh,Kanpur,513627,High Value,36-45
C006851,Baljiwan Rajagopalan,Male,38,No,Yes,West Bengal,Kolkata,586182,Value,36-45
C006852,Indira Shah,Female,53,No,Yes,Punjab,Amritsar,140848,Mass Market,46-55
C006853,Mitali Sodhi,Female,41,No,No,Kerala,Kochi,426154,Mass Market,36-45
C006854,Lopa Savant,Female,55,No,No,West Bengal,Kolkata,121627,Premium,46-55
C006855,Dominic Sarkar,Male,34,No,Yes,Kerala,Thiruvananthapuram,733200,Value,26-35
C006856,Yatan Patla,Male,39,No,Yes,Maharashtra,Pune,119368,High Value,36-45
C006857,Gaurav Nagy,Female,36,No,Yes,Uttar Pradesh,Lucknow,297480,Mass Market,36-45
C006858,Jack Ray,Male,62,Yes,Yes,Kerala,Kochi,335235,Value,56-65
C006859,Maanav Rama,Female,27,No,No,Kerala,Thiruvananthapuram,596383,Mass Market,26-35
C006860,Aayush Srinivasan,Female,28,No,No,Rajasthan,Udaipur,607491,Value,26-35
C006861,Teerth Hora,Male,55,No,No,Punjab,Amritsar,981555,Value,46-55
C006862,Chakradhar Virk,Female,19,No,No,Kerala,Kochi,139604,Value,18-25
C006863,Naksh Manda,Female,50,No,Yes,Madhya Pradesh,Bhopal,510424,Mass Market,46-55
C006864,Isaiah Yohannan,Male,60,Yes,No,Kerala,Kochi,584658,Mass Market,56-65
C006865,Laksh Mani,Male,48,No,No,Tamil Nadu,Coimbatore,335717,Mass Market,46-55
C006866,Yahvi Bhatti,Male,65,Yes,No,Telangana,Warangal,853849,Premium,56-65
C006867,Arjun Anne,Male,52,No,No,Maharashtra,Mumbai,84772,Mass Market,46-55
C006868,Hredhaan Sandal,Male,54,No,No,Uttar Pradesh,Kanpur,972809,Mass Market,46-55
C006869,Alexander Mutti,Female,64,Yes,No,Rajasthan,Jodhpur,771400,Value,56-65
C006870,Chakradhar Din,Female,64,Yes,Yes,Delhi,New Delhi,640879,Premium,56-65
C006871,Jyoti Bobal,Male,53,No,No,Telangana,Warangal,736188,Mass Market,46-55
C006872,Vamakshi Patla,Male,40,No,No,Telangana,Warangal,752452,Mass Market,36-45
C006873,Bina Raval,Female,53,No,No,West Bengal,Howrah,642011,Value,46-55
C006874,Vihaan Narayan,Male,57,No,No,Karnataka,Mysuru,829548,High Value,56-65
C006875,Dayita Chana,Female,56,No,No,Rajasthan,Jaipur,211215,Value,56-65
C006876,Aarush Nanda,Male,43,No,No,Punjab,Ludhiana,633381,Mass Market,36-45
C006877,Jagat Majumdar,Male,42,No,No,West Bengal,Howrah,984276,Value,36-45
C006878,Osha Lad,Male,34,No,No,Madhya Pradesh,Bhopal,177069,High Value,26-35
C006879,Vritti Tiwari,Female,32,No,No,Kerala,Thiruvananthapuram,533701,Value,26-35
C006880,Jason Nagarajan,Male,54,No,No,Kerala,Thiruvananthapuram,639986,Mass Market,46-55
C006881,Yatin Nazareth,Female,62,Yes,Yes,Telangana,Hyderabad,143646,Mass Market,56-65
C006882,Indrajit Devan,Male,21,No,No,Uttar Pradesh,Noida,969054,High Value,18-25
C006883,Saumya Tailor,Male,39,No,No,Gujarat,Vadodara,219092,Premium,36-45
C006884,Guneet Desai,Male,34,No,No,Karnataka,Mysuru,712584,Value,26-35
C006885,Kashish Tank,Female,39,No,Yes,West Bengal,Howrah,476083,Mass Market,36-45
C006886,Harita Pathak,Female,34,No,No,Gujarat,Surat,735460,Value,26-35
C006887,Mohammed Puri,Male,31,No,Yes,Rajasthan,Jodhpur,797407,Mass Market,26-35
C006888,Triya Dyal,Male,31,No,No,Tamil Nadu,Chennai,856449,Mass Market,26-35
C006889,Leela Bahl,Male,34,No,Yes,Gujarat,Vadodara,559334,Premium,26-35
C006890,Chakrika Master,Male,25,No,No,Maharashtra,Nashik,954680,Mass Market,18-25
C006891,Kala Mammen,Male,51,No,Yes,Rajasthan,Udaipur,220976,Mass Market,46-55
C006892,Turvi Sidhu,Female,43,No,Yes,Maharashtra,Nashik,653175,High Value,36-45
C006893,Balhaar Parmar,Female,62,Yes,No,Karnataka,Bengaluru,962742,Mass Market,56-65
C006894,Riya Chaudry,Male,47,No,Yes,Kerala,Kochi,341283,Premium,46-55
C006895,Triveni Jani,Male,39,No,No,Delhi,New Delhi,370375,Value,36-45
C006896,Xiti Sheth,Female,33,No,No,Gujarat,Ahmedabad,696857,High Value,26-35
C006897,Janaki Rajagopalan,Female,47,No,No,Rajasthan,Jodhpur,391691,Premium,46-55
C006898,Vasana Wali,Male,33,No,Yes,Rajasthan,Jodhpur,946893,Premium,26-35
C006899,Vasana Bhat,Male,55,No,No,West Bengal,Howrah,276616,Mass Market,46-55
C006900,Guneet Sur,Male,41,No,Yes,West Bengal,Kolkata,984811,Value,36-45
C006901,Damyanti Kari,Male,53,No,No,Rajasthan,Udaipur,225125,High Value,46-55
C006902,Quincy Sathe,Male,52,No,No,Tamil Nadu,Coimbatore,481532,Mass Market,46-55
C006903,Elijah Mitra,Male,23,No,Yes,Karnataka,Bengaluru,606398,Premium,18-25
C006904,Tripti Golla,Female,21,No,No,Delhi,New Delhi,808554,Mass Market,18-25
C006905,Chandresh Edwin,Male,35,No,Yes,Karnataka,Mysuru,60993,Mass Market,26-35
C006906,Gaurangi Lad,Male,23,No,No,Punjab,Amritsar,7894,Mass Market,18-25
C006907,Neha Divan,Male,43,No,No,Punjab,Ludhiana,506177,Mass Market,36-45
C006908,Quincy Varty,Female,54,No,No,Karnataka,Mysuru,382075,High Value,46-55
C006909,Chakradev Sen,Female,44,No,No,Kerala,Kochi,134865,Premium,36-45
C006910,Priya Krishna,Male,58,No,No,West Bengal,Howrah,968103,Value,56-65
C006911,Advaith Sehgal,Male,28,No,No,Maharashtra,Pune,22401,Premium,26-35
C006912,Samuel Dhawan,Female,55,No,No,West Bengal,Kolkata,328159,Value,46-55
C006913,Ekansh Jhaveri,Male,33,No,No,Gujarat,Ahmedabad,431246,Premium,26-35
C006914,Sathvik Rattan,Male,36,No,No,Punjab,Ludhiana,400940,Premium,36-45
C006915,Omisha Devi,Male,60,Yes,No,Madhya Pradesh,Bhopal,378141,Mass Market,56-65
C006916,Jeremiah Kamdar,Male,70,Yes,Yes,Delhi,Delhi,958736,Value,65+
C006917,Yamini Soman,Male,32,No,Yes,Madhya Pradesh,Indore,634051,Value,26-35
C006918,Niharika Balan,Female,43,No,Yes,Maharashtra,Nagpur,5723,High Value,36-45
C006919,Zansi Virk,Female,58,No,No,Uttar Pradesh,Kanpur,327918,Value,56-65
C006920,Vivaan Goda,Male,48,No,Yes,Delhi,Delhi,331671,Premium,46-55
C006921,Gaurika Prabhakar,Female,36,No,No,Telangana,Warangal,299681,Premium,36-45
C006922,Aashi Ahuja,Male,68,Yes,No,Uttar Pradesh,Noida,548144,Value,65+
C006923,Atharv Vohra,Male,41,No,No,Uttar Pradesh,Lucknow,335215,Premium,36-45
C006924,Urvi Iyengar,Female,26,No,No,Kerala,Kochi,23247,Mass Market,26-35
C006925,Fiyaz Narang,Female,40,No,Yes,Punjab,Chandigarh,687927,Mass Market,36-45
C006926,Pushti Kurian,Male,21,No,No,Maharashtra,Nagpur,855137,Premium,18-25
C006927,Dipta Handa,Male,27,No,No,Delhi,Delhi,359797,Mass Market,26-35
C006928,Nisha Seshadri,Female,26,No,No,Delhi,Delhi,878417,Mass Market,26-35
C006929,Urvi Tella,Female,36,No,No,Kerala,Kochi,793936,Value,36-45
C006930,Xalak Nori,Female,32,No,Yes,Delhi,Delhi,949957,Value,26-35
C006931,Aachal Dutt,Male,68,Yes,No,Rajasthan,Jodhpur,20352,High Value,65+
C006932,Faraj Bala,Male,51,No,Yes,Rajasthan,Jaipur,48114,High Value,46-55
C006933,Aashi Din,Male,59,No,No,Madhya Pradesh,Bhopal,813893,Value,56-65
C006934,Vansha Kade,Male,36,No,Yes,Kerala,Kochi,138634,Value,36-45
C006935,Kalpit Shah,Female,66,Yes,No,Rajasthan,Jaipur,352493,Premium,65+
C006936,Pranit Bhasin,Male,69,Yes,Yes,Kerala,Kochi,104176,Value,65+
C006937,Parth Din,Male,38,No,No,Telangana,Warangal,851030,Mass Market,36-45
C006938,Harshil Cherian,Female,51,No,Yes,Rajasthan,Jodhpur,640403,Premium,46-55
C006939,Ucchal Prabhakar,Male,68,Yes,No,West Bengal,Kolkata,621188,Premium,65+
C006940,Pooja Dara,Male,34,No,No,Rajasthan,Udaipur,690438,Mass Market,26-35
C006941,Hredhaan Sampath,Female,35,No,Yes,Maharashtra,Nagpur,148219,Premium,26-35
C006942,Dakshesh Menon,Female,34,No,Yes,Karnataka,Mangaluru,206244,Value,26-35
C006943,Kamya Comar,Female,19,No,No,Madhya Pradesh,Bhopal,850166,Mass Market,18-25
C006944,Amrita Raval,Male,68,Yes,No,Gujarat,Vadodara,150995,Value,65+
C006945,Bachittar Prasad,Female,18,No,No,Maharashtra,Nashik,568113,Mass Market,18-25
C006946,Hemang Sandal,Female,60,Yes,No,Telangana,Warangal,315329,Mass Market,56-65
C006947,Sarthak Gola,Male,27,No,Yes,Uttar Pradesh,Agra,149392,Premium,26-35
C006948,Ayushman Gole,Male,54,No,Yes,West Bengal,Kolkata,235963,High Value,46-55
C006949,Akshay Chandran,Female,65,Yes,No,Maharashtra,Nagpur,726247,Mass Market,56-65
C006950,Qarin Rao,Male,22,No,Yes,Kerala,Kochi,939165,High Value,18-25
C006951,Warhi Brahmbhatt,Female,29,No,Yes,Gujarat,Surat,773087,Mass Market,26-35
C006952,Pahal Bakshi,Male,53,No,Yes,Gujarat,Ahmedabad,403648,Mass Market,46-55
C006953,Shravya Shetty,Male,48,No,Yes,Kerala,Kochi,25406,Mass Market,46-55
C006954,Tarak Buch,Male,55,No,Yes,Delhi,New Delhi,676517,Mass Market,46-55
C006955,Rishi Sehgal,Female,68,Yes,No,Gujarat,Surat,775329,Mass Market,65+
C006956,Hema Apte,Male,26,No,No,Madhya Pradesh,Bhopal,236556,High Value,26-35
C006957,Bishakha Issac,Male,61,Yes,No,Delhi,New Delhi,414930,Mass Market,56-65
C006958,Qasim Sachdev,Female,43,No,Yes,Rajasthan,Jodhpur,159038,Mass Market,36-45
C006959,Qadim Kulkarni,Female,32,No,Yes,West Bengal,Kolkata,403092,Premium,26-35
C006960,Krisha Kapur,Female,33,No,No,Gujarat,Ahmedabad,834364,Mass Market,26-35
C006961,Ridhi Dutta,Male,30,No,No,Madhya Pradesh,Bhopal,566309,Value,26-35
C006962,Sachi Sant,Male,42,No,Yes,Gujarat,Surat,669580,Value,36-45
C006963,Abdul Zacharia,Female,47,No,No,Uttar Pradesh,Agra,940664,Mass Market,46-55
C006964,Bachittar Rao,Female,70,Yes,No,Uttar Pradesh,Kanpur,651571,Premium,65+
C006965,Abha Bhat,Male,24,No,No,Madhya Pradesh,Indore,923002,Mass Market,18-25
C006966,Inaya Nair,Male,69,Yes,Yes,Madhya Pradesh,Bhopal,492844,Mass Market,65+
C006967,Theodore Kar,Female,21,No,No,Delhi,Delhi,507429,Mass Market,18-25
C006968,Turvi Dugar,Male,60,Yes,No,Karnataka,Mangaluru,803794,Value,56-65
C006969,Pranit Zachariah,Female,57,No,No,Madhya Pradesh,Indore,105,Value,56-65
C006970,Nathaniel Dalal,Male,55,No,No,West Bengal,Kolkata,897790,Value,46-55
C006971,Tristan Pall,Male,47,No,Yes,Punjab,Amritsar,649644,Value,46-55
C006972,Chanchal Sanghvi,Female,27,No,No,Madhya Pradesh,Indore,216968,Value,26-35
C006973,Jeremiah Sani,Male,47,No,No,Kerala,Kochi,869797,Mass Market,46-55
C006974,Sneha Rana,Male,56,No,No,Uttar Pradesh,Noida,485963,High Value,56-65
C006975,Onveer Setty,Male,24,No,No,Kerala,Thiruvananthapuram,722315,High Value,18-25
C006976,Daksha Parekh,Male,53,No,No,Gujarat,Surat,605794,Value,46-55
C006977,Vrinda Lanka,Female,52,No,Yes,Punjab,Amritsar,575810,Mass Market,46-55
C006978,Arin Sethi,Female,41,No,Yes,Maharashtra,Nagpur,154475,Value,36-45
C006979,Yashasvi Saran,Female,56,No,No,Punjab,Ludhiana,245737,Mass Market,56-65
C006980,Aarnav Sahota,Male,53,No,Yes,West Bengal,Howrah,800203,Value,46-55
C006981,Januja Sachar,Male,62,Yes,Yes,Punjab,Chandigarh,870789,Mass Market,56-65
C006982,Omkaar Basu,Male,37,No,No,Maharashtra,Nagpur,178322,Premium,36-45
C006983,Harshil Garg,Female,66,Yes,No,Tamil Nadu,Chennai,91557,Mass Market,65+
C006984,Noah Grewal,Female,49,No,Yes,Uttar Pradesh,Lucknow,222232,High Value,46-55
C006985,Kamya Mistry,Female,56,No,No,Madhya Pradesh,Indore,17542,Mass Market,56-65
C006986,Bachittar Mammen,Male,66,Yes,Yes,Punjab,Amritsar,988320,Value,65+
C006987,Bakhshi Kar,Male,43,No,Yes,Madhya Pradesh,Bhopal,242348,High Value,36-45
C006988,Naksh Pall,Male,43,No,Yes,Uttar Pradesh,Kanpur,906184,Mass Market,36-45
C006989,Yug Jhaveri,Male,53,No,Yes,Maharashtra,Nashik,672785,High Value,46-55
C006990,Abeer Ganesh,Male,60,Yes,No,Gujarat,Surat,302394,Mass Market,56-65
C006991,Ishita Bhavsar,Female,52,No,No,Karnataka,Mysuru,771467,High Value,46-55
C006992,Mitesh Prasad,Male,60,Yes,No,Kerala,Kochi,390921,High Value,56-65
C006993,Hemangini Bhargava,Male,52,No,Yes,Uttar Pradesh,Lucknow,701832,Mass Market,46-55
C006994,Upkaar Nazareth,Male,29,No,No,Kerala,Kochi,403169,Premium,26-35
C006995,Falguni Bandi,Female,50,No,Yes,Karnataka,Bengaluru,743418,Mass Market,46-55
C006996,Nidhi Thaman,Female,53,No,Yes,Delhi,New Delhi,576515,Mass Market,46-55
C006997,Sathvik Hari,Female,31,No,No,Rajasthan,Jaipur,218645,Mass Market,26-35
C006998,Reyansh Gaba,Female,50,No,No,Karnataka,Mangaluru,194151,Mass Market,46-55
C006999,Yatin Ramesh,Male,63,Yes,Yes,Tamil Nadu,Madurai,638618,Value,56-65
C007000,Pooja Deo,Female,62,Yes,Yes,Kerala,Kochi,854030,Value,56-65
C007001,Avi Palan,Male,62,Yes,No,Gujarat,Surat,253555,Premium,56-65
C007002,Jason Date,Male,41,No,No,Kerala,Thiruvananthapuram,397205,Mass Market,36-45
C007003,Anamika Chana,Female,32,No,No,Madhya Pradesh,Indore,6420,High Value,26-35
C007004,Dakshesh Sawhney,Female,48,No,No,Madhya Pradesh,Indore,259739,Mass Market,46-55
C007005,Maya Munshi,Male,34,No,No,Maharashtra,Pune,707106,Mass Market,26-35
C007006,Daksh Dalal,Male,29,No,Yes,West Bengal,Kolkata,113032,Premium,26-35
C007007,Xavier Taneja,Male,39,No,No,Punjab,Ludhiana,323543,Premium,36-45
C007008,Rudra Borra,Male,40,No,Yes,West Bengal,Howrah,745365,Premium,36-45
C007009,Tripti More,Male,43,No,Yes,Tamil Nadu,Coimbatore,26741,Value,36-45
C007010,Arunima Dutta,Male,31,No,No,Uttar Pradesh,Kanpur,163824,Mass Market,26-35
C007011,Alexander Rajagopalan,Male,29,No,No,Punjab,Chandigarh,962239,Mass Market,26-35
C007012,Amrita Chander,Female,67,Yes,Yes,Delhi,Delhi,248439,Value,65+
C007013,Sara Oommen,Male,21,No,No,Tamil Nadu,Madurai,99607,Value,18-25
C007014,Kevin Golla,Male,63,Yes,No,Delhi,Delhi,910515,Mass Market,56-65
C007015,Sanya Borra,Male,68,Yes,Yes,Delhi,New Delhi,710816,Value,65+
C007016,Harish Subramaniam,Female,30,No,Yes,Kerala,Thiruvananthapuram,359851,Premium,26-35
C007017,Vincent Rattan,Male,35,No,Yes,Punjab,Chandigarh,320928,Premium,26-35
C007018,Pallavi Mahal,Male,60,Yes,Yes,Uttar Pradesh,Lucknow,534249,Mass Market,56-65
C007019,Eiravati Dora,Male,45,No,No,West Bengal,Kolkata,15280,Value,36-45
C007020,Zayan Rajagopal,Female,55,No,No,Telangana,Hyderabad,648615,Mass Market,46-55
C007021,Lucky Bal,Female,58,No,No,Punjab,Amritsar,799324,Mass Market,56-65
C007022,Jai Sen,Female,61,Yes,Yes,Rajasthan,Jaipur,964928,Premium,56-65
C007023,Avi Agrawal,Female,36,No,Yes,Punjab,Amritsar,389996,Value,36-45
C007024,Amruta Murty,Female,63,Yes,Yes,Punjab,Chandigarh,126699,Premium,56-65
C007025,Anamika Bhat,Female,64,Yes,Yes,Telangana,Warangal,5476,Mass Market,56-65
C007026,Ojas Cherian,Male,60,Yes,Yes,Maharashtra,Pune,249442,High Value,56-65
C007027,Irya Karpe,Male,55,No,No,Kerala,Kochi,818325,Mass Market,46-55
C007028,Isha Anne,Female,63,Yes,Yes,Madhya Pradesh,Indore,126691,Premium,56-65
C007029,Girindra Madan,Male,20,No,No,Karnataka,Bengaluru,827297,Mass Market,18-25
C007030,Liam Chaudhry,Male,36,No,No,Madhya Pradesh,Bhopal,136908,Mass Market,36-45
C007031,Chandani Khanna,Female,37,No,No,Kerala,Kochi,602296,Mass Market,36-45
C007032,Zansi Sathe,Male,42,No,Yes,Maharashtra,Mumbai,165012,Mass Market,36-45
C007033,Triya Dey,Female,28,No,No,Delhi,New Delhi,40341,Value,26-35
C007034,Unnati Date,Female,34,No,No,Delhi,Delhi,609713,High Value,26-35
C007035,Zayan Deep,Male,66,Yes,Yes,West Bengal,Howrah,779386,Mass Market,65+
C007036,Girik Thaker,Female,52,No,No,Telangana,Hyderabad,47042,Value,46-55
C007037,Aachal Nagy,Male,31,No,No,Madhya Pradesh,Indore,866478,Premium,26-35
C007038,Pranit Amble,Male,56,No,No,Kerala,Kochi,359430,Value,56-65
C007039,Vasudha Tailor,Male,36,No,Yes,Uttar Pradesh,Lucknow,226941,Mass Market,36-45
C007040,Raagini Tailor,Female,20,No,No,Delhi,New Delhi,354318,High Value,18-25
C007041,Rushil Joshi,Female,51,No,No,Uttar Pradesh,Agra,50982,Mass Market,46-55
C007042,Onkar Sani,Male,66,Yes,No,Gujarat,Ahmedabad,162593,Value,65+
C007043,Girish Parmar,Female,58,No,No,Madhya Pradesh,Bhopal,240840,Premium,56-65
C007044,Noah Oak,Male,39,No,No,Rajasthan,Jaipur,493834,Mass Market,36-45
C007045,Bimala Sant,Female,55,No,Yes,West Bengal,Kolkata,623252,Premium,46-55
C007046,Dakshesh Venkatesh,Male,44,No,No,Punjab,Ludhiana,440291,Mass Market,36-45
C007047,Yahvi Parmer,Female,38,No,No,Rajasthan,Udaipur,322760,Mass Market,36-45
C007048,Onveer Nagi,Male,58,No,Yes,Uttar Pradesh,Lucknow,921916,Mass Market,56-65
C007049,Vanya Deshmukh,Male,48,No,Yes,Kerala,Kochi,806438,High Value,46-55
C007050,Orinder Badami,Male,44,No,No,Rajasthan,Jaipur,512998,Premium,36-45
C007051,Mitali Subramaniam,Female,54,No,No,Gujarat,Vadodara,631805,Mass Market,46-55
C007052,Om Patil,Male,19,No,Yes,Rajasthan,Jaipur,97690,Mass Market,18-25
C007053,Tarak Nagar,Female,64,Yes,Yes,Rajasthan,Udaipur,635077,Mass Market,56-65
C007054,Faris Ramanathan,Male,26,No,No,Delhi,New Delhi,188593,Value,26-35
C007055,Nathan Gera,Male,36,No,No,Delhi,New Delhi,753359,Premium,36-45
C007056,Inaya Anand,Male,59,No,Yes,Punjab,Amritsar,95332,High Value,56-65
C007057,Qadim Pandit,Female,53,No,No,Maharashtra,Nagpur,335069,Premium,46-55
C007058,Om Mital,Male,27,No,Yes,Madhya Pradesh,Indore,433890,Value,26-35
C007059,Orinder Sabharwal,Female,57,No,Yes,Delhi,New Delhi,547127,Mass Market,56-65
C007060,Zayan Gole,Female,62,Yes,No,West Bengal,Kolkata,664485,Mass Market,56-65
C007061,Gautam Gara,Female,56,No,Yes,Punjab,Amritsar,786892,Value,56-65
C007062,Yatan Mahal,Male,24,No,No,Karnataka,Mysuru,855127,Value,18-25
C007063,Bhavna Gill,Female,21,No,Yes,Telangana,Warangal,118360,Premium,18-25
C007064,Agastya Sahni,Female,32,No,No,Telangana,Warangal,370554,Mass Market,26-35
C007065,Onkar Sawhney,Male,29,No,No,Telangana,Hyderabad,651541,Mass Market,26-35
C007066,Krish Rout,Female,65,Yes,No,Delhi,New Delhi,238614,Value,56-65
C007067,Aadi Lala,Male,23,No,No,Punjab,Amritsar,94138,High Value,18-25
C007068,Charles Patel,Male,26,No,No,Gujarat,Vadodara,258140,Premium,26-35
C007069,Rishi Goyal,Male,52,No,No,Maharashtra,Mumbai,11905,Mass Market,46-55
C007070,Vansha Mane,Male,25,No,No,Kerala,Kochi,442816,Premium,18-25
C007071,Anirudh Kata,Male,24,No,No,Tamil Nadu,Madurai,580810,Value,18-25
C007072,Chandresh Chad,Male,21,No,No,Delhi,New Delhi,355197,Mass Market,18-25
C007073,Yatan Prabhakar,Female,30,No,No,Uttar Pradesh,Noida,634455,Mass Market,26-35
C007074,Peter Desai,Male,36,No,No,Delhi,New Delhi,582476,Value,36-45
C007075,Chanchal Sheth,Male,24,No,No,Gujarat,Surat,584597,Value,18-25
C007076,Gabriel Kapadia,Male,27,No,No,Telangana,Hyderabad,205011,Value,26-35
C007077,Abdul Batra,Female,42,No,Yes,Gujarat,Vadodara,2684,Value,36-45
C007078,Ansh Wadhwa,Female,61,Yes,No,Delhi,New Delhi,777619,Mass Market,56-65
C007079,Triya Sunder,Female,52,No,Yes,Kerala,Kochi,29763,Mass Market,46-55
C007080,Ekani Ratta,Female,42,No,Yes,Delhi,New Delhi,755579,Premium,36-45
C007081,Mugdha Choudhry,Male,46,No,No,Kerala,Thiruvananthapuram,319366,Value,46-55
C007082,Christopher Som,Female,29,No,No,West Bengal,Howrah,116253,Value,26-35
C007083,Kai Raman,Male,68,Yes,No,Karnataka,Mangaluru,229386,Mass Market,65+
C007084,Tejas Vora,Male,64,Yes,No,Karnataka,Mangaluru,918793,Mass Market,56-65
C007085,Advaith Aurora,Female,57,No,Yes,West Bengal,Kolkata,593727,Mass Market,56-65
C007086,Vedant Sheth,Male,29,No,No,Rajasthan,Jodhpur,131586,Mass Market,26-35
C007087,Ryan Madan,Female,69,Yes,No,West Bengal,Kolkata,71389,Value,65+
C007088,Gautam Saxena,Female,23,No,Yes,Karnataka,Bengaluru,778540,Premium,18-25
C007089,Manan Kapoor,Male,27,No,Yes,Karnataka,Mysuru,945393,Mass Market,26-35
C007090,Samesh Hora,Male,19,No,No,West Bengal,Howrah,112364,Premium,18-25
C007091,Ishwar Arora,Male,62,Yes,No,Karnataka,Mysuru,285069,Premium,56-65
C007092,Barkha Chander,Female,42,No,No,Delhi,New Delhi,720647,Mass Market,36-45
C007093,Chandani Devan,Female,24,No,No,West Bengal,Kolkata,55037,Value,18-25
C007094,Hardik Ramachandran,Male,57,No,No,Karnataka,Mysuru,16055,Mass Market,56-65
C007095,Anya Mani,Male,40,No,Yes,Tamil Nadu,Chennai,47871,Value,36-45
C007096,Ronith Sharaf,Female,65,Yes,No,West Bengal,Howrah,372873,Mass Market,56-65
C007097,Ucchal Singhal,Female,28,No,Yes,Delhi,New Delhi,768564,Mass Market,26-35
C007098,Janaki Sood,Male,53,No,No,Rajasthan,Jodhpur,965399,Value,46-55
C007099,Azad Sami,Male,66,Yes,No,Delhi,New Delhi,954717,Mass Market,65+
C007100,Zayan Master,Female,65,Yes,No,Telangana,Hyderabad,416867,Mass Market,56-65
C007101,Chakradev Mall,Male,68,Yes,No,Telangana,Warangal,489961,Mass Market,65+
C007102,Ekaraj Solanki,Male,40,No,No,Rajasthan,Jodhpur,160080,Value,36-45
C007103,Harini Chaudhry,Female,60,Yes,Yes,Punjab,Amritsar,435835,Premium,56-65
C007104,Anmol Chadha,Female,24,No,Yes,Maharashtra,Nagpur,6707,Mass Market,18-25
C007105,Ranbir Gera,Male,44,No,Yes,Kerala,Kochi,34530,Mass Market,36-45
C007106,Qadim Barman,Male,30,No,No,Uttar Pradesh,Lucknow,734152,Value,26-35
C007107,Bhavini Kanda,Male,68,Yes,No,Gujarat,Surat,421281,Mass Market,65+
C007108,Darika Loke,Male,34,No,No,Telangana,Warangal,309438,Value,26-35
C007109,Faras Taneja,Female,49,No,Yes,Gujarat,Ahmedabad,180875,Mass Market,46-55
C007110,Theodore Luthra,Male,43,No,No,Gujarat,Surat,741260,Premium,36-45
C007111,Priya Nayak,Female,39,No,No,Uttar Pradesh,Kanpur,267458,Value,36-45
C007112,Yachana Ramachandran,Female,30,No,No,Punjab,Ludhiana,189420,Mass Market,26-35
C007113,Saumya Apte,Male,29,No,No,Kerala,Thiruvananthapuram,248878,Value,26-35
C007114,Jagrati Memon,Male,24,No,No,Telangana,Warangal,28253,Value,18-25
C007115,Umang Radhakrishnan,Male,18,No,Yes,Rajasthan,Jaipur,552205,Mass Market,18-25
C007116,Omya Barman,Female,50,No,Yes,Maharashtra,Nashik,848030,Mass Market,46-55
C007117,Unni Ghose,Female,69,Yes,Yes,Gujarat,Surat,515716,Mass Market,65+
C007118,Zaitra Saraf,Male,31,No,Yes,Tamil Nadu,Coimbatore,954672,Value,26-35
C007119,Dev Arora,Female,64,Yes,Yes,Karnataka,Bengaluru,904418,Mass Market,56-65
C007120,Harinakshi Karan,Female,60,Yes,Yes,Telangana,Hyderabad,71138,Value,56-65
C007121,Dhriti Subramaniam,Female,58,No,Yes,Rajasthan,Jodhpur,514635,Premium,56-65
C007122,Owen Chand,Male,34,No,No,Punjab,Amritsar,765848,Premium,26-35
C007123,Arya Keer,Male,21,No,No,Punjab,Ludhiana,476206,Value,18-25
C007124,Amol Bali,Female,69,Yes,No,Madhya Pradesh,Indore,486737,Value,65+
C007125,Vansha Walla,Male,68,Yes,Yes,Punjab,Chandigarh,219761,Value,65+
C007126,Adweta Sane,Male,56,No,Yes,Delhi,Delhi,432641,High Value,56-65
C007127,Dalaja Suresh,Male,18,No,Yes,Rajasthan,Udaipur,225514,Mass Market,18-25
C007128,Girindra Memon,Male,58,No,No,West Bengal,Kolkata,885018,Mass Market,56-65
C007129,Tamanna Tiwari,Male,62,Yes,No,Maharashtra,Nashik,999091,Mass Market,56-65
C007130,Anya Kala,Female,41,No,Yes,Delhi,Delhi,102639,Value,36-45
C007131,Charan Randhawa,Male,51,No,No,West Bengal,Kolkata,19907,Mass Market,46-55
C007132,Fitan Seth,Male,51,No,No,Punjab,Chandigarh,948834,Mass Market,46-55
C007133,Ojasvi Kunda,Female,41,No,No,Punjab,Chandigarh,390607,Value,36-45
C007134,Unni Deep,Male,32,No,Yes,Karnataka,Mysuru,187297,High Value,26-35
C007135,Vivaan Raval,Male,34,No,No,Delhi,Delhi,345058,High Value,26-35
C007136,Jhalak Mishra,Female,30,No,No,Maharashtra,Mumbai,24469,Premium,26-35
C007137,Zilmil Pradhan,Female,24,No,No,West Bengal,Kolkata,397422,Mass Market,18-25
C007138,Darpan Dixit,Female,26,No,No,Karnataka,Bengaluru,779830,Premium,26-35
C007139,Vaishnavi Ganesan,Female,61,Yes,No,Gujarat,Surat,214538,Premium,56-65
C007140,Advay Varughese,Male,52,No,Yes,Madhya Pradesh,Indore,332130,High Value,46-55
C007141,Gaurika Baria,Female,40,No,No,Rajasthan,Jodhpur,938682,Value,36-45
C007142,Lekha Bahri,Male,64,Yes,No,Gujarat,Ahmedabad,672356,Mass Market,56-65
C007143,Warinder Patla,Female,56,No,No,West Bengal,Howrah,194361,Mass Market,56-65
C007144,Priya Bandi,Male,40,No,No,Punjab,Chandigarh,756297,High Value,36-45
C007145,Balhaar Kari,Female,43,No,No,Gujarat,Ahmedabad,355318,Mass Market,36-45
C007146,Sachi Loke,Female,18,No,No,West Bengal,Howrah,446904,Mass Market,18-25
C007147,Yashodhara Korpal,Female,31,No,No,Tamil Nadu,Madurai,563471,Value,26-35
C007148,Avi Randhawa,Male,49,No,No,Uttar Pradesh,Agra,880177,Mass Market,46-55
C007149,Ria Kakar,Male,68,Yes,No,Karnataka,Mysuru,86965,High Value,65+
C007150,Nidhi Sinha,Female,65,Yes,No,Gujarat,Vadodara,65002,Mass Market,56-65
C007151,Krishna Goswami,Female,27,No,No,Uttar Pradesh,Kanpur,564140,Mass Market,26-35
C007152,Osha Roy,Male,18,No,Yes,Maharashtra,Nashik,714210,High Value,18-25
C007153,Avni Bumb,Female,22,No,Yes,Tamil Nadu,Coimbatore,435137,Mass Market,18-25
C007154,Yauvani Seth,Female,20,No,No,Telangana,Warangal,834979,Premium,18-25
C007155,Falguni Kamdar,Male,66,Yes,Yes,Uttar Pradesh,Agra,291080,Value,65+
C007156,Chakradhar Ram,Female,67,Yes,No,Punjab,Ludhiana,785859,Value,65+
C007157,Samesh Sachdeva,Male,70,Yes,No,Punjab,Amritsar,928921,Mass Market,65+
C007158,Daksha Gara,Male,44,No,No,Maharashtra,Nagpur,696038,Value,36-45
C007159,Mugdha Bajwa,Male,68,Yes,No,Telangana,Hyderabad,478626,Mass Market,65+
C007160,Ekantika Bains,Female,39,No,No,Maharashtra,Nashik,616150,High Value,36-45
C007161,Lakshit Dewan,Female,35,No,No,Karnataka,Bengaluru,860503,Mass Market,26-35
C007162,Tamanna Bhargava,Male,33,No,Yes,Telangana,Hyderabad,90786,Mass Market,26-35
C007163,Pahal Brahmbhatt,Female,19,No,No,Maharashtra,Nagpur,140767,Premium,18-25
C007164,Saanvi Balan,Female,64,Yes,No,Tamil Nadu,Coimbatore,347008,Value,56-65
C007165,Mahika Jha,Female,30,No,Yes,Gujarat,Surat,637464,Value,26-35
C007166,Darsh Boase,Male,62,Yes,No,Maharashtra,Pune,225074,Value,56-65
C007167,Nicholas Aurora,Female,33,No,No,Madhya Pradesh,Indore,621989,Mass Market,26-35
C007168,Rehaan Goel,Male,25,No,No,Punjab,Chandigarh,835930,Mass Market,18-25
C007169,Nathaniel Swaminathan,Male,60,Yes,Yes,Madhya Pradesh,Indore,684970,High Value,56-65
C007170,Mitesh Sahota,Male,25,No,No,Kerala,Kochi,199257,Mass Market,18-25
C007171,Samar Kaul,Male,27,No,Yes,Kerala,Kochi,117144,Mass Market,26-35
C007172,Gautam Shankar,Female,50,No,No,Telangana,Warangal,342875,Value,46-55
C007173,Pallavi Morar,Male,48,No,No,Telangana,Hyderabad,731101,Mass Market,46-55
C007174,Onveer Ravel,Female,29,No,No,Maharashtra,Pune,660279,Premium,26-35
C007175,Nakul Balan,Male,26,No,No,Delhi,Delhi,261540,Value,26-35
C007176,Wahab Chahal,Male,54,No,Yes,Punjab,Amritsar,691039,Premium,46-55
C007177,Eta Mittal,Female,26,No,Yes,Madhya Pradesh,Bhopal,481003,Mass Market,26-35
C007178,Isaiah Mandal,Female,65,Yes,Yes,Tamil Nadu,Chennai,453931,Mass Market,56-65
C007179,Omya Sengupta,Male,35,No,No,Delhi,Delhi,422165,Premium,26-35
C007180,Lajita Gola,Male,47,No,No,Karnataka,Mangaluru,157913,Mass Market,46-55
C007181,Harini Yohannan,Male,49,No,Yes,Uttar Pradesh,Lucknow,789537,Value,46-55
C007182,Ranveer Agate,Male,57,No,Yes,Tamil Nadu,Chennai,806396,Premium,56-65
C007183,Aarna Wali,Female,40,No,No,Maharashtra,Nashik,481729,Value,36-45
C007184,Anita Kata,Female,28,No,No,Tamil Nadu,Coimbatore,131158,Value,26-35
C007185,Yatan Bhagat,Male,37,No,Yes,Karnataka,Bengaluru,508434,Mass Market,36-45
C007186,Faqid Shukla,Female,36,No,Yes,Maharashtra,Nagpur,112182,Premium,36-45
C007187,Oeshi Sinha,Female,53,No,Yes,Karnataka,Mangaluru,914547,Mass Market,46-55
C007188,Libni Puri,Male,69,Yes,No,Punjab,Ludhiana,543321,High Value,65+
C007189,Tristan Comar,Male,43,No,Yes,Gujarat,Surat,595432,Mass Market,36-45
C007190,Charles Chauhan,Female,27,No,Yes,Madhya Pradesh,Bhopal,439220,Premium,26-35
C007191,Zayyan Dhar,Female,41,No,No,Tamil Nadu,Madurai,810508,Value,36-45
C007192,Falguni Agarwal,Male,30,No,No,Kerala,Thiruvananthapuram,81672,Mass Market,26-35
C007193,Saumya Batra,Male,69,Yes,Yes,Kerala,Kochi,369351,Value,65+
C007194,Vamakshi Bhagat,Male,63,Yes,No,Maharashtra,Mumbai,738515,Mass Market,56-65
C007195,Nitara Misra,Female,70,Yes,No,Punjab,Ludhiana,435679,Mass Market,65+
C007196,Sanaya Bava,Male,51,No,No,Delhi,New Delhi,154094,Mass Market,46-55
C007197,Azaan Varghese,Male,46,No,Yes,Tamil Nadu,Coimbatore,174556,Premium,46-55
C007198,Zarna Bhatti,Female,53,No,No,Uttar Pradesh,Agra,780187,Mass Market,46-55
C007199,Nathaniel Ratti,Female,24,No,No,Punjab,Ludhiana,513006,High Value,18-25
C007200,Noah Sachdeva,Female,68,Yes,Yes,Kerala,Thiruvananthapuram,409612,Mass Market,65+
C007201,Chaman Mistry,Male,47,No,No,Kerala,Thiruvananthapuram,623618,Value,46-55
C007202,Ayushman Bahl,Male,34,No,No,Tamil Nadu,Coimbatore,579776,Premium,26-35
C007203,Manan Varty,Male,65,Yes,No,Tamil Nadu,Chennai,237885,High Value,56-65
C007204,Qarin Sibal,Male,30,No,Yes,Maharashtra,Mumbai,790475,Mass Market,26-35
C007205,Gaurang Borra,Female,41,No,Yes,Tamil Nadu,Chennai,230335,Value,36-45
C007206,Aarnav Sampath,Male,48,No,No,Rajasthan,Udaipur,123290,Mass Market,46-55
C007207,Lekha Choudhary,Male,44,No,Yes,Uttar Pradesh,Kanpur,112493,Mass Market,36-45
C007208,Urmi Ravi,Male,67,Yes,No,Madhya Pradesh,Indore,158221,Premium,65+
C007209,Kevin Aurora,Male,38,No,Yes,Karnataka,Mysuru,151108,Mass Market,36-45
C007210,Kiaan Badal,Female,61,Yes,No,Telangana,Warangal,989506,Mass Market,56-65
C007211,Jagdish Shan,Male,18,No,No,West Bengal,Kolkata,593561,Mass Market,18-25
C007212,Parth Sama,Male,32,No,Yes,West Bengal,Howrah,8145,Mass Market,26-35
C007213,Aishani Mand,Male,20,No,No,Maharashtra,Nashik,860689,Mass Market,18-25
C007214,Tejas Nanda,Male,23,No,No,Punjab,Ludhiana,174470,Premium,18-25
C007215,Qarin Kulkarni,Male,31,No,Yes,Gujarat,Ahmedabad,495224,Mass Market,26-35
C007216,Vedhika Ahuja,Female,55,No,Yes,Kerala,Thiruvananthapuram,989763,Value,46-55
C007217,Pranav Apte,Female,50,No,Yes,Uttar Pradesh,Agra,600769,Premium,46-55
C007218,Luke Misra,Female,69,Yes,Yes,Tamil Nadu,Coimbatore,165870,Value,65+
C007219,Kashvi Kale,Female,55,No,No,Rajasthan,Udaipur,529506,Premium,46-55
C007220,Anirudh Chana,Female,25,No,No,Punjab,Chandigarh,541678,Value,18-25
C007221,Udant Shanker,Female,43,No,Yes,Madhya Pradesh,Indore,304456,Value,36-45
C007222,Yuvraj Andra,Male,32,No,Yes,Punjab,Ludhiana,598186,Mass Market,26-35
C007223,Amaira Seth,Male,31,No,Yes,Uttar Pradesh,Kanpur,243350,High Value,26-35
C007224,Daniel Krish,Male,65,Yes,No,Madhya Pradesh,Bhopal,112748,High Value,56-65
C007225,Saumya Acharya,Female,37,No,Yes,Madhya Pradesh,Bhopal,626985,Value,36-45
C007226,Chaaya Kibe,Female,65,Yes,No,Karnataka,Mangaluru,56605,Mass Market,56-65
C007227,Eesha Deol,Female,36,No,Yes,Maharashtra,Nagpur,219746,Value,36-45
C007228,Brijesh Pandey,Male,50,No,No,Delhi,Delhi,638256,Value,46-55
C007229,Tristan Sandal,Female,53,No,Yes,Tamil Nadu,Coimbatore,287619,Premium,46-55
C007230,Yachana Buch,Male,41,No,No,Madhya Pradesh,Indore,681389,Value,36-45
C007231,Jhalak Mallick,Male,27,No,No,West Bengal,Kolkata,20874,Value,26-35
C007232,Xavier Ratta,Male,69,Yes,No,Punjab,Amritsar,289936,Value,65+
C007233,Yashvi Din,Male,67,Yes,No,Gujarat,Ahmedabad,3190,Mass Market,65+
C007234,Indira Seth,Male,51,No,No,Telangana,Hyderabad,788258,Premium,46-55
C007235,Yuvraj Vasa,Male,53,No,No,Uttar Pradesh,Kanpur,220865,Mass Market,46-55
C007236,Aradhana Ratta,Male,64,Yes,No,Kerala,Thiruvananthapuram,77486,Value,56-65
C007237,Max Hora,Female,53,No,No,Punjab,Amritsar,256378,Mass Market,46-55
C007238,Vihaan Sangha,Female,33,No,No,Telangana,Hyderabad,169097,Mass Market,26-35
C007239,Lakshmi Rau,Female,32,No,No,Karnataka,Mangaluru,732855,Mass Market,26-35
C007240,Nikita Mander,Male,35,No,Yes,Punjab,Ludhiana,797484,High Value,26-35
C007241,Kai Pradhan,Female,24,No,No,Tamil Nadu,Coimbatore,852286,Value,18-25
C007242,Vedhika Ghosh,Female,64,Yes,No,Telangana,Hyderabad,982726,Mass Market,56-65
C007243,Chandresh Kunda,Male,39,No,Yes,Delhi,Delhi,657682,Premium,36-45
C007244,Lila Gour,Male,49,No,No,Karnataka,Mysuru,728241,Value,46-55
C007245,Nirja Dave,Male,60,Yes,Yes,West Bengal,Howrah,868042,Value,56-65
C007246,Leena Saha,Male,36,No,No,Kerala,Thiruvananthapuram,892598,Value,36-45
C007247,Elijah Setty,Female,57,No,No,Delhi,Delhi,724195,Mass Market,56-65
C007248,Peter Gulati,Female,18,No,Yes,Maharashtra,Mumbai,157176,Mass Market,18-25
C007249,Krishna Dubey,Male,52,No,No,Delhi,New Delhi,696728,Mass Market,46-55
C007250,Tanveer Nagi,Female,22,No,Yes,Kerala,Kochi,576555,Value,18-25
C007251,Mugdha Varma,Female,67,Yes,Yes,Rajasthan,Jaipur,465998,Mass Market,65+
C007252,Warhi Seshadri,Female,29,No,Yes,Rajasthan,Udaipur,143099,Value,26-35
C007253,Kashish Saraf,Male,29,No,No,Kerala,Thiruvananthapuram,321893,Mass Market,26-35
C007254,Charvi Dara,Female,38,No,No,Madhya Pradesh,Indore,530586,Mass Market,36-45
C007255,Aachal Vohra,Male,36,No,Yes,Delhi,New Delhi,483388,High Value,36-45
C007256,Chandran Virk,Female,26,No,No,Gujarat,Surat,671917,High Value,26-35
C007257,Yatin Chandran,Male,60,Yes,Yes,Punjab,Chandigarh,251869,Mass Market,56-65
C007258,Ryan Wable,Male,66,Yes,No,Kerala,Thiruvananthapuram,566717,Premium,65+
C007259,Frado Dubey,Female,65,Yes,Yes,Punjab,Chandigarh,240975,Value,56-65
C007260,Neha Anne,Male,53,No,Yes,Punjab,Chandigarh,139347,Premium,46-55
C007261,Aayush Bhavsar,Male,59,No,Yes,West Bengal,Howrah,950044,Mass Market,56-65
C007262,Chameli Bawa,Male,64,Yes,No,Maharashtra,Mumbai,850060,Mass Market,56-65
C007263,Mohini Din,Female,68,Yes,No,West Bengal,Howrah,79843,Premium,65+
C007264,Dalaja Karan,Male,49,No,No,Kerala,Thiruvananthapuram,348615,Premium,46-55
C007265,Bhavani Bobal,Female,52,No,Yes,Punjab,Amritsar,588793,Value,46-55
C007266,Charita Dani,Male,48,No,No,Rajasthan,Udaipur,48693,Premium,46-55
C007267,Samarth Varty,Male,70,Yes,No,Uttar Pradesh,Agra,137078,Value,65+
C007268,Ekanta Doshi,Male,49,No,Yes,Rajasthan,Jodhpur,33014,Mass Market,46-55
C007269,Kevin Bali,Male,54,No,Yes,Karnataka,Bengaluru,182606,Mass Market,46-55
C007270,Falak Rajagopal,Male,49,No,Yes,Rajasthan,Udaipur,682179,Mass Market,46-55
C007271,Nathaniel Deshmukh,Male,60,Yes,No,Karnataka,Mysuru,646705,Premium,56-65
C007272,Advay Narayan,Female,54,No,No,Gujarat,Vadodara,420500,High Value,46-55
C007273,Christopher Venkataraman,Female,56,No,No,Telangana,Hyderabad,1826,Value,56-65
C007274,Vivaan Nayar,Male,55,No,Yes,West Bengal,Howrah,620119,Value,46-55
C007275,Azaan Sundaram,Male,47,No,Yes,Rajasthan,Jodhpur,688709,Premium,46-55
C007276,Priya Chaudry,Female,49,No,No,Madhya Pradesh,Bhopal,904232,Mass Market,46-55
C007277,Nandini Dass,Male,62,Yes,Yes,Gujarat,Surat,634564,Mass Market,56-65
C007278,Kala Ratti,Male,19,No,No,Madhya Pradesh,Indore,40794,Value,18-25
C007279,Aayush Chada,Female,68,Yes,No,Telangana,Warangal,592202,Value,65+
C007280,Janya Korpal,Female,28,No,Yes,Rajasthan,Jaipur,395207,Premium,26-35
C007281,Saumya Rege,Female,37,No,No,West Bengal,Kolkata,435932,Mass Market,36-45
C007282,Harish Vora,Male,54,No,No,Madhya Pradesh,Bhopal,618370,Value,46-55
C007283,Gauri Srinivasan,Male,26,No,No,Rajasthan,Jodhpur,577441,Premium,26-35
C007284,Bina Ahuja,Female,55,No,No,Madhya Pradesh,Bhopal,621459,Mass Market,46-55
C007285,Yug Mohanty,Male,66,Yes,Yes,West Bengal,Kolkata,847169,Value,65+
C007286,Aarini Dara,Male,36,No,No,Karnataka,Mangaluru,617568,Mass Market,36-45
C007287,Eesha Kar,Male,57,No,No,Karnataka,Mysuru,681415,Value,56-65
C007288,Rishi Subramaniam,Male,24,No,No,Uttar Pradesh,Kanpur,14570,Premium,18-25
C007289,Nidhi Chatterjee,Female,22,No,No,West Bengal,Howrah,401733,Mass Market,18-25
C007290,Charles Taneja,Female,64,Yes,No,Kerala,Kochi,591128,Premium,56-65
C007291,Warhi Hegde,Female,59,No,Yes,Maharashtra,Nashik,131883,Mass Market,56-65
C007292,Ethan Taneja,Male,41,No,Yes,Karnataka,Mangaluru,570160,Mass Market,36-45
C007293,David Kara,Male,65,Yes,Yes,Punjab,Chandigarh,619959,Value,56-65
C007294,Gabriel Gola,Male,58,No,Yes,Maharashtra,Pune,253525,Premium,56-65
C007295,Manan Nath,Male,24,No,Yes,Gujarat,Surat,709420,Mass Market,18-25
C007296,Rushil Varty,Female,28,No,Yes,Delhi,Delhi,599954,Mass Market,26-35
C007297,Rishi Kade,Male,26,No,No,West Bengal,Kolkata,80995,Value,26-35
C007298,Banjeet Gupta,Male,66,Yes,No,Rajasthan,Jodhpur,821549,Mass Market,65+
C007299,Qarin Memon,Male,47,No,No,Gujarat,Vadodara,308397,Mass Market,46-55
C007300,Anvi Sen,Female,58,No,No,Tamil Nadu,Coimbatore,251883,Mass Market,56-65
C007301,Aadi Madan,Male,20,No,Yes,Madhya Pradesh,Indore,895349,Premium,18-25
C007302,Raagini Bal,Male,39,No,No,Telangana,Hyderabad,26398,High Value,36-45
C007303,Ojasvi Dave,Male,57,No,No,Uttar Pradesh,Lucknow,493544,Mass Market,56-65
C007304,Divya Bhatti,Female,68,Yes,Yes,Rajasthan,Udaipur,75545,Value,65+
C007305,Upma Sachdev,Male,37,No,No,Tamil Nadu,Coimbatore,882234,Mass Market,36-45
C007306,Faraj Bora,Female,49,No,Yes,Maharashtra,Nagpur,917089,Value,46-55
C007307,Bahadurjit Parikh,Female,65,Yes,Yes,Rajasthan,Jaipur,743826,Mass Market,56-65
C007308,Vasudha Khare,Male,24,No,Yes,Rajasthan,Udaipur,828275,Mass Market,18-25
C007309,Idika Brar,Female,24,No,No,West Bengal,Howrah,680798,Premium,18-25
C007310,Indira Rajagopal,Male,37,No,No,West Bengal,Howrah,51314,Mass Market,36-45
C007311,Aadhya Bansal,Female,42,No,No,Rajasthan,Jaipur,929933,Mass Market,36-45
C007312,Irya Upadhyay,Male,62,Yes,No,Maharashtra,Nagpur,345872,High Value,56-65
C007313,Hemangini Pal,Male,52,No,Yes,Kerala,Kochi,636285,High Value,46-55
C007314,Girish Nagi,Male,61,Yes,No,Karnataka,Mangaluru,981145,Mass Market,56-65
C007315,Abha Madan,Male,41,No,No,Telangana,Warangal,587386,Value,36-45
C007316,Jasmit Kothari,Female,57,No,Yes,Punjab,Amritsar,507451,Value,56-65
C007317,Mitali Batta,Male,30,No,No,Gujarat,Surat,524718,Value,26-35
C007318,Urvashi Agate,Female,69,Yes,Yes,Madhya Pradesh,Bhopal,100030,High Value,65+
C007319,Bhavani Apte,Male,65,Yes,Yes,Kerala,Thiruvananthapuram,352751,Premium,56-65
C007320,Advik Mukhopadhyay,Female,56,No,No,Madhya Pradesh,Indore,286324,Premium,56-65
C007321,Devika Dalal,Male,21,No,No,Uttar Pradesh,Agra,878360,Mass Market,18-25
C007322,Andrew Kothari,Male,29,No,No,Telangana,Warangal,298455,Value,26-35
C007323,Pranav Bumb,Male,34,No,No,Gujarat,Surat,814617,Value,26-35
C007324,Shaurya Raja,Female,18,No,No,Uttar Pradesh,Agra,701891,Mass Market,18-25
C007325,Naveen Baral,Male,34,No,No,Uttar Pradesh,Noida,887217,Mass Market,26-35
C007326,Yoshita Prabhu,Male,19,No,No,Gujarat,Ahmedabad,836069,Mass Market,18-25
C007327,Arya Bail,Male,23,No,No,Tamil Nadu,Madurai,688448,Mass Market,18-25
C007328,Advik Doshi,Female,61,Yes,No,Karnataka,Mangaluru,949317,Mass Market,56-65
C007329,Ekanta Dugar,Male,28,No,No,Tamil Nadu,Madurai,322062,Mass Market,26-35
C007330,Gautam Raja,Female,70,Yes,No,Karnataka,Bengaluru,807274,Mass Market,65+
C007331,Rajeshri Jhaveri,Male,60,Yes,No,Tamil Nadu,Madurai,585693,Value,56-65
C007332,Warjas Oommen,Female,35,No,No,Madhya Pradesh,Bhopal,874342,Value,26-35
C007333,Kevin Iyengar,Female,57,No,No,Madhya Pradesh,Indore,502409,Mass Market,56-65
C007334,Ranveer Sidhu,Male,42,No,Yes,Maharashtra,Nashik,508345,High Value,36-45
C007335,Adya Bail,Male,56,No,No,Gujarat,Surat,373509,Value,56-65
C007336,Rachana Sura,Male,45,No,No,West Bengal,Howrah,692526,Premium,36-45
C007337,Yashasvi Subramanian,Male,63,Yes,No,Delhi,New Delhi,751541,High Value,56-65
C007338,Om Barman,Male,33,No,No,Karnataka,Mangaluru,287002,Mass Market,26-35
C007339,George Zachariah,Female,29,No,Yes,Madhya Pradesh,Indore,361399,Value,26-35
C007340,Tristan Brar,Male,58,No,Yes,Uttar Pradesh,Kanpur,323987,Value,56-65
C007341,Ryan Dhillon,Female,69,Yes,Yes,Rajasthan,Jodhpur,451227,Mass Market,65+
C007342,Kritika Chaudhry,Male,46,No,Yes,Telangana,Hyderabad,78660,Mass Market,46-55
C007343,Gautami Yogi,Female,40,No,No,Punjab,Chandigarh,644207,Premium,36-45
C007344,Hamsini Batta,Male,38,No,Yes,Kerala,Kochi,771359,Mass Market,36-45
C007345,Nicholas Rastogi,Male,33,No,No,Rajasthan,Udaipur,331289,High Value,26-35
C007346,Quincy Dar,Male,70,Yes,No,Punjab,Amritsar,118605,Premium,65+
C007347,Neha Bali,Male,68,Yes,Yes,Rajasthan,Jodhpur,231126,Value,65+
C007348,Suhani Dutt,Male,65,Yes,Yes,Gujarat,Surat,574894,Mass Market,56-65
C007349,Andrew Murthy,Female,58,No,No,Maharashtra,Nashik,674655,Value,56-65
C007350,Upma Amble,Female,62,Yes,Yes,Delhi,Delhi,575194,Mass Market,56-65
C007351,Vansha Mahajan,Male,43,No,Yes,Telangana,Hyderabad,425482,Mass Market,36-45
C007352,Arya Minhas,Male,54,No,No,Telangana,Hyderabad,85115,Premium,46-55
C007353,Dakshesh Wali,Male,39,No,No,Delhi,Delhi,947504,Mass Market,36-45
C007354,Ronith Buch,Male,68,Yes,No,Uttar Pradesh,Kanpur,534254,Value,65+
C007355,Devansh Mann,Male,27,No,Yes,Delhi,Delhi,288032,Premium,26-35
C007356,Ethan Nori,Female,24,No,Yes,Gujarat,Vadodara,29748,Mass Market,18-25
C007357,Anita Sama,Female,26,No,No,Tamil Nadu,Chennai,579687,Value,26-35
C007358,Lila Reddy,Female,42,No,No,Telangana,Warangal,352018,Value,36-45
C007359,Nikita Gole,Male,63,Yes,No,Gujarat,Vadodara,611097,Value,56-65
C007360,Eta Prashad,Female,32,No,Yes,Telangana,Hyderabad,302866,Premium,26-35
C007361,Januja Kata,Female,30,No,Yes,Uttar Pradesh,Agra,358189,High Value,26-35
C007362,Lakshit Rajagopalan,Male,59,No,Yes,Punjab,Chandigarh,791721,Value,56-65
C007363,Charvi Babu,Male,63,Yes,No,Madhya Pradesh,Indore,868823,Value,56-65
C007364,Kashvi Sunder,Female,43,No,Yes,West Bengal,Kolkata,515109,Value,36-45
C007365,Abeer Kalita,Male,38,No,No,Karnataka,Bengaluru,466730,Premium,36-45
C007366,Zansi Rattan,Male,40,No,Yes,Kerala,Kochi,480812,Value,36-45
C007367,Ganga Ben,Male,61,Yes,No,Madhya Pradesh,Indore,274600,Mass Market,56-65
C007368,Warjas Barman,Female,45,No,Yes,Telangana,Warangal,115663,Mass Market,36-45
C007369,Meghana Khare,Male,68,Yes,No,Maharashtra,Nashik,108485,High Value,65+
C007370,Abhiram Prabhakar,Female,55,No,Yes,Gujarat,Surat,793938,Mass Market,46-55
C007371,Kai Wali,Female,29,No,No,Delhi,Delhi,240147,Value,26-35
C007372,Pushti Lata,Female,41,No,No,Telangana,Warangal,696484,Premium,36-45
C007373,Jai Apte,Male,30,No,Yes,Tamil Nadu,Madurai,159101,Mass Market,26-35
C007374,Caleb Dani,Female,57,No,No,Kerala,Kochi,529717,Value,56-65
C007375,Daniel Khalsa,Male,65,Yes,No,Rajasthan,Jaipur,43113,Mass Market,56-65
C007376,Luke Patla,Male,19,No,No,Karnataka,Bengaluru,509310,High Value,18-25
C007377,Arin Lala,Male,56,No,No,Gujarat,Surat,173559,Mass Market,56-65
C007378,Nakul Iyengar,Male,29,No,No,Maharashtra,Pune,177721,Value,26-35
C007379,Kamala Sibal,Female,56,No,Yes,Uttar Pradesh,Lucknow,640162,Value,56-65
C007380,Vihaan Choudhury,Male,68,Yes,Yes,Kerala,Thiruvananthapuram,953454,Premium,65+
C007381,Manya Barman,Male,31,No,No,Maharashtra,Nagpur,972808,Mass Market,26-35
C007382,Qushi Bassi,Male,47,No,No,Delhi,New Delhi,725956,Value,46-55
C007383,Ubika Palla,Female,58,No,Yes,Maharashtra,Mumbai,689837,Mass Market,56-65
C007384,Chakrika Nagy,Female,67,Yes,No,Rajasthan,Udaipur,14810,Mass Market,65+
C007385,Anjali Devan,Female,60,Yes,Yes,Telangana,Warangal,703646,Premium,56-65
C007386,Eiravati Mangal,Male,65,Yes,No,Delhi,New Delhi,761052,Mass Market,56-65
C007387,Bhavika Narayan,Male,36,No,No,West Bengal,Kolkata,237543,Premium,36-45
C007388,Yoshita Chana,Female,48,No,No,Rajasthan,Jaipur,477801,Premium,46-55
C007389,Amol Dara,Male,60,Yes,Yes,Uttar Pradesh,Kanpur,260748,High Value,56-65
C007390,Ijaya Palla,Male,67,Yes,No,Tamil Nadu,Madurai,993588,Value,65+
C007391,Bhanumati Mandal,Female,60,Yes,No,Karnataka,Mysuru,978479,Mass Market,56-65
C007392,Mitali Ravi,Male,42,No,No,Maharashtra,Mumbai,665914,Value,36-45
C007393,Oliver Prabhakar,Female,21,No,Yes,Rajasthan,Jodhpur,450323,High Value,18-25
C007394,Jatin Tak,Male,67,Yes,No,Gujarat,Surat,248914,Premium,65+
C007395,Charles Murty,Male,68,Yes,No,Tamil Nadu,Madurai,742589,Value,65+
C007396,Lajita Arora,Male,30,No,No,West Bengal,Kolkata,596545,High Value,26-35
C007397,Nilima Chauhan,Male,53,No,No,Tamil Nadu,Coimbatore,737204,Premium,46-55
C007398,Liam Mukherjee,Female,59,No,No,Punjab,Amritsar,689394,High Value,56-65
C007399,Azaan Sem,Female,54,No,Yes,Telangana,Hyderabad,418504,Value,46-55
C007400,Chaman Sen,Male,20,No,No,Tamil Nadu,Chennai,60670,Premium,18-25
C007401,Oviya Ravi,Male,33,No,No,Kerala,Kochi,624082,Premium,26-35
C007402,Karan Hegde,Female,43,No,Yes,Punjab,Amritsar,300927,Mass Market,36-45
C007403,Dev Pau,Female,57,No,No,West Bengal,Kolkata,385289,High Value,56-65
C007404,Avi Bobal,Male,56,No,Yes,Punjab,Amritsar,570267,Mass Market,56-65
C007405,Rushil Agrawal,Male,36,No,Yes,Gujarat,Vadodara,182571,Value,36-45
C007406,Ridhi Karpe,Male,63,Yes,No,Madhya Pradesh,Bhopal,773175,Premium,56-65
C007407,Pallavi Taneja,Female,32,No,No,Madhya Pradesh,Bhopal,639786,Value,26-35
C007408,Diya Sampath,Female,49,No,No,Kerala,Kochi,361843,Premium,46-55
C007409,Idika Vyas,Male,66,Yes,No,Punjab,Chandigarh,822983,Value,65+
C007410,David Prakash,Female,38,No,No,Uttar Pradesh,Lucknow,691957,Mass Market,36-45
C007411,Praneel Kumer,Male,18,No,No,Madhya Pradesh,Bhopal,783003,Mass Market,18-25
C007412,Falan Kadakia,Male,23,No,No,Delhi,Delhi,564415,Value,18-25
C007413,Eta Mohanty,Male,44,No,No,West Bengal,Howrah,897482,Premium,36-45
C007414,Alka Bhalla,Female,40,No,No,Maharashtra,Pune,583318,Mass Market,36-45
C007415,Aishani Pau,Male,64,Yes,Yes,Rajasthan,Jodhpur,902157,Value,56-65
C007416,Gunbir Nagarajan,Male,48,No,No,Telangana,Hyderabad,208361,Mass Market,46-55
C007417,Chatura Nagar,Male,29,No,No,Rajasthan,Jaipur,228794,Premium,26-35
C007418,Jatin Buch,Male,38,No,No,Rajasthan,Jaipur,311098,Mass Market,36-45
C007419,Radhika Mital,Male,69,Yes,No,Telangana,Hyderabad,48161,Premium,65+
C007420,Tanish Sanghvi,Female,19,No,Yes,Telangana,Hyderabad,336288,Mass Market,18-25
C007421,Lipika Dasgupta,Male,22,No,No,Tamil Nadu,Coimbatore,701589,Mass Market,18-25
C007422,Robert Naidu,Female,26,No,Yes,West Bengal,Howrah,719652,Premium,26-35
C007423,Aishani Sharma,Male,37,No,Yes,Gujarat,Surat,302669,Value,36-45
C007424,Abhimanyu Prasad,Male,63,Yes,No,Maharashtra,Nagpur,327399,Value,56-65
C007425,Chandran Grewal,Male,35,No,No,Gujarat,Vadodara,662909,Premium,26-35
C007426,Vanya Som,Male,39,No,No,Karnataka,Bengaluru,374128,Value,36-45
C007427,Alka Konda,Male,25,No,Yes,Uttar Pradesh,Agra,917567,Premium,18-25
C007428,Harish Grewal,Male,51,No,No,Karnataka,Mangaluru,508220,Premium,46-55
C007429,Atharv Parsa,Female,26,No,No,Uttar Pradesh,Kanpur,730192,Value,26-35
C007430,Vrinda Khurana,Female,24,No,Yes,Tamil Nadu,Madurai,907488,Mass Market,18-25
C007431,Ranveer Dhawan,Male,47,No,Yes,Kerala,Kochi,418335,Mass Market,46-55
C007432,Simon Deol,Male,35,No,Yes,Madhya Pradesh,Bhopal,720719,High Value,26-35
C007433,Nidhi Mann,Male,44,No,No,Rajasthan,Udaipur,147342,High Value,36-45
C007434,Balveer Grewal,Male,33,No,No,Uttar Pradesh,Agra,220895,Mass Market,26-35
C007435,Ekanta Khatri,Male,38,No,No,Uttar Pradesh,Agra,901517,Mass Market,36-45
C007436,Megha Sharma,Female,22,No,No,West Bengal,Kolkata,898622,Mass Market,18-25
C007437,Rachit Kuruvilla,Male,46,No,No,Madhya Pradesh,Bhopal,686736,Value,46-55
C007438,Reva Solanki,Male,64,Yes,No,Maharashtra,Pune,389415,Mass Market,56-65
C007439,Nathaniel Kapur,Male,54,No,No,Rajasthan,Jodhpur,359820,Premium,46-55
C007440,Lohit Batra,Male,60,Yes,No,West Bengal,Howrah,901665,High Value,56-65
C007441,William Gopal,Female,39,No,No,Telangana,Warangal,517477,High Value,36-45
C007442,Girindra Krishnamurthy,Male,31,No,No,Gujarat,Surat,343666,Mass Market,26-35
C007443,Dhruv Sampath,Male,36,No,Yes,Madhya Pradesh,Indore,798465,High Value,36-45
C007444,Vedant Gill,Female,52,No,Yes,Delhi,New Delhi,335046,Premium,46-55
C007445,Chaaya Devi,Male,41,No,No,Telangana,Hyderabad,152765,Mass Market,36-45
C007446,Chameli Talwar,Female,59,No,Yes,Rajasthan,Udaipur,960307,Value,56-65
C007447,Manthan Andra,Female,23,No,No,Telangana,Hyderabad,856939,Premium,18-25
C007448,Garima Nagi,Male,20,No,No,Madhya Pradesh,Bhopal,322991,High Value,18-25
C007449,Falguni Luthra,Female,51,No,Yes,Telangana,Warangal,576343,Mass Market,46-55
C007450,Jonathan Ramachandran,Male,62,Yes,No,Telangana,Warangal,997123,Mass Market,56-65
C007451,Saanvi Naik,Male,67,Yes,No,Kerala,Thiruvananthapuram,306193,Value,65+
C007452,Ekaraj Jaggi,Male,19,No,Yes,Madhya Pradesh,Indore,706198,High Value,18-25
C007453,Jeet Balan,Male,32,No,No,Uttar Pradesh,Noida,801871,High Value,26-35
C007454,Maya Mane,Female,54,No,No,Punjab,Ludhiana,699341,Mass Market,46-55
C007455,Tanay Dubey,Female,32,No,Yes,Delhi,Delhi,556724,Mass Market,26-35
C007456,Rachana Dora,Female,49,No,Yes,West Bengal,Kolkata,742078,High Value,46-55
C007457,Waida Sengupta,Female,38,No,Yes,Karnataka,Mysuru,271713,Premium,36-45
C007458,Unni Kamdar,Male,34,No,Yes,Kerala,Thiruvananthapuram,564867,High Value,26-35
C007459,Faqid Sachdeva,Male,51,No,Yes,Telangana,Warangal,436489,Premium,46-55
C007460,Mitali Ratti,Male,49,No,No,Maharashtra,Mumbai,617590,Mass Market,46-55
C007461,Vanya Bala,Male,67,Yes,Yes,Kerala,Kochi,2518,Premium,65+
C007462,Aarush Johal,Male,64,Yes,No,Karnataka,Mysuru,816025,Mass Market,56-65
C007463,Charles Khanna,Female,69,Yes,Yes,Delhi,New Delhi,344110,Premium,65+
C007464,Bakhshi Nayak,Male,40,No,No,Madhya Pradesh,Indore,201392,Value,36-45
C007465,Omkaar Thakur,Male,52,No,No,West Bengal,Howrah,609228,High Value,46-55
C007466,Krishna Mani,Male,54,No,No,Gujarat,Vadodara,709972,High Value,46-55
C007467,Baljiwan Solanki,Female,60,Yes,No,Maharashtra,Nagpur,332933,Mass Market,56-65
C007468,Chatresh Deo,Female,58,No,Yes,Punjab,Amritsar,23285,Mass Market,56-65
C007469,Anamika Badami,Female,54,No,No,Kerala,Thiruvananthapuram,124006,Value,46-55
C007470,Urvashi Peri,Male,50,No,Yes,Rajasthan,Jaipur,241748,Premium,46-55
C007471,Priya Setty,Female,42,No,Yes,Uttar Pradesh,Kanpur,6498,Premium,36-45
C007472,Lakshit Prabhu,Male,63,Yes,No,Maharashtra,Mumbai,476902,High Value,56-65
C007473,Qushi Dutta,Female,54,No,No,Tamil Nadu,Coimbatore,276999,Value,46-55
C007474,Balveer Konda,Male,57,No,Yes,West Bengal,Howrah,450820,Mass Market,56-65
C007475,Rayaan Trivedi,Male,38,No,No,Delhi,Delhi,692782,Mass Market,36-45
C007476,Netra Lala,Male,63,Yes,No,Gujarat,Surat,253983,Mass Market,56-65
C007477,Ekavir Mandal,Female,65,Yes,No,Rajasthan,Udaipur,453740,Value,56-65
C007478,Amara Murty,Male,55,No,Yes,Rajasthan,Jodhpur,268490,High Value,46-55
C007479,Sathvik Chawla,Female,57,No,Yes,Madhya Pradesh,Indore,643206,Mass Market,56-65
C007480,Vedhika Mall,Male,51,No,No,Madhya Pradesh,Indore,931248,Premium,46-55
C007481,Aarini Toor,Male,36,No,Yes,Rajasthan,Udaipur,827906,Mass Market,36-45
C007482,Bakhshi Murty,Male,44,No,No,Kerala,Thiruvananthapuram,457348,Mass Market,36-45
C007483,Akshay Manda,Male,26,No,No,Kerala,Kochi,413236,Value,26-35
C007484,Luke Saha,Male,22,No,No,Gujarat,Surat,162523,Value,18-25
C007485,Chaman Kalita,Male,22,No,No,Gujarat,Surat,819733,High Value,18-25
C007486,Karan Kapadia,Female,42,No,No,Punjab,Amritsar,945204,Value,36-45
C007487,Lakshmi Chaudhuri,Male,43,No,No,Karnataka,Mangaluru,242052,Mass Market,36-45
C007488,Harrison Dugar,Female,36,No,No,Delhi,Delhi,738890,Premium,36-45
C007489,Hemang Narayan,Female,47,No,Yes,Tamil Nadu,Coimbatore,613187,High Value,46-55
C007490,Harinakshi Kari,Female,53,No,No,Uttar Pradesh,Lucknow,395400,Value,46-55
C007491,Amol Agrawal,Male,65,Yes,No,Telangana,Hyderabad,202678,Mass Market,56-65
C007492,Qabil Seshadri,Male,65,Yes,No,Tamil Nadu,Madurai,951270,Mass Market,56-65
C007493,Nihal Devan,Male,33,No,No,Gujarat,Vadodara,702730,Mass Market,26-35
C007494,Daksha Tank,Female,24,No,No,Punjab,Chandigarh,820000,Mass Market,18-25
C007495,Orinder Edwin,Female,35,No,No,Gujarat,Vadodara,901108,High Value,26-35
C007496,Mitali Shenoy,Male,38,No,No,Telangana,Warangal,92821,Mass Market,36-45
C007497,Devansh Varghese,Male,48,No,No,Telangana,Hyderabad,388781,Value,46-55
C007498,Kabir Jayaraman,Female,18,No,Yes,Rajasthan,Jaipur,141789,Value,18-25
C007499,Vasudha Bhardwaj,Male,20,No,Yes,Tamil Nadu,Coimbatore,654016,Premium,18-25
C007500,Bina Bir,Female,48,No,No,Punjab,Chandigarh,429555,Mass Market,46-55
C007501,Chandran Rajagopalan,Male,42,No,No,Tamil Nadu,Madurai,870979,Value,36-45
C007502,Ryan Kumer,Female,70,Yes,No,Uttar Pradesh,Kanpur,542205,Mass Market,65+
C007503,Nandini Mohan,Male,25,No,Yes,Telangana,Warangal,283715,Mass Market,18-25
C007504,Anika Raman,Male,18,No,Yes,West Bengal,Kolkata,544963,Mass Market,18-25
C007505,Ekta Varma,Female,24,No,Yes,Tamil Nadu,Chennai,424660,Value,18-25
C007506,Sachi Luthra,Female,24,No,No,Uttar Pradesh,Noida,729484,Mass Market,18-25
C007507,Reyansh Khurana,Male,25,No,Yes,Kerala,Kochi,209001,Value,18-25
C007508,Sai Dube,Male,36,No,Yes,Rajasthan,Udaipur,310160,Mass Market,36-45
C007509,Megha Dar,Female,34,No,No,Rajasthan,Udaipur,67043,High Value,26-35
C007510,Daniel Dhaliwal,Female,28,No,No,Madhya Pradesh,Indore,241935,Value,26-35
C007511,Fiyaz Rajagopalan,Female,64,Yes,Yes,Madhya Pradesh,Bhopal,805423,Premium,56-65
C007512,Kevin Amble,Female,58,No,No,Karnataka,Mysuru,574151,Mass Market,56-65
C007513,Omya Naidu,Male,66,Yes,No,Uttar Pradesh,Agra,342881,Premium,65+
C007514,Eiravati Sengupta,Male,28,No,No,Rajasthan,Jodhpur,147399,Value,26-35
C007515,Arunima Narayanan,Female,55,No,No,Karnataka,Mangaluru,537999,Mass Market,46-55
C007516,Mohini Naidu,Female,58,No,No,Madhya Pradesh,Indore,557287,Premium,56-65
C007517,Jagrati Tak,Male,67,Yes,Yes,Maharashtra,Nagpur,841816,Premium,65+
C007518,Harish Gera,Male,69,Yes,Yes,Tamil Nadu,Chennai,826136,High Value,65+
C007519,Upma Sankar,Female,19,No,No,Telangana,Warangal,434191,Premium,18-25
C007520,Abdul Amble,Male,21,No,No,Rajasthan,Jodhpur,395932,Mass Market,18-25
C007521,Libni Viswanathan,Male,67,Yes,No,Gujarat,Ahmedabad,440554,Mass Market,65+
C007522,Geetika Verma,Male,45,No,Yes,Madhya Pradesh,Indore,321827,Value,36-45
C007523,Kevin Manne,Female,50,No,No,Tamil Nadu,Coimbatore,62686,Mass Market,46-55
C007524,Ishanvi Bora,Female,28,No,Yes,Uttar Pradesh,Kanpur,84476,Premium,26-35
C007525,Lavanya Pandit,Male,20,No,No,Gujarat,Ahmedabad,779898,Value,18-25
C007526,Ekta Chhabra,Female,57,No,Yes,Punjab,Ludhiana,286743,High Value,56-65
C007527,Parth Kunda,Female,22,No,No,Punjab,Ludhiana,398985,Value,18-25
C007528,Abha Biswas,Male,69,Yes,Yes,Punjab,Amritsar,588049,Value,65+
C007529,Chaman Ahluwalia,Female,38,No,Yes,Punjab,Chandigarh,252558,Mass Market,36-45
C007530,Saksham Jaggi,Male,39,No,Yes,Karnataka,Bengaluru,315395,Mass Market,36-45
C007531,Pooja Badal,Male,54,No,No,Gujarat,Ahmedabad,131352,Premium,46-55
C007532,Eesha Singhal,Male,28,No,Yes,Kerala,Kochi,485751,High Value,26-35
C007533,Devansh Sethi,Male,61,Yes,No,Punjab,Chandigarh,431926,Value,56-65
C007534,Yatan Rege,Male,39,No,No,Kerala,Thiruvananthapuram,197314,Premium,36-45
C007535,Chakradev Misra,Female,58,No,No,Telangana,Hyderabad,726542,Value,56-65
C007536,Mitesh Kala,Female,70,Yes,Yes,Tamil Nadu,Coimbatore,866019,High Value,65+
C007537,Darsh Ghose,Female,30,No,No,Gujarat,Vadodara,611608,Mass Market,26-35
C007538,Gaurangi Bava,Male,69,Yes,No,Uttar Pradesh,Noida,74525,Value,65+
C007539,Azaan Mall,Male,20,No,No,Karnataka,Bengaluru,861508,Value,18-25
C007540,Simon Luthra,Male,30,No,No,Maharashtra,Nashik,511080,Value,26-35
C007541,Rachita Bhatti,Male,45,No,No,Delhi,Delhi,61547,Mass Market,36-45
C007542,Vedhika Sur,Male,28,No,No,Rajasthan,Udaipur,57870,Value,26-35
C007543,Anjali Nayar,Female,28,No,No,Telangana,Warangal,713119,Value,26-35
C007544,Amruta Choudhary,Female,38,No,No,West Bengal,Kolkata,271003,Mass Market,36-45
C007545,Janani Ramachandran,Male,69,Yes,Yes,Delhi,New Delhi,660632,Premium,65+
C007546,Agastya Misra,Male,38,No,Yes,Kerala,Thiruvananthapuram,988159,Premium,36-45
C007547,Brijesh Shetty,Female,24,No,Yes,Punjab,Chandigarh,560695,Premium,18-25
C007548,Irya Purohit,Male,34,No,Yes,Madhya Pradesh,Indore,991524,Value,26-35
C007549,Chandani Upadhyay,Female,65,Yes,No,Rajasthan,Jaipur,750901,Mass Market,56-65
C007550,Ekanta Tara,Female,31,No,No,Madhya Pradesh,Bhopal,153644,Value,26-35
C007551,Zayan Bahl,Female,50,No,Yes,Kerala,Thiruvananthapuram,162300,Mass Market,46-55
C007552,Chakradev Dey,Male,28,No,No,Kerala,Thiruvananthapuram,4520,Value,26-35
C007553,Aarav Ganguly,Female,30,No,Yes,Uttar Pradesh,Lucknow,350968,Mass Market,26-35
C007554,Anamika Din,Male,18,No,No,West Bengal,Kolkata,114963,Mass Market,18-25
C007555,Viraj Chana,Female,51,No,No,Madhya Pradesh,Indore,768444,Mass Market,46-55
C007556,Logan Natarajan,Male,26,No,No,Punjab,Chandigarh,219170,Mass Market,26-35
C007557,Anay Sidhu,Male,30,No,No,Maharashtra,Nagpur,221789,High Value,26-35
C007558,Devika Dube,Male,54,No,Yes,Delhi,Delhi,260320,High Value,46-55
C007559,Utkarsh Char,Male,47,No,No,Uttar Pradesh,Agra,390291,Value,46-55
C007560,Tripti Sinha,Female,58,No,No,Madhya Pradesh,Bhopal,425942,Mass Market,56-65
C007561,Rajeshri Sharma,Female,62,Yes,No,West Bengal,Kolkata,981121,High Value,56-65
C007562,Jasmit Comar,Female,54,No,No,Punjab,Ludhiana,597012,High Value,46-55
C007563,Ekalinga Varghese,Male,64,Yes,Yes,Karnataka,Bengaluru,423602,Premium,56-65
C007564,Amara Virk,Female,24,No,Yes,Tamil Nadu,Madurai,673229,Value,18-25
C007565,Saksham Aggarwal,Male,31,No,No,Maharashtra,Pune,712320,Mass Market,26-35
C007566,Ekaja Venkatesh,Female,65,Yes,No,Madhya Pradesh,Bhopal,540934,Mass Market,56-65
C007567,Yoshita Malhotra,Female,23,No,No,Karnataka,Mangaluru,688691,Premium,18-25
C007568,Osha Dutt,Male,51,No,No,Punjab,Amritsar,803066,Premium,46-55
C007569,Thomas Ganguly,Female,33,No,No,Telangana,Hyderabad,693009,Value,26-35
C007570,Azaan Patel,Male,68,Yes,Yes,Telangana,Warangal,387556,Mass Market,65+
C007571,Ati Gandhi,Male,54,No,No,West Bengal,Kolkata,613428,Value,46-55
C007572,Osha Srivastava,Male,53,No,No,Tamil Nadu,Coimbatore,334430,Premium,46-55
C007573,Zaitra Kadakia,Male,63,Yes,No,Uttar Pradesh,Noida,714272,Premium,56-65
C007574,Sachi Hans,Female,23,No,Yes,West Bengal,Kolkata,513954,Value,18-25
C007575,Leena Rau,Male,25,No,No,Delhi,Delhi,491611,Mass Market,18-25
C007576,Tanay Chadha,Male,41,No,No,Punjab,Ludhiana,284256,Mass Market,36-45
C007577,George Wagle,Female,20,No,No,Punjab,Chandigarh,962326,Premium,18-25
C007578,Upadhriti Zachariah,Female,21,No,No,Rajasthan,Udaipur,251377,Premium,18-25
C007579,Chaitaly Din,Female,49,No,Yes,Punjab,Ludhiana,769055,Mass Market,46-55
C007580,Janaki Oak,Female,18,No,No,Delhi,New Delhi,908483,Mass Market,18-25
C007581,Oeshi Bajaj,Female,51,No,No,West Bengal,Howrah,34469,Value,46-55
C007582,Michael Keer,Male,62,Yes,No,Tamil Nadu,Madurai,307498,Mass Market,56-65
C007583,Triveni Dhawan,Male,26,No,Yes,Madhya Pradesh,Bhopal,97681,Value,26-35
C007584,Urvi Dani,Male,29,No,No,Gujarat,Ahmedabad,788890,Value,26-35
C007585,Yadavi Bala,Male,27,No,No,Punjab,Chandigarh,226995,Premium,26-35
C007586,Onveer Kari,Female,27,No,Yes,Telangana,Warangal,906294,Premium,26-35
C007587,Daksh Banik,Male,67,Yes,Yes,Tamil Nadu,Chennai,205203,Mass Market,65+
C007588,Diya Mahajan,Female,61,Yes,No,Kerala,Thiruvananthapuram,657128,Value,56-65
C007589,Christopher Mand,Male,65,Yes,No,Tamil Nadu,Madurai,533480,Mass Market,56-65
C007590,Sanya Naidu,Male,40,No,Yes,West Bengal,Howrah,136049,Premium,36-45
C007591,Ekavir Saxena,Male,23,No,Yes,Punjab,Amritsar,742142,Premium,18-25
C007592,Watika Murthy,Female,41,No,Yes,Kerala,Kochi,482718,Mass Market,36-45
C007593,Samaksh Vohra,Female,41,No,Yes,Telangana,Warangal,457692,Mass Market,36-45
C007594,Balveer Sethi,Female,38,No,No,Tamil Nadu,Madurai,962584,Mass Market,36-45
C007595,Turvi Varkey,Male,59,No,Yes,Telangana,Warangal,72176,Value,56-65
C007596,Ira Bhattacharyya,Female,48,No,Yes,Telangana,Warangal,905304,Mass Market,46-55
C007597,Wakeeta Bhardwaj,Male,64,Yes,No,Rajasthan,Jaipur,319740,Value,56-65
C007598,Kala Uppal,Male,58,No,Yes,Punjab,Chandigarh,395907,Value,56-65
C007599,Oliver Ravel,Female,47,No,No,Tamil Nadu,Madurai,97407,Value,46-55
C007600,Yashasvi Lall,Male,51,No,No,Uttar Pradesh,Lucknow,397351,Premium,46-55
C007601,Nirja Jha,Female,35,No,No,Tamil Nadu,Chennai,909331,Mass Market,26-35
C007602,Nachiket Badal,Male,29,No,No,Rajasthan,Jodhpur,839859,High Value,26-35
C007603,Mohini Buch,Female,52,No,No,Karnataka,Bengaluru,469366,Mass Market,46-55
C007604,Wazir Rastogi,Female,24,No,Yes,Kerala,Thiruvananthapuram,391890,Mass Market,18-25
C007605,Pranit Contractor,Male,58,No,No,West Bengal,Howrah,918073,Value,56-65
C007606,Gauri Chakrabarti,Female,57,No,No,Maharashtra,Mumbai,189514,Value,56-65
C007607,Mohammed Zacharia,Male,42,No,Yes,Kerala,Kochi,973486,Mass Market,36-45
C007608,Guneet Vaidya,Female,23,No,No,Tamil Nadu,Coimbatore,717754,Value,18-25
C007609,Avi Suresh,Male,18,No,No,Delhi,Delhi,75686,Mass Market,18-25
C007610,Neelima Rama,Male,63,Yes,Yes,Rajasthan,Jodhpur,477900,Premium,56-65
C007611,Jagat Batta,Male,33,No,No,Kerala,Thiruvananthapuram,388597,Value,26-35
C007612,Kevin Kanda,Male,65,Yes,No,Gujarat,Vadodara,191392,Value,56-65
C007613,Manan Dhawan,Female,21,No,No,Tamil Nadu,Coimbatore,170594,High Value,18-25
C007614,Vihaan Kapur,Male,46,No,No,Karnataka,Bengaluru,696147,Premium,46-55
C007615,Yasti Sarkar,Male,55,No,No,Maharashtra,Mumbai,938926,Value,46-55
C007616,Suhani Batra,Male,64,Yes,Yes,Madhya Pradesh,Indore,813352,Value,56-65
C007617,Diya Basu,Male,45,No,Yes,Madhya Pradesh,Bhopal,400545,Value,36-45
C007618,Vritti Narang,Female,39,No,Yes,Madhya Pradesh,Indore,42143,Mass Market,36-45
C007619,Yasti Sachdev,Female,25,No,No,Punjab,Amritsar,665189,Mass Market,18-25
C007620,Rayaan Nigam,Male,49,No,No,Madhya Pradesh,Bhopal,36402,Mass Market,46-55
C007621,Sanaya Arya,Female,50,No,No,Kerala,Thiruvananthapuram,687833,Premium,46-55
C007622,Riya Keer,Female,30,No,No,Rajasthan,Jodhpur,621003,Mass Market,26-35
C007623,Onkar Kamdar,Male,44,No,No,Punjab,Chandigarh,894729,Mass Market,36-45
C007624,Ekantika Narayan,Female,35,No,No,Tamil Nadu,Chennai,551521,Mass Market,26-35
C007625,Brijesh Nadkarni,Male,35,No,Yes,Uttar Pradesh,Kanpur,623081,Value,26-35
C007626,Bachittar Parmar,Female,30,No,No,Punjab,Amritsar,260761,Value,26-35
C007627,Girik Vohra,Female,39,No,No,West Bengal,Howrah,420441,Value,36-45
C007628,Tristan Varty,Male,31,No,No,Maharashtra,Pune,682072,Mass Market,26-35
C007629,Ati Lall,Female,28,No,Yes,Punjab,Ludhiana,999949,High Value,26-35
C007630,Deepa Pillai,Female,56,No,No,Maharashtra,Mumbai,18989,Value,56-65
C007631,Henry Bose,Male,67,Yes,No,West Bengal,Howrah,662936,Value,65+
C007632,Devansh Morar,Female,70,Yes,Yes,Punjab,Chandigarh,408656,High Value,65+
C007633,Charan Chaudry,Male,39,No,Yes,West Bengal,Kolkata,22957,High Value,36-45
C007634,Utkarsh Naidu,Female,53,No,Yes,Uttar Pradesh,Agra,349355,Value,46-55
C007635,Rushil Rattan,Female,34,No,No,Delhi,Delhi,417607,High Value,26-35
C007636,Ishaan Nair,Male,68,Yes,Yes,West Bengal,Howrah,679936,Value,65+
C007637,Falan Barad,Male,49,No,No,Delhi,Delhi,952098,Mass Market,46-55
C007638,Shravya Sekhon,Female,31,No,No,Madhya Pradesh,Bhopal,634777,Mass Market,26-35
C007639,Lucky Kata,Male,59,No,No,Kerala,Thiruvananthapuram,154633,Value,56-65
C007640,Amara Parikh,Male,46,No,No,Madhya Pradesh,Bhopal,419012,Value,46-55
C007641,Yauvani Manne,Male,23,No,Yes,Delhi,Delhi,291439,Value,18-25
C007642,Nisha Solanki,Male,67,Yes,No,Tamil Nadu,Coimbatore,207480,Premium,65+
C007643,Aryan Kata,Male,21,No,Yes,Uttar Pradesh,Noida,559720,Value,18-25
C007644,Prisha Misra,Male,28,No,No,Uttar Pradesh,Kanpur,652271,Mass Market,26-35
C007645,Dominic Sankaran,Male,62,Yes,Yes,Madhya Pradesh,Bhopal,680750,Mass Market,56-65
C007646,Krish Nagar,Female,57,No,No,Maharashtra,Pune,967083,High Value,56-65
C007647,Tejas Tara,Male,27,No,No,Punjab,Amritsar,888069,Premium,26-35
C007648,Jagat Pant,Male,45,No,No,West Bengal,Howrah,338287,Value,36-45
C007649,Jasmit Sethi,Male,28,No,No,Madhya Pradesh,Indore,723528,Premium,26-35
C007650,Manan Sarna,Female,52,No,Yes,Madhya Pradesh,Indore,513699,Premium,46-55
C007651,Hemang Upadhyay,Male,32,No,Yes,Kerala,Kochi,871002,High Value,26-35
C007652,Sathvik Barad,Male,25,No,No,Karnataka,Bengaluru,977043,Mass Market,18-25
C007653,Gaurang Narula,Male,37,No,No,Madhya Pradesh,Indore,345516,Value,36-45
C007654,Daksha Gade,Female,67,Yes,No,Madhya Pradesh,Indore,888328,Mass Market,65+
C007655,Utkarsh Gill,Female,38,No,Yes,Maharashtra,Mumbai,105754,High Value,36-45
C007656,Gautam Prashad,Female,18,No,No,Delhi,Delhi,118098,High Value,18-25
C007657,Ekapad Palan,Female,46,No,No,Gujarat,Surat,660898,Premium,46-55
C007658,Yug Sant,Female,41,No,No,Madhya Pradesh,Indore,128147,Value,36-45
C007659,Arjun Shukla,Male,47,No,No,Delhi,Delhi,438401,Value,46-55
C007660,Charita Manne,Female,57,No,No,Delhi,Delhi,540335,Value,56-65
C007661,Urishilla Kumar,Male,52,No,Yes,Telangana,Hyderabad,900705,Mass Market,46-55
C007662,Patrick Das,Female,50,No,Yes,Karnataka,Mysuru,309627,Value,46-55
C007663,Ishanvi Mander,Female,37,No,No,Rajasthan,Jaipur,186986,Mass Market,36-45
C007664,Vidhi Loyal,Male,33,No,No,Rajasthan,Jodhpur,17762,High Value,26-35
C007665,Panini Bhatt,Male,26,No,No,Gujarat,Surat,94927,Value,26-35
C007666,Aarush Nayar,Male,48,No,No,Telangana,Warangal,537956,High Value,46-55
C007667,Neel Gandhi,Female,34,No,No,West Bengal,Howrah,826069,Premium,26-35
C007668,Yochana Chandra,Female,48,No,No,Uttar Pradesh,Agra,804179,Mass Market,46-55
C007669,Ekbal Mangat,Female,65,Yes,No,Delhi,New Delhi,883033,Mass Market,56-65
C007670,Vedant Mital,Male,40,No,Yes,Gujarat,Vadodara,3766,High Value,36-45
C007671,Varsha Raju,Female,23,No,No,West Bengal,Kolkata,28550,Premium,18-25
C007672,Aadhya Jani,Female,47,No,No,Maharashtra,Mumbai,847106,Mass Market,46-55
C007673,Shivani Mani,Female,24,No,Yes,Gujarat,Surat,317367,Mass Market,18-25
C007674,Kabir Dass,Male,65,Yes,No,Rajasthan,Jaipur,310109,Value,56-65
C007675,Bhavya Khurana,Male,57,No,No,West Bengal,Kolkata,597513,Mass Market,56-65
C007676,Ayush Doshi,Female,59,No,No,Delhi,Delhi,120730,Mass Market,56-65
C007677,Ijaya Balan,Female,63,Yes,Yes,Delhi,New Delhi,634811,Premium,56-65
C007678,Rachit Dada,Female,28,No,Yes,Telangana,Hyderabad,502725,Value,26-35
C007679,Ojasvi Purohit,Male,51,No,Yes,Tamil Nadu,Madurai,726195,Value,46-55
C007680,Tripti Dasgupta,Male,29,No,Yes,Tamil Nadu,Madurai,361273,High Value,26-35
C007681,Ojasvi Sachdev,Female,69,Yes,No,Punjab,Ludhiana,858243,Value,65+
C007682,Faras Agarwal,Male,69,Yes,Yes,Delhi,New Delhi,822808,Premium,65+
C007683,Dhriti Ramesh,Female,62,Yes,No,West Bengal,Kolkata,762362,Mass Market,56-65
C007684,Arunima Ghosh,Male,64,Yes,Yes,Rajasthan,Udaipur,916135,Mass Market,56-65
C007685,Krish Dave,Male,44,No,Yes,Delhi,New Delhi,248552,Mass Market,36-45
C007686,Thomas Luthra,Female,29,No,No,Telangana,Warangal,687088,Mass Market,26-35
C007687,Elijah Joshi,Female,30,No,No,Kerala,Kochi,635729,High Value,26-35
C007688,Pallavi Kant,Male,25,No,No,Punjab,Chandigarh,54137,High Value,18-25
C007689,Vinaya Parmar,Male,33,No,No,Punjab,Ludhiana,829127,Premium,26-35
C007690,Girindra Som,Female,46,No,No,Karnataka,Mangaluru,643169,Value,46-55
C007691,Ekbal Narang,Male,52,No,No,Telangana,Hyderabad,800684,Premium,46-55
C007692,Daksha Majumdar,Female,46,No,No,Tamil Nadu,Coimbatore,160201,Value,46-55
C007693,Jai Mahal,Male,48,No,Yes,Gujarat,Ahmedabad,212584,Mass Market,46-55
C007694,Avi Gala,Female,30,No,No,Delhi,Delhi,238748,Value,26-35
C007695,Yatan Palla,Female,29,No,Yes,Madhya Pradesh,Indore,893698,Value,26-35
C007696,Tanvi Modi,Female,68,Yes,No,Gujarat,Surat,225091,Mass Market,65+
C007697,Jalsa Saraf,Male,19,No,Yes,Uttar Pradesh,Kanpur,578137,Mass Market,18-25
C007698,Logan Puri,Female,50,No,No,Kerala,Kochi,214157,Mass Market,46-55
C007699,Imaran Rajagopal,Male,25,No,No,Kerala,Thiruvananthapuram,995210,Value,18-25
C007700,Vrishti Dave,Male,58,No,Yes,Punjab,Chandigarh,605989,Mass Market,56-65
C007701,Tejas Bhavsar,Female,57,No,No,Rajasthan,Jaipur,611044,Premium,56-65
C007702,Lakshmi Natt,Female,70,Yes,Yes,Maharashtra,Mumbai,614943,Value,65+
C007703,Nakul Goswami,Female,66,Yes,Yes,Uttar Pradesh,Agra,50136,Mass Market,65+
C007704,Reva Prashad,Male,58,No,No,Kerala,Thiruvananthapuram,945754,Premium,56-65
C007705,George Misra,Male,49,No,No,Punjab,Ludhiana,235589,Value,46-55
C007706,Atharv Kalita,Male,55,No,No,Madhya Pradesh,Bhopal,295505,Mass Market,46-55
C007707,Aarnav Gola,Female,45,No,No,Punjab,Amritsar,241108,Premium,36-45
C007708,Hemal Bhatt,Female,32,No,No,Delhi,New Delhi,154099,Mass Market,26-35
C007709,Anika Mani,Male,40,No,No,Kerala,Thiruvananthapuram,293466,Premium,36-45
C007710,Mohini Srivastava,Female,41,No,No,Punjab,Chandigarh,972548,Value,36-45
C007711,Pranit Walla,Male,30,No,Yes,Maharashtra,Nashik,545995,Mass Market,26-35
C007712,Aadi Mital,Male,38,No,Yes,Gujarat,Surat,263485,Value,36-45
C007713,Wridesh Kaur,Male,29,No,Yes,Maharashtra,Pune,2309,Mass Market,26-35
C007714,Zayyan Patel,Male,30,No,No,Gujarat,Ahmedabad,296782,Mass Market,26-35
C007715,Kritika Chacko,Male,56,No,Yes,Delhi,New Delhi,619828,Mass Market,56-65
C007716,Vasatika Master,Female,40,No,Yes,Kerala,Thiruvananthapuram,904062,Mass Market,36-45
C007717,Manthan Parmar,Male,67,Yes,No,Punjab,Ludhiana,943410,Premium,65+
C007718,Ishwar Lad,Female,63,Yes,Yes,West Bengal,Kolkata,301301,Premium,56-65
C007719,Zansi Shukla,Male,60,Yes,No,West Bengal,Kolkata,326339,Premium,56-65
C007720,Tanay Bhatt,Female,45,No,No,Kerala,Thiruvananthapuram,849666,Mass Market,36-45
C007721,Abhiram Mann,Female,31,No,Yes,Telangana,Hyderabad,734815,Value,26-35
C007722,Ekanta Mangal,Female,34,No,Yes,Delhi,Delhi,912219,Mass Market,26-35
C007723,Ridhi Tandon,Male,41,No,No,Kerala,Thiruvananthapuram,436056,Value,36-45
C007724,Pavani Chandran,Female,70,Yes,No,Punjab,Chandigarh,436444,Premium,65+
C007725,Charles Wadhwa,Female,51,No,Yes,West Bengal,Kolkata,944211,Mass Market,46-55
C007726,Yadavi Behl,Male,68,Yes,Yes,Maharashtra,Nashik,670990,High Value,65+
C007727,Harish Wason,Male,65,Yes,No,Kerala,Kochi,303261,Premium,56-65
C007728,Yagnesh Chada,Male,39,No,No,Punjab,Chandigarh,187104,Premium,36-45
C007729,Samuel Chad,Female,27,No,No,Punjab,Chandigarh,446463,Value,26-35
C007730,George Bhattacharyya,Male,25,No,No,Delhi,New Delhi,284014,Premium,18-25
C007731,Veer Sant,Male,38,No,No,Kerala,Thiruvananthapuram,979057,High Value,36-45
C007732,Nitara Garde,Male,54,No,No,Delhi,Delhi,580541,Premium,46-55
C007733,Alexander Sunder,Male,24,No,No,Maharashtra,Nagpur,318927,Mass Market,18-25
C007734,Tanmayi Chatterjee,Female,43,No,No,Uttar Pradesh,Noida,6921,Value,36-45
C007735,Nidra Vohra,Male,30,No,Yes,Gujarat,Ahmedabad,390050,Mass Market,26-35
C007736,Pallavi Mitra,Female,33,No,Yes,Karnataka,Mysuru,748179,High Value,26-35
C007737,Ganga Sha,Female,47,No,Yes,Kerala,Thiruvananthapuram,330393,High Value,46-55
C007738,Niharika Agate,Male,48,No,Yes,Gujarat,Surat,581301,Value,46-55
C007739,Priya Hora,Female,22,No,Yes,West Bengal,Howrah,170994,Premium,18-25
C007740,Ekbal Pradhan,Male,49,No,Yes,Karnataka,Mangaluru,957181,High Value,46-55
C007741,Praneel Hayre,Female,33,No,No,Telangana,Hyderabad,410290,Mass Market,26-35
C007742,Netra Bandi,Male,64,Yes,No,Madhya Pradesh,Bhopal,169185,Value,56-65
C007743,Qasim Hayer,Female,26,No,No,Maharashtra,Mumbai,610670,Value,26-35
C007744,Qasim Thakkar,Male,39,No,No,Gujarat,Surat,696702,Premium,36-45
C007745,Gautami Nayak,Male,61,Yes,Yes,Gujarat,Vadodara,891271,Mass Market,56-65
C007746,Eta Devi,Female,57,No,No,Uttar Pradesh,Noida,732685,Premium,56-65
C007747,Bhavya Chandran,Male,62,Yes,No,Delhi,Delhi,810528,Value,56-65
C007748,Bimala Dube,Female,54,No,Yes,Tamil Nadu,Coimbatore,168631,Mass Market,46-55
C007749,Netra Rege,Male,31,No,Yes,Tamil Nadu,Coimbatore,525676,Mass Market,26-35
C007750,Balhaar Chauhan,Female,33,No,Yes,West Bengal,Howrah,879054,Mass Market,26-35
C007751,Faqid Kunda,Male,60,Yes,Yes,Tamil Nadu,Coimbatore,166911,Mass Market,56-65
C007752,Lucky Bahl,Female,37,No,Yes,Kerala,Thiruvananthapuram,340524,Value,36-45
C007753,Neelima Samra,Male,61,Yes,Yes,Madhya Pradesh,Indore,699696,Value,56-65
C007754,Samesh Venkataraman,Male,32,No,Yes,Telangana,Warangal,686990,Mass Market,26-35
C007755,Kabir Deshmukh,Male,61,Yes,Yes,Kerala,Thiruvananthapuram,782816,Value,56-65
C007756,Arunima Barad,Female,43,No,No,Madhya Pradesh,Indore,413796,Value,36-45
C007757,Ekaja Kata,Male,26,No,Yes,Kerala,Thiruvananthapuram,49703,Mass Market,26-35
C007758,Qarin Goda,Female,18,No,Yes,Delhi,Delhi,410311,Value,18-25
C007759,Kashish Purohit,Female,52,No,No,Rajasthan,Jaipur,557701,Premium,46-55
C007760,Ayaan Chandran,Male,61,Yes,No,Tamil Nadu,Chennai,78490,Mass Market,56-65
C007761,Faqid Comar,Female,37,No,No,Telangana,Warangal,456094,Mass Market,36-45
C007762,Aahana Warrior,Male,62,Yes,No,Uttar Pradesh,Agra,201302,High Value,56-65
C007763,Shaurya Kapoor,Male,23,No,Yes,Delhi,New Delhi,393540,Premium,18-25
C007764,Reyansh Kari,Female,59,No,Yes,Karnataka,Mangaluru,571338,Value,56-65
C007765,Januja Golla,Female,27,No,Yes,Rajasthan,Udaipur,472781,Value,26-35
C007766,Jackson Kala,Female,65,Yes,No,Punjab,Amritsar,196573,Premium,56-65
C007767,Yagnesh Kumar,Male,50,No,Yes,Telangana,Hyderabad,154960,Premium,46-55
C007768,Nisha Mander,Male,33,No,No,Uttar Pradesh,Agra,607664,Mass Market,26-35
C007769,Jonathan Kalita,Male,53,No,Yes,Madhya Pradesh,Indore,124346,Value,46-55
C007770,Quincy Tella,Female,23,No,No,Kerala,Thiruvananthapuram,485497,Value,18-25
C007771,Chanchal Misra,Male,36,No,Yes,Madhya Pradesh,Bhopal,157980,Mass Market,36-45
C007772,Priya Ahluwalia,Female,48,No,No,Madhya Pradesh,Bhopal,583269,High Value,46-55
C007773,Aishani Vala,Male,19,No,No,Madhya Pradesh,Indore,360630,Value,18-25
C007774,Pushti Hans,Male,35,No,No,Uttar Pradesh,Agra,798210,Mass Market,26-35
C007775,Owen Bhagat,Male,59,No,Yes,Madhya Pradesh,Bhopal,927833,High Value,56-65
C007776,Yug Sarkar,Male,45,No,No,Uttar Pradesh,Noida,859683,Mass Market,36-45
C007777,Urvashi Kibe,Male,21,No,No,Maharashtra,Pune,511610,Mass Market,18-25
C007778,Jalsa Goel,Female,18,No,Yes,Gujarat,Vadodara,515138,Value,18-25
C007779,Vincent Parekh,Female,64,Yes,No,Madhya Pradesh,Bhopal,226293,Mass Market,56-65
C007780,George Natt,Male,59,No,No,Gujarat,Ahmedabad,588349,Premium,56-65
C007781,Leela Raval,Male,67,Yes,No,Rajasthan,Udaipur,52048,Mass Market,65+
C007782,Gaurangi Bhatti,Male,33,No,Yes,West Bengal,Howrah,526791,Mass Market,26-35
C007783,Vinaya Ramakrishnan,Female,62,Yes,No,West Bengal,Howrah,885158,Mass Market,56-65
C007784,Kala Koshy,Male,64,Yes,Yes,Delhi,New Delhi,940948,Premium,56-65
C007785,Omaja Saha,Female,19,No,No,Kerala,Kochi,188299,Mass Market,18-25
C007786,Henry Lata,Male,69,Yes,No,Punjab,Chandigarh,780766,Value,65+
C007787,Kala Kanda,Male,53,No,No,Telangana,Hyderabad,545806,Premium,46-55
C007788,Nidhi Prabhakar,Female,18,No,Yes,Maharashtra,Nashik,870013,High Value,18-25
C007789,Bhavya Sathe,Male,56,No,No,Kerala,Thiruvananthapuram,512201,Premium,56-65
C007790,Meera Saraf,Female,40,No,Yes,Punjab,Chandigarh,357691,Value,36-45
C007791,Viraj Nigam,Male,43,No,No,Punjab,Ludhiana,647259,Value,36-45
C007792,Nikita Datta,Male,28,No,No,West Bengal,Howrah,684212,Value,26-35
C007793,Zaid Dube,Male,59,No,No,Telangana,Warangal,898535,Premium,56-65
C007794,Samaksh Rama,Female,18,No,Yes,Uttar Pradesh,Kanpur,143019,Premium,18-25
C007795,Matthew Mishra,Female,28,No,No,Gujarat,Vadodara,267363,High Value,26-35
C007796,Hamsini Soman,Male,41,No,Yes,Gujarat,Ahmedabad,515310,Premium,36-45
C007797,Naksh Shankar,Female,27,No,No,Uttar Pradesh,Lucknow,308045,Mass Market,26-35
C007798,Ronith Kapur,Male,31,No,Yes,Rajasthan,Jaipur,100259,Premium,26-35
C007799,Anika Kala,Male,31,No,No,Gujarat,Vadodara,475476,Premium,26-35
C007800,Nirja Narasimhan,Male,24,No,No,Gujarat,Vadodara,713595,Premium,18-25
C007801,Yatin Bal,Male,40,No,Yes,Gujarat,Surat,846917,High Value,36-45
C007802,Harrison Ramaswamy,Male,60,Yes,Yes,Telangana,Hyderabad,847127,Value,56-65
C007803,Chaman Singhal,Female,39,No,Yes,Tamil Nadu,Chennai,992724,Value,36-45
C007804,Faras Sagar,Male,53,No,No,Karnataka,Mysuru,987833,Mass Market,46-55
C007805,Irya Kapur,Male,44,No,No,Uttar Pradesh,Lucknow,306559,Value,36-45
C007806,Harrison Ramesh,Male,19,No,No,Punjab,Chandigarh,613552,Value,18-25
C007807,Triya Chakrabarti,Female,56,No,No,Delhi,Delhi,22796,High Value,56-65
C007808,Yash Bajaj,Female,68,Yes,Yes,Punjab,Amritsar,770012,High Value,65+
C007809,Sathvik Som,Male,63,Yes,No,West Bengal,Howrah,855172,Premium,56-65
C007810,Ladli Bhargava,Male,36,No,Yes,Maharashtra,Nagpur,889833,Mass Market,36-45
C007811,Ojas Agrawal,Male,24,No,Yes,Madhya Pradesh,Bhopal,198968,Value,18-25
C007812,Anusha Yadav,Male,29,No,No,Kerala,Thiruvananthapuram,540525,Value,26-35
C007813,Vasatika Bahl,Male,20,No,No,West Bengal,Howrah,406056,Mass Market,18-25
C007814,Libni Maharaj,Male,64,Yes,Yes,Delhi,Delhi,329008,Mass Market,56-65
C007815,Jacob Deep,Male,22,No,No,Tamil Nadu,Chennai,91572,Premium,18-25
C007816,Bhavika Rao,Male,25,No,No,Maharashtra,Pune,506362,Mass Market,18-25
C007817,Chameli Sathe,Male,31,No,No,Tamil Nadu,Chennai,982250,Mass Market,26-35
C007818,Qarin Naik,Female,53,No,Yes,Punjab,Chandigarh,386531,Value,46-55
C007819,Maanas Gala,Female,24,No,No,Telangana,Warangal,358484,High Value,18-25
C007820,Chaman Padmanabhan,Female,24,No,No,Maharashtra,Mumbai,94184,Premium,18-25
C007821,Samesh Halder,Male,67,Yes,No,Kerala,Thiruvananthapuram,462042,High Value,65+
C007822,Triveni Dewan,Male,63,Yes,No,Maharashtra,Mumbai,579727,Premium,56-65
C007823,Advay Kale,Male,49,No,No,West Bengal,Kolkata,139211,Value,46-55
C007824,Adweta Tiwari,Female,25,No,No,Karnataka,Mysuru,829380,High Value,18-25
C007825,Imaran Golla,Male,29,No,Yes,Madhya Pradesh,Indore,438572,Value,26-35
C007826,Leela Master,Female,27,No,No,Kerala,Kochi,321651,Mass Market,26-35
C007827,Gaurang Rout,Female,31,No,Yes,Uttar Pradesh,Noida,567337,Value,26-35
C007828,Atharv Sabharwal,Male,26,No,Yes,Uttar Pradesh,Agra,107277,Premium,26-35
C007829,Tejas Narasimhan,Female,55,No,No,Kerala,Thiruvananthapuram,659732,High Value,46-55
C007830,Indrajit Bali,Male,47,No,Yes,Madhya Pradesh,Bhopal,605705,Mass Market,46-55
C007831,Lopa Chokshi,Male,22,No,No,Punjab,Amritsar,211925,Value,18-25
C007832,Inaya Bala,Male,18,No,No,Uttar Pradesh,Agra,583682,Premium,18-25
C007833,Nandini Koshy,Male,18,No,No,Maharashtra,Nagpur,170245,Mass Market,18-25
C007834,Bahadurjit Bumb,Female,37,No,No,Kerala,Thiruvananthapuram,267469,Premium,36-45
C007835,Upkaar Kata,Male,66,Yes,Yes,Telangana,Warangal,443222,Value,65+
C007836,Anita Kale,Male,28,No,No,Maharashtra,Nagpur,721302,Mass Market,26-35
C007837,Oni Subramaniam,Female,43,No,No,Maharashtra,Mumbai,322044,Value,36-45
C007838,Anusha Walla,Female,61,Yes,Yes,Uttar Pradesh,Noida,453,Value,56-65
C007839,Baghyawati Bath,Male,20,No,Yes,Tamil Nadu,Chennai,446227,Premium,18-25
C007840,Gaurang Bhatia,Female,23,No,Yes,Maharashtra,Mumbai,817272,High Value,18-25
C007841,Radha Tak,Female,60,Yes,No,Punjab,Chandigarh,334772,Value,56-65
C007842,Baljiwan Borah,Male,62,Yes,No,Karnataka,Bengaluru,484437,Premium,56-65
C007843,Gavin Chawla,Male,28,No,Yes,West Bengal,Kolkata,282559,Premium,26-35
C007844,Advaith Mandal,Male,25,No,No,Delhi,New Delhi,848275,Mass Market,18-25
C007845,Aryan Batta,Female,46,No,Yes,Telangana,Hyderabad,559876,Value,46-55
C007846,Neel Barad,Female,27,No,No,Delhi,New Delhi,130087,Value,26-35
C007847,Omisha Sahni,Female,51,No,No,Uttar Pradesh,Agra,62359,Mass Market,46-55
C007848,Netra Bali,Male,41,No,Yes,Kerala,Kochi,693182,Mass Market,36-45
C007849,Balveer Koshy,Male,63,Yes,No,Uttar Pradesh,Noida,464956,High Value,56-65
C007850,Maanas Dara,Male,65,Yes,No,Kerala,Thiruvananthapuram,566020,Value,56-65
C007851,Aarna Thaker,Male,34,No,No,West Bengal,Kolkata,624513,Mass Market,26-35
C007852,Chasmum Lal,Female,49,No,Yes,West Bengal,Kolkata,961273,Mass Market,46-55
C007853,Darpan Kadakia,Female,28,No,Yes,Delhi,Delhi,857949,Mass Market,26-35
C007854,Rudra Borde,Male,51,No,Yes,Kerala,Thiruvananthapuram,184426,Value,46-55
C007855,Darsh Sridhar,Male,41,No,No,Madhya Pradesh,Indore,495370,Mass Market,36-45
C007856,Vedika Chaudhry,Male,22,No,No,Kerala,Thiruvananthapuram,754941,Mass Market,18-25
C007857,Lavanya Bhargava,Male,46,No,Yes,Rajasthan,Jodhpur,874491,Mass Market,46-55
C007858,Ekiya Srivastava,Male,65,Yes,No,Maharashtra,Mumbai,22295,Value,56-65
C007859,Gabriel Tandon,Male,65,Yes,Yes,Rajasthan,Jaipur,858976,Mass Market,56-65
C007860,Samar Deshmukh,Male,51,No,Yes,Tamil Nadu,Chennai,165508,Mass Market,46-55
C007861,Dayamai Babu,Male,33,No,No,Telangana,Hyderabad,490876,Mass Market,26-35
C007862,Chavvi Shetty,Male,42,No,Yes,Madhya Pradesh,Bhopal,574800,Mass Market,36-45
C007863,Neel Verma,Male,54,No,Yes,Delhi,Delhi,869080,Mass Market,46-55
C007864,Bimala Chanda,Female,25,No,Yes,Karnataka,Mysuru,678224,Value,18-25
C007865,Kevin Walla,Male,46,No,No,Madhya Pradesh,Indore,934274,Value,46-55
C007866,Chandani Nadig,Female,69,Yes,No,Delhi,Delhi,847522,Mass Market,65+
C007867,Vedhika Borde,Male,63,Yes,No,Punjab,Amritsar,551562,Premium,56-65
C007868,Rajata Soni,Male,42,No,No,Kerala,Kochi,993729,Value,36-45
C007869,Vritti Rai,Male,59,No,No,Telangana,Hyderabad,204301,Mass Market,56-65
C007870,Priya Guha,Male,40,No,Yes,Karnataka,Mysuru,42637,Mass Market,36-45
C007871,William Buch,Female,51,No,No,Tamil Nadu,Madurai,997298,High Value,46-55
C007872,Xalak Mitra,Male,20,No,No,West Bengal,Howrah,685857,High Value,18-25
C007873,Ladli Das,Female,47,No,No,Uttar Pradesh,Lucknow,50575,Mass Market,46-55
C007874,Omkaar Krish,Female,67,Yes,No,Tamil Nadu,Coimbatore,539291,Mass Market,65+
C007875,Jagat Pall,Male,70,Yes,No,Rajasthan,Jaipur,940548,Value,65+
C007876,Chanakya Borra,Male,51,No,No,Delhi,New Delhi,652918,Value,46-55
C007877,Fitan Nayak,Female,49,No,No,Gujarat,Vadodara,580583,Value,46-55
C007878,Garima Behl,Male,70,Yes,Yes,Rajasthan,Udaipur,768205,Value,65+
C007879,Rachita Goyal,Female,46,No,No,Uttar Pradesh,Agra,260244,Mass Market,46-55
C007880,Ekalinga Ray,Male,26,No,Yes,Punjab,Ludhiana,117384,Mass Market,26-35
C007881,Hemangini Nazareth,Male,19,No,Yes,Telangana,Warangal,274368,Value,18-25
C007882,Ekantika Gill,Male,56,No,No,Telangana,Warangal,850701,High Value,56-65
C007883,Devika Borde,Male,24,No,Yes,West Bengal,Kolkata,422355,Mass Market,18-25
C007884,Liam Patla,Female,63,Yes,No,Telangana,Warangal,440571,Premium,56-65
C007885,Vidhi Bhattacharyya,Male,22,No,No,Tamil Nadu,Coimbatore,620802,Value,18-25
C007886,Anya Verma,Female,25,No,No,Delhi,Delhi,110412,Mass Market,18-25
C007887,Pooja Ramakrishnan,Male,49,No,Yes,Delhi,Delhi,886049,Premium,46-55
C007888,Yashawini Kant,Male,35,No,Yes,Punjab,Chandigarh,22509,Value,26-35
C007889,Azaan Pingle,Male,55,No,No,Madhya Pradesh,Indore,11988,Value,46-55
C007890,Harini Sant,Male,63,Yes,No,Tamil Nadu,Madurai,526172,Value,56-65
C007891,Ijaya Ratti,Male,35,No,No,Kerala,Kochi,702612,Mass Market,26-35
C007892,Jasmit Patla,Male,66,Yes,No,Madhya Pradesh,Bhopal,927976,Value,65+
C007893,Madhav Gour,Female,58,No,No,Madhya Pradesh,Bhopal,402718,Value,56-65
C007894,Gabriel Shah,Male,62,Yes,No,Delhi,New Delhi,10084,Mass Market,56-65
C007895,Madhavi Raval,Male,33,No,No,Kerala,Thiruvananthapuram,254003,Value,26-35
C007896,Janaki Ravel,Female,38,No,Yes,Gujarat,Vadodara,188934,Mass Market,36-45
C007897,Atharv Lad,Female,27,No,Yes,Kerala,Thiruvananthapuram,764947,Mass Market,26-35
C007898,Abhiram Soni,Male,59,No,Yes,Gujarat,Surat,926911,Premium,56-65
C007899,Brijesh Butala,Male,21,No,Yes,Kerala,Kochi,164666,Mass Market,18-25
C007900,Anvi Choudhry,Female,61,Yes,No,Rajasthan,Jodhpur,266318,Value,56-65
C007901,Abdul Radhakrishnan,Female,25,No,No,Kerala,Thiruvananthapuram,978768,High Value,18-25
C007902,Pranit Lad,Male,64,Yes,No,Maharashtra,Nashik,458485,Mass Market,56-65
C007903,Yauvani Saxena,Male,70,Yes,No,West Bengal,Howrah,662635,Value,65+
C007904,Abdul Aggarwal,Female,36,No,No,Kerala,Kochi,548452,Value,36-45
C007905,Nilima Bhargava,Male,64,Yes,No,West Bengal,Kolkata,54168,Value,56-65
C007906,Harish Sunder,Female,57,No,Yes,Uttar Pradesh,Kanpur,314214,Value,56-65
C007907,Lohit Amble,Male,57,No,Yes,Telangana,Hyderabad,238032,Value,56-65
C007908,Nikita Ganguly,Female,68,Yes,Yes,West Bengal,Howrah,55440,Mass Market,65+
C007909,Yachana Choudhry,Male,26,No,Yes,Kerala,Thiruvananthapuram,741243,Mass Market,26-35
C007910,Indali Edwin,Male,47,No,No,Gujarat,Surat,58920,Premium,46-55
C007911,Veer Dhar,Female,34,No,No,Telangana,Hyderabad,904266,Mass Market,26-35
C007912,Pratyush Gill,Male,57,No,Yes,Madhya Pradesh,Indore,367634,Premium,56-65
C007913,Bhanumati Arya,Male,61,Yes,No,Kerala,Thiruvananthapuram,285295,Premium,56-65
C007914,Urishilla Narain,Male,32,No,No,Rajasthan,Udaipur,312013,Mass Market,26-35
C007915,Reyansh Parmar,Male,21,No,Yes,Karnataka,Mangaluru,796855,Mass Market,18-25
C007916,Azad Agarwal,Male,23,No,No,Rajasthan,Udaipur,521177,Mass Market,18-25
C007917,George Barad,Female,33,No,No,Tamil Nadu,Coimbatore,28105,Value,26-35
C007918,Sneha D’Alia,Male,43,No,No,Telangana,Hyderabad,903064,Premium,36-45
C007919,Kashish Chaudry,Male,54,No,Yes,Karnataka,Mysuru,670214,Mass Market,46-55
C007920,Yatin Palan,Male,40,No,Yes,Kerala,Thiruvananthapuram,907834,Mass Market,36-45
C007921,Dipta Hari,Female,30,No,Yes,Madhya Pradesh,Bhopal,107725,Mass Market,26-35
C007922,Saanvi Dhingra,Female,64,Yes,Yes,West Bengal,Howrah,210985,Mass Market,56-65
C007923,Karan Amble,Male,34,No,No,West Bengal,Howrah,60843,Value,26-35
C007924,Bimala Dalal,Male,44,No,Yes,Gujarat,Ahmedabad,913539,Value,36-45
C007925,Vrishti Baria,Female,69,Yes,Yes,Karnataka,Mangaluru,118727,Mass Market,65+
C007926,Wridesh Balakrishnan,Male,39,No,Yes,Uttar Pradesh,Noida,293317,Value,36-45
C007927,Anay Bora,Female,54,No,No,Punjab,Ludhiana,613631,Mass Market,46-55
C007928,Charita Chaudry,Female,36,No,Yes,Delhi,New Delhi,596955,Mass Market,36-45
C007929,Forum Kibe,Female,56,No,Yes,Karnataka,Mangaluru,917808,Mass Market,56-65
C007930,Faras Natarajan,Male,52,No,No,Maharashtra,Nashik,576341,Value,46-55
C007931,Yashvi Chandran,Female,30,No,No,West Bengal,Kolkata,253164,Value,26-35
C007932,Bhavna Singh,Female,31,No,Yes,Delhi,New Delhi,237393,Mass Market,26-35
C007933,Suhani Mani,Female,65,Yes,Yes,Madhya Pradesh,Indore,457412,Mass Market,56-65
C007934,Balhaar Gill,Male,48,No,No,Rajasthan,Jaipur,37790,Mass Market,46-55
C007935,Yashvi Kapoor,Male,62,Yes,No,Uttar Pradesh,Agra,425317,Mass Market,56-65
C007936,Lekha Kapadia,Male,19,No,Yes,Kerala,Kochi,277721,Value,18-25
C007937,Widisha Bakshi,Male,63,Yes,Yes,Punjab,Ludhiana,887287,Mass Market,56-65
C007938,Ucchal D’Alia,Female,69,Yes,Yes,Delhi,Delhi,650031,Value,65+
C007939,Gunbir Kapadia,Male,56,No,No,Gujarat,Surat,354836,Mass Market,56-65
C007940,Zashil Khatri,Male,54,No,No,Punjab,Chandigarh,253967,Value,46-55
C007941,Akshay Nagar,Male,31,No,No,Maharashtra,Pune,832395,Premium,26-35
C007942,Ekantika Padmanabhan,Female,26,No,No,Rajasthan,Udaipur,21559,Value,26-35
C007943,Kashish Mohan,Female,27,No,No,Tamil Nadu,Chennai,223931,Mass Market,26-35
C007944,Arunima Grover,Male,24,No,No,Uttar Pradesh,Lucknow,910518,Mass Market,18-25
C007945,Oni Sani,Male,45,No,No,Karnataka,Mysuru,79722,Mass Market,36-45
C007946,Chanchal Parmer,Male,63,Yes,No,Delhi,Delhi,89188,Value,56-65
C007947,Zinal Sanghvi,Female,42,No,Yes,West Bengal,Howrah,89850,Mass Market,36-45
C007948,Krishna Bhavsar,Female,63,Yes,No,Punjab,Amritsar,38891,Mass Market,56-65
C007949,Lipika Narula,Female,45,No,No,West Bengal,Kolkata,320360,Premium,36-45
C007950,Tripti Khosla,Male,19,No,No,Madhya Pradesh,Indore,33749,Mass Market,18-25
C007951,Sneha Mahajan,Female,34,No,Yes,Tamil Nadu,Madurai,126907,High Value,26-35
C007952,Sachi Bassi,Male,69,Yes,No,West Bengal,Kolkata,807934,Premium,65+
C007953,Mohini Nadkarni,Female,21,No,No,Kerala,Kochi,696909,Premium,18-25
C007954,Sachi Sachdeva,Male,30,No,No,Gujarat,Surat,23193,Premium,26-35
C007955,Udant Sahota,Female,35,No,Yes,Uttar Pradesh,Agra,980446,Mass Market,26-35
C007956,Chandani Bhardwaj,Male,20,No,No,Kerala,Kochi,79194,Mass Market,18-25
C007957,Ishita Kannan,Female,68,Yes,Yes,Karnataka,Mangaluru,359202,Mass Market,65+
C007958,Yauvani Mand,Female,54,No,No,Telangana,Hyderabad,304997,Mass Market,46-55
C007959,Varenya Rastogi,Male,50,No,No,Uttar Pradesh,Lucknow,550144,Mass Market,46-55
C007960,Mitali Merchant,Male,58,No,Yes,Madhya Pradesh,Indore,11167,Premium,56-65
C007961,Charvi Sharaf,Female,41,No,Yes,Rajasthan,Jodhpur,512107,Mass Market,36-45
C007962,Pranit Naidu,Male,25,No,No,Madhya Pradesh,Bhopal,353542,Mass Market,18-25
C007963,Baghyawati Gour,Male,52,No,Yes,Gujarat,Surat,653755,Value,46-55
C007964,Lohit Krishna,Male,19,No,No,Kerala,Thiruvananthapuram,912826,Mass Market,18-25
C007965,Simon Mitra,Female,50,No,No,Karnataka,Bengaluru,249148,Mass Market,46-55
C007966,Azad Mahal,Male,29,No,Yes,Kerala,Thiruvananthapuram,961894,Mass Market,26-35
C007967,Suhani Date,Male,39,No,No,Uttar Pradesh,Noida,585473,Premium,36-45
C007968,Indrajit Narayanan,Male,30,No,Yes,Uttar Pradesh,Lucknow,16127,Value,26-35
C007969,Yatin Rao,Male,27,No,No,Punjab,Amritsar,426281,Value,26-35
C007970,Falak Warrior,Female,34,No,Yes,Gujarat,Ahmedabad,507168,Mass Market,26-35
C007971,Divya Shanker,Female,60,Yes,No,Delhi,Delhi,321711,High Value,56-65
C007972,Ayush Rajagopalan,Female,22,No,No,West Bengal,Howrah,675301,Mass Market,18-25
C007973,Wishi Radhakrishnan,Male,26,No,No,Uttar Pradesh,Lucknow,705570,Premium,26-35
C007974,Nicholas Mall,Female,30,No,Yes,Uttar Pradesh,Lucknow,430276,High Value,26-35
C007975,Jyoti Sethi,Male,69,Yes,Yes,Karnataka,Mangaluru,991824,Value,65+
C007976,William Kala,Male,40,No,No,Delhi,New Delhi,42832,Value,36-45
C007977,Maanas Nigam,Female,47,No,No,Kerala,Kochi,200954,Mass Market,46-55
C007978,Jagrati Golla,Female,60,Yes,Yes,Tamil Nadu,Madurai,84297,Mass Market,56-65
C007979,Fitan Nagy,Female,21,No,Yes,Punjab,Chandigarh,764263,Premium,18-25
C007980,Lila Kara,Female,38,No,Yes,Madhya Pradesh,Indore,313256,Mass Market,36-45
C007981,Ati Bahri,Male,60,Yes,No,West Bengal,Kolkata,127414,High Value,56-65
C007982,Radhika Ramanathan,Male,26,No,Yes,Karnataka,Bengaluru,551629,Value,26-35
C007983,Gautam Savant,Female,24,No,Yes,Kerala,Thiruvananthapuram,729161,Value,18-25
C007984,Hardik Sunder,Male,33,No,Yes,Telangana,Hyderabad,934961,Value,26-35
C007985,Naksh Dewan,Male,40,No,No,Madhya Pradesh,Bhopal,464878,Mass Market,36-45
C007986,Avi Mittal,Female,40,No,Yes,Delhi,Delhi,79520,Mass Market,36-45
C007987,Nikita Shetty,Female,48,No,No,Kerala,Thiruvananthapuram,570464,Mass Market,46-55
C007988,Jagdish Parmer,Male,22,No,Yes,Kerala,Kochi,715303,Mass Market,18-25
C007989,Patrick Ravi,Female,23,No,No,Punjab,Chandigarh,631748,High Value,18-25
C007990,Shaurya Soman,Female,68,Yes,No,Madhya Pradesh,Bhopal,674312,Mass Market,65+
C007991,Meghana Kant,Female,18,No,Yes,Kerala,Thiruvananthapuram,827259,Value,18-25
C007992,Isha Bali,Male,65,Yes,Yes,Delhi,New Delhi,734753,Mass Market,56-65
C007993,Jairaj Kashyap,Male,45,No,No,West Bengal,Kolkata,784164,Premium,36-45
C007994,Xiti Bath,Male,35,No,No,Delhi,New Delhi,560915,Value,26-35
C007995,Ishita Amble,Male,41,No,No,Maharashtra,Nashik,541579,Value,36-45
C007996,Matthew Bath,Male,30,No,Yes,Telangana,Warangal,142823,High Value,26-35
C007997,Girish Bava,Male,50,No,No,Gujarat,Ahmedabad,282097,Premium,46-55
C007998,Wriddhish Kohli,Male,27,No,No,Madhya Pradesh,Indore,223534,Value,26-35
C007999,Kashvi Kara,Female,24,No,No,Madhya Pradesh,Bhopal,213286,High Value,18-25
C008000,Vidhi Chad,Male,54,No,No,Telangana,Warangal,973259,Value,46-55
C008001,Aarnav Bhardwaj,Female,49,No,No,Maharashtra,Nagpur,99394,Premium,46-55
C008002,Qarin Om,Female,62,Yes,Yes,Maharashtra,Pune,585989,Value,56-65
C008003,Hardik Puri,Male,39,No,Yes,Uttar Pradesh,Lucknow,443280,Mass Market,36-45
C008004,Qarin Oak,Female,33,No,No,Maharashtra,Nagpur,940945,High Value,26-35
C008005,Avni Tailor,Female,41,No,No,West Bengal,Howrah,779017,Mass Market,36-45
C008006,Yoshita Pillay,Male,69,Yes,Yes,Punjab,Amritsar,548949,Mass Market,65+
C008007,Dayamai Agate,Female,31,No,No,Kerala,Thiruvananthapuram,53623,Mass Market,26-35
C008008,Luke Karan,Male,28,No,No,Kerala,Thiruvananthapuram,76826,Mass Market,26-35
C008009,Bhavika Padmanabhan,Female,36,No,Yes,Kerala,Kochi,740685,Mass Market,36-45
C008010,Laban Kaur,Male,40,No,Yes,West Bengal,Kolkata,465215,Value,36-45
C008011,Lekha Sidhu,Female,51,No,No,Maharashtra,Nashik,248956,High Value,46-55
C008012,Faqid Mane,Male,57,No,Yes,Maharashtra,Pune,546439,Mass Market,56-65
C008013,Krisha Mann,Female,30,No,Yes,Gujarat,Ahmedabad,930700,Premium,26-35
C008014,Bhavna Konda,Male,56,No,Yes,Rajasthan,Jodhpur,666052,Mass Market,56-65
C008015,Agastya Dani,Female,61,Yes,No,West Bengal,Howrah,612471,Mass Market,56-65
C008016,Ira Hayre,Female,45,No,No,Gujarat,Surat,52064,Value,36-45
C008017,Faris Seth,Male,57,No,No,Madhya Pradesh,Bhopal,919170,Premium,56-65
C008018,Priya Salvi,Female,33,No,No,Karnataka,Mangaluru,693548,Mass Market,26-35
C008019,Harini Bhardwaj,Male,67,Yes,No,Kerala,Thiruvananthapuram,21140,Mass Market,65+
C008020,Peter Sinha,Female,68,Yes,No,Punjab,Chandigarh,558167,Mass Market,65+
C008021,Ekalinga Dass,Male,45,No,Yes,West Bengal,Howrah,833997,High Value,36-45
C008022,Nathaniel Chadha,Female,21,No,Yes,Gujarat,Ahmedabad,498356,Mass Market,18-25
C008023,Vansha Bhakta,Female,45,No,No,Rajasthan,Jaipur,277036,Value,36-45
C008024,Ethan Bhasin,Male,29,No,No,Telangana,Hyderabad,932887,Premium,26-35
C008025,Kevin Korpal,Male,33,No,Yes,Uttar Pradesh,Lucknow,257687,Value,26-35
C008026,Ishaan Raman,Male,70,Yes,Yes,Maharashtra,Nagpur,264379,High Value,65+
C008027,Riya Bajwa,Female,66,Yes,No,Kerala,Thiruvananthapuram,975254,High Value,65+
C008028,Vanya Sane,Male,53,No,Yes,West Bengal,Howrah,171916,Value,46-55
C008029,Gautami Korpal,Male,37,No,No,Uttar Pradesh,Noida,959826,Value,36-45
C008030,Matthew Issac,Female,43,No,Yes,Madhya Pradesh,Bhopal,494590,Mass Market,36-45
C008031,Jatin Zacharia,Male,43,No,Yes,Maharashtra,Mumbai,375499,High Value,36-45
C008032,Nachiket Bora,Female,39,No,No,Madhya Pradesh,Bhopal,495114,Mass Market,36-45
C008033,Kritika Varughese,Male,26,No,No,Karnataka,Bengaluru,10898,Premium,26-35
C008034,Yauvani Pillai,Male,22,No,No,West Bengal,Kolkata,269059,Mass Market,18-25
C008035,Thomas Tank,Female,34,No,Yes,Uttar Pradesh,Lucknow,713739,Mass Market,26-35
C008036,Fiyaz Mangal,Male,66,Yes,No,Maharashtra,Nagpur,666959,Mass Market,65+
C008037,Devika Hans,Male,51,No,No,Gujarat,Surat,837039,Value,46-55
C008038,Banjeet Balakrishnan,Female,19,No,Yes,Punjab,Ludhiana,731254,Mass Market,18-25
C008039,Sudiksha Nayar,Male,70,Yes,No,Delhi,Delhi,75149,Mass Market,65+
C008040,Manthan Kohli,Female,24,No,Yes,Tamil Nadu,Madurai,674002,Mass Market,18-25
C008041,Sarthak Dhar,Female,53,No,No,West Bengal,Howrah,741607,Mass Market,46-55
C008042,Rajeshri Padmanabhan,Male,30,No,No,West Bengal,Howrah,198504,Value,26-35
C008043,Lajita Joshi,Male,37,No,Yes,Madhya Pradesh,Indore,882556,Mass Market,36-45
C008044,Varenya Wason,Female,47,No,Yes,West Bengal,Howrah,128240,Mass Market,46-55
C008045,Harshil Swaminathan,Male,47,No,Yes,Kerala,Kochi,872740,Value,46-55
C008046,Watika Sachar,Male,28,No,No,Telangana,Warangal,470887,Premium,26-35
C008047,Ekbal Om,Female,48,No,Yes,Kerala,Thiruvananthapuram,449160,Value,46-55
C008048,Liam Barman,Male,20,No,Yes,Gujarat,Vadodara,302758,High Value,18-25
C008049,Guneet Maharaj,Female,19,No,No,Punjab,Chandigarh,943205,Mass Market,18-25
C008050,Lipika Pandit,Male,65,Yes,No,Madhya Pradesh,Bhopal,9436,Premium,56-65
C008051,Priya Ramaswamy,Male,20,No,Yes,Gujarat,Vadodara,960754,Value,18-25
C008052,Qarin Sankar,Male,32,No,No,West Bengal,Howrah,422336,Value,26-35
C008053,Thomas Pillay,Female,34,No,Yes,Uttar Pradesh,Agra,694347,Value,26-35
C008054,Maanas Sura,Female,65,Yes,No,Gujarat,Ahmedabad,969321,Mass Market,56-65
C008055,Ati Mutti,Female,69,Yes,No,Kerala,Thiruvananthapuram,299596,Mass Market,65+
C008056,Thomas Kothari,Male,24,No,No,Madhya Pradesh,Indore,708854,Value,18-25
C008057,Jasmit Ramanathan,Male,65,Yes,No,Maharashtra,Mumbai,882649,Mass Market,56-65
C008058,Libni Singh,Male,22,No,Yes,Rajasthan,Udaipur,941254,Value,18-25
C008059,Abha Wadhwa,Male,51,No,No,Delhi,Delhi,246330,Premium,46-55
C008060,Yasti Memon,Female,50,No,Yes,Karnataka,Mysuru,458409,Mass Market,46-55
C008061,Nathaniel Gala,Female,62,Yes,Yes,Kerala,Kochi,308943,Mass Market,56-65
C008062,Bhavna Pillai,Male,33,No,No,Tamil Nadu,Madurai,664705,Mass Market,26-35
C008063,Anthony Mohanty,Female,54,No,No,Gujarat,Vadodara,719961,Mass Market,46-55
C008064,Lakshit Murty,Male,20,No,No,West Bengal,Howrah,69570,Mass Market,18-25
C008065,Odika Dayal,Female,64,Yes,Yes,Kerala,Kochi,130802,Mass Market,56-65
C008066,Eta Rajagopal,Male,65,Yes,No,Telangana,Hyderabad,852724,Mass Market,56-65
C008067,Imaran Dhar,Male,60,Yes,Yes,Karnataka,Mangaluru,69535,Mass Market,56-65
C008068,Oviya Date,Male,68,Yes,No,Uttar Pradesh,Kanpur,717118,Mass Market,65+
C008069,Omisha Tailor,Male,67,Yes,Yes,Telangana,Warangal,213172,High Value,65+
C008070,Vihaan Nagarajan,Female,38,No,Yes,Uttar Pradesh,Noida,613280,High Value,36-45
C008071,Ridhi Kale,Male,58,No,Yes,Uttar Pradesh,Lucknow,19594,Mass Market,56-65
C008072,Amruta Devi,Male,25,No,No,Punjab,Chandigarh,874950,Mass Market,18-25
C008073,Karan Choudhary,Female,39,No,Yes,Kerala,Thiruvananthapuram,346705,Value,36-45
C008074,Rajeshri Prabhu,Female,68,Yes,No,Karnataka,Bengaluru,736414,Mass Market,65+
C008075,Quincy Din,Female,22,No,Yes,Karnataka,Mysuru,226956,Value,18-25
C008076,Brinda Tak,Male,34,No,Yes,Punjab,Amritsar,94846,Mass Market,26-35
C008077,Abeer Mangat,Female,54,No,No,Rajasthan,Jodhpur,802882,Mass Market,46-55
C008078,Waida Sheth,Female,31,No,No,Maharashtra,Mumbai,988437,Premium,26-35
C008079,Kashvi Dada,Male,56,No,Yes,Gujarat,Vadodara,211831,Premium,56-65
C008080,Charles Shanker,Male,58,No,Yes,Gujarat,Ahmedabad,175309,High Value,56-65
C008081,Samar Karpe,Male,45,No,No,Uttar Pradesh,Kanpur,204868,Mass Market,36-45
C008082,Girik Master,Male,48,No,Yes,Delhi,Delhi,820412,Premium,46-55
C008083,Maanas Kibe,Male,34,No,No,Rajasthan,Udaipur,506983,Value,26-35
C008084,Sai Dugal,Male,52,No,Yes,West Bengal,Howrah,144568,Value,46-55
C008085,Anamika Nadig,Female,57,No,No,Delhi,New Delhi,314687,Premium,56-65
C008086,Megha Sura,Female,39,No,Yes,Maharashtra,Mumbai,411516,High Value,36-45
C008087,Sai Arora,Female,62,Yes,No,Telangana,Hyderabad,955392,Premium,56-65
C008088,Ronith Ray,Female,65,Yes,No,Delhi,Delhi,811246,Mass Market,56-65
C008089,Logan Venkatesh,Male,70,Yes,No,Karnataka,Mysuru,880788,Value,65+
C008090,Sai Agrawal,Female,46,No,No,Delhi,New Delhi,707730,Value,46-55
C008091,Ekalinga Devi,Female,27,No,No,Uttar Pradesh,Agra,922282,Premium,26-35
C008092,Avi Bawa,Male,35,No,Yes,Telangana,Warangal,21523,Value,26-35
C008093,Yahvi Loyal,Female,52,No,Yes,Maharashtra,Pune,841719,Mass Market,46-55
C008094,Lipika Kulkarni,Female,61,Yes,No,Rajasthan,Udaipur,225717,Value,56-65
C008095,Samarth Kala,Male,33,No,No,Telangana,Hyderabad,918506,Mass Market,26-35
C008096,Siya Raj,Female,67,Yes,Yes,Madhya Pradesh,Bhopal,197732,High Value,65+
C008097,Yashodhara Ganesan,Male,66,Yes,No,Punjab,Ludhiana,360714,Mass Market,65+
C008098,Wishi Chada,Male,24,No,Yes,Punjab,Ludhiana,37844,Value,18-25
C008099,Lakshmi Anand,Male,47,No,No,Rajasthan,Udaipur,767631,Premium,46-55
C008100,Zehaan Mangal,Female,36,No,No,Rajasthan,Udaipur,131929,Value,36-45
C008101,Kiaan Bajwa,Female,40,No,No,Uttar Pradesh,Noida,223947,Premium,36-45
C008102,Oni Mammen,Female,25,No,Yes,Kerala,Thiruvananthapuram,5067,Premium,18-25
C008103,Ishaan Guha,Male,34,No,No,Madhya Pradesh,Indore,566368,Mass Market,26-35
C008104,Advika Pingle,Male,38,No,No,West Bengal,Kolkata,688010,Value,36-45
C008105,Tanveer Prasad,Female,43,No,Yes,Telangana,Warangal,348290,Value,36-45
C008106,Aadi Brahmbhatt,Female,45,No,No,Kerala,Kochi,505732,Value,36-45
C008107,Garima Manne,Male,56,No,No,Kerala,Thiruvananthapuram,630562,Value,56-65
C008108,Imaran Soman,Male,50,No,Yes,Delhi,Delhi,972237,Value,46-55
C008109,Darpan Zachariah,Female,57,No,Yes,Gujarat,Ahmedabad,914428,Mass Market,56-65
C008110,Tarak Viswanathan,Female,36,No,Yes,Telangana,Hyderabad,583160,Value,36-45
C008111,Bhavika Kumer,Male,46,No,No,Gujarat,Vadodara,960913,Mass Market,46-55
C008112,Darsh Manda,Male,37,No,No,Rajasthan,Jodhpur,77262,Mass Market,36-45
C008113,Anita Khurana,Female,37,No,No,Karnataka,Mysuru,875045,Value,36-45
C008114,Ijaya Ravi,Female,27,No,Yes,Maharashtra,Mumbai,282485,Value,26-35
C008115,Yashodhara Oak,Male,29,No,No,Tamil Nadu,Chennai,257699,Mass Market,26-35
C008116,Tanay Narayanan,Male,50,No,No,Kerala,Kochi,893972,Premium,46-55
C008117,Harshil Maharaj,Female,42,No,No,Karnataka,Mysuru,108966,Mass Market,36-45
C008118,Vansha Mukherjee,Male,42,No,Yes,Gujarat,Ahmedabad,172885,High Value,36-45
C008119,Ekaja Pandey,Male,70,Yes,No,Karnataka,Mysuru,189553,Mass Market,65+
C008120,Ronith Basak,Male,21,No,No,Maharashtra,Pune,534523,Mass Market,18-25
C008121,Harshil Rau,Male,21,No,Yes,Uttar Pradesh,Agra,214611,Premium,18-25
C008122,Lakshmi Manda,Female,26,No,No,Tamil Nadu,Chennai,55979,Value,26-35
C008123,Imaran Sur,Male,32,No,No,Delhi,Delhi,223413,Mass Market,26-35
C008124,Adweta Banik,Female,43,No,Yes,Delhi,Delhi,426289,Mass Market,36-45
C008125,Baljiwan Dubey,Male,32,No,No,Punjab,Amritsar,651956,Mass Market,26-35
C008126,Harshil Ravel,Male,43,No,Yes,Uttar Pradesh,Agra,456035,Mass Market,36-45
C008127,Veda Chauhan,Male,45,No,No,Kerala,Thiruvananthapuram,619739,Mass Market,36-45
C008128,Girik Chhabra,Female,24,No,Yes,Maharashtra,Nashik,417657,Value,18-25
C008129,Zaitra Ramachandran,Female,49,No,Yes,Madhya Pradesh,Bhopal,779491,Premium,46-55
C008130,Zansi Sami,Male,29,No,No,Karnataka,Mysuru,3258,Premium,26-35
C008131,Frederick Singhal,Female,52,No,No,Kerala,Thiruvananthapuram,637021,Mass Market,46-55
C008132,Reva Parekh,Female,69,Yes,No,Madhya Pradesh,Bhopal,987091,Premium,65+
C008133,Rushil Dutta,Female,49,No,No,Punjab,Chandigarh,667173,Value,46-55
C008134,Dominic Soni,Male,26,No,No,West Bengal,Kolkata,337971,Mass Market,26-35
C008135,Ekani Bala,Female,31,No,No,Maharashtra,Pune,27151,Premium,26-35
C008136,Sarthak Prasad,Male,30,No,No,Delhi,Delhi,326901,Mass Market,26-35
C008137,Aadhya Parikh,Male,61,Yes,Yes,Gujarat,Vadodara,363762,Mass Market,56-65
C008138,Ijaya Sami,Female,50,No,Yes,Uttar Pradesh,Agra,420860,Mass Market,46-55
C008139,Ria Doctor,Male,49,No,No,Kerala,Kochi,219124,Value,46-55
C008140,Yatin Patla,Male,36,No,No,Uttar Pradesh,Lucknow,644796,Mass Market,36-45
C008141,Yug Upadhyay,Male,47,No,Yes,Kerala,Kochi,489323,Premium,46-55
C008142,Barkha Dutta,Female,33,No,Yes,Rajasthan,Jodhpur,748487,Value,26-35
C008143,Mugdha Dhar,Female,29,No,Yes,Karnataka,Mysuru,152031,Value,26-35
C008144,Upadhriti Subramaniam,Male,27,No,No,Delhi,New Delhi,754880,Mass Market,26-35
C008145,Caleb Bhavsar,Female,19,No,Yes,Maharashtra,Pune,174738,Premium,18-25
C008146,Amrita Sandal,Male,35,No,Yes,Punjab,Amritsar,669471,Value,26-35
C008147,Vedhika Joshi,Male,30,No,No,Punjab,Ludhiana,449985,Value,26-35
C008148,Samaksh Ahuja,Female,46,No,No,Uttar Pradesh,Lucknow,472553,Premium,46-55
C008149,Yutika Om,Male,41,No,Yes,Tamil Nadu,Madurai,555605,Mass Market,36-45
C008150,Nakul Shere,Male,55,No,No,Kerala,Thiruvananthapuram,338925,Mass Market,46-55
C008151,Varenya Rajagopalan,Male,29,No,Yes,Karnataka,Bengaluru,691306,Value,26-35
C008152,Tristan Kumer,Female,46,No,No,Madhya Pradesh,Indore,129285,Value,46-55
C008153,Ekaraj Prabhakar,Male,39,No,Yes,Madhya Pradesh,Bhopal,341359,Mass Market,36-45
C008154,Nitesh Nagarajan,Female,53,No,No,Punjab,Amritsar,706715,Mass Market,46-55
C008155,Zarna Prabhakar,Female,18,No,No,Tamil Nadu,Coimbatore,525862,Mass Market,18-25
C008156,Pooja Chhabra,Male,60,Yes,No,Punjab,Chandigarh,700878,High Value,56-65
C008157,Aayush Sibal,Female,57,No,Yes,Kerala,Kochi,329911,Mass Market,56-65
C008158,Abhimanyu Wason,Male,51,No,No,Karnataka,Bengaluru,182798,Mass Market,46-55
C008159,Jeremiah Anand,Male,51,No,Yes,Uttar Pradesh,Kanpur,58273,Premium,46-55
C008160,Udarsh Ganesan,Female,65,Yes,No,Maharashtra,Nagpur,599865,Value,56-65
C008161,Vaishnavi Singh,Female,50,No,No,Maharashtra,Nagpur,85824,Value,46-55
C008162,Jack Dara,Male,21,No,No,Karnataka,Mysuru,503163,Value,18-25
C008163,Logan Nagar,Male,55,No,No,Gujarat,Surat,733599,Value,46-55
C008164,Vasana Thaman,Male,47,No,No,Punjab,Ludhiana,751225,Value,46-55
C008165,Rushil Agarwal,Male,70,Yes,No,Delhi,New Delhi,769848,Mass Market,65+
C008166,Abhiram Savant,Male,69,Yes,No,Maharashtra,Pune,824104,Premium,65+
C008167,Madhav Bora,Male,63,Yes,No,Rajasthan,Jaipur,71015,Mass Market,56-65
C008168,Lohit Mallick,Female,37,No,No,Punjab,Amritsar,339180,Mass Market,36-45
C008169,Rishi Merchant,Male,43,No,No,Madhya Pradesh,Bhopal,576449,Mass Market,36-45
C008170,Vrinda Kalita,Male,32,No,No,Uttar Pradesh,Lucknow,229330,Premium,26-35
C008171,Ikshita Sule,Female,24,No,No,Madhya Pradesh,Bhopal,423289,Value,18-25
C008172,Upasna Chandra,Female,24,No,No,Kerala,Thiruvananthapuram,104988,Premium,18-25
C008173,Jai Soman,Male,67,Yes,No,Maharashtra,Pune,694406,Value,65+
C008174,Krisha Patla,Male,46,No,Yes,Karnataka,Bengaluru,721366,Mass Market,46-55
C008175,Inaya Rastogi,Female,40,No,No,Tamil Nadu,Madurai,592822,Mass Market,36-45
C008176,Tamanna Ray,Male,51,No,No,West Bengal,Howrah,963825,Value,46-55
C008177,Banjeet Purohit,Male,37,No,Yes,Madhya Pradesh,Indore,971699,Mass Market,36-45
C008178,Robert Mani,Female,32,No,Yes,Telangana,Hyderabad,755413,Mass Market,26-35
C008179,Amol Badal,Male,50,No,No,Gujarat,Vadodara,81511,Premium,46-55
C008180,Max Edwin,Male,70,Yes,Yes,Maharashtra,Nagpur,1058,Premium,65+
C008181,Lakshit Raghavan,Male,34,No,No,Telangana,Hyderabad,144342,Mass Market,26-35
C008182,Rohan Shanker,Male,37,No,No,Rajasthan,Jaipur,941561,Premium,36-45
C008183,Qabil Datta,Male,30,No,No,Tamil Nadu,Coimbatore,546639,Value,26-35
C008184,Faqid Kuruvilla,Female,61,Yes,No,Rajasthan,Jodhpur,738756,Mass Market,56-65
C008185,Agastya Shanker,Male,41,No,No,Kerala,Thiruvananthapuram,619112,Mass Market,36-45
C008186,Janaki Mane,Male,64,Yes,No,Maharashtra,Nashik,904012,Mass Market,56-65
C008187,Yagnesh Sama,Male,54,No,Yes,Madhya Pradesh,Bhopal,241975,Mass Market,46-55
C008188,Ishaan Natt,Female,24,No,No,Uttar Pradesh,Agra,288733,Mass Market,18-25
C008189,Ishwar Butala,Male,25,No,No,Telangana,Warangal,745498,High Value,18-25
C008190,Baljiwan Char,Male,40,No,No,Uttar Pradesh,Noida,627577,Value,36-45
C008191,Ekapad Ranganathan,Female,31,No,No,Rajasthan,Jaipur,783218,Premium,26-35
C008192,Oni Andra,Male,21,No,Yes,Rajasthan,Udaipur,733726,Mass Market,18-25
C008193,Yamini Bali,Male,38,No,No,Kerala,Thiruvananthapuram,683720,Mass Market,36-45
C008194,Nandini Palla,Male,63,Yes,No,Delhi,Delhi,451655,Premium,56-65
C008195,Advika Sidhu,Male,27,No,Yes,Karnataka,Mangaluru,517827,Value,26-35
C008196,Tamanna Jani,Male,39,No,No,Madhya Pradesh,Bhopal,350214,Premium,36-45
C008197,Eiravati Mani,Female,47,No,No,Uttar Pradesh,Noida,172199,Mass Market,46-55
C008198,Ishita Swamy,Male,47,No,No,Karnataka,Mangaluru,372242,High Value,46-55
C008199,Rachit Chokshi,Female,33,No,No,Rajasthan,Jodhpur,344290,Value,26-35
C008200,Neha Sodhi,Male,28,No,Yes,Tamil Nadu,Chennai,122302,Mass Market,26-35
C008201,Zayyan Rajagopalan,Male,39,No,No,West Bengal,Howrah,300723,Value,36-45
C008202,Yashasvi Sachdev,Male,46,No,Yes,Telangana,Warangal,484444,Premium,46-55
C008203,Bhanumati Khatri,Female,42,No,No,Rajasthan,Jaipur,513748,Mass Market,36-45
C008204,Arin Johal,Male,31,No,No,Telangana,Warangal,55480,High Value,26-35
C008205,Warda Dewan,Female,31,No,No,Tamil Nadu,Coimbatore,572529,Value,26-35
C008206,Pallavi Patla,Male,19,No,No,Maharashtra,Mumbai,493099,Mass Market,18-25
C008207,Zarna Dhar,Male,30,No,Yes,Madhya Pradesh,Bhopal,332153,Mass Market,26-35
C008208,Maya Yohannan,Male,20,No,No,Rajasthan,Udaipur,823320,Mass Market,18-25
C008209,Aishani Ganesan,Male,47,No,No,West Bengal,Howrah,861626,Mass Market,46-55
C008210,Kabir Mannan,Male,35,No,No,Punjab,Amritsar,560980,Value,26-35
C008211,Balveer Banerjee,Male,53,No,Yes,Tamil Nadu,Chennai,872113,Premium,46-55
C008212,Ansh Raman,Female,38,No,No,Gujarat,Ahmedabad,704022,Value,36-45
C008213,Gabriel Modi,Male,70,Yes,No,Maharashtra,Mumbai,493003,Value,65+
C008214,Anay Nagarajan,Female,36,No,No,Rajasthan,Udaipur,955363,Mass Market,36-45
C008215,Arjun Nigam,Male,33,No,No,Uttar Pradesh,Kanpur,573703,High Value,26-35
C008216,Sathvik Dhar,Male,45,No,Yes,Punjab,Amritsar,772603,Mass Market,36-45
C008217,Ishwar Rattan,Female,21,No,No,Tamil Nadu,Madurai,360635,Mass Market,18-25
C008218,Dakshesh Hora,Male,68,Yes,No,Madhya Pradesh,Indore,670231,Value,65+
C008219,Ekaja Salvi,Male,32,No,Yes,West Bengal,Kolkata,508105,Premium,26-35
C008220,Lakshmi Iyer,Female,18,No,No,Madhya Pradesh,Indore,521622,High Value,18-25
C008221,Gaurav Bhardwaj,Female,65,Yes,No,Telangana,Hyderabad,522119,High Value,56-65
C008222,Baljiwan Ben,Male,64,Yes,Yes,Gujarat,Vadodara,447133,High Value,56-65
C008223,Dominic Sawhney,Male,33,No,Yes,Delhi,New Delhi,181291,Value,26-35
C008224,Aarush Mukherjee,Female,37,No,Yes,Telangana,Warangal,860625,Mass Market,36-45
C008225,Oscar Vyas,Male,50,No,No,Tamil Nadu,Madurai,613818,Value,46-55
C008226,Gautami Mallick,Female,34,No,Yes,Uttar Pradesh,Lucknow,878677,Mass Market,26-35
C008227,Gautami Gole,Male,22,No,Yes,Uttar Pradesh,Lucknow,110909,Mass Market,18-25
C008228,Victor Bawa,Male,22,No,No,Rajasthan,Udaipur,320762,Mass Market,18-25
C008229,Thomas Sawhney,Female,56,No,No,Kerala,Kochi,731695,Mass Market,56-65
C008230,Panini Chakrabarti,Male,30,No,No,Telangana,Hyderabad,285916,Value,26-35
C008231,Omisha Ramesh,Male,61,Yes,Yes,Gujarat,Surat,582091,Mass Market,56-65
C008232,Aryan Vala,Male,53,No,No,West Bengal,Kolkata,36675,Mass Market,46-55
C008233,Logan Devan,Female,47,No,No,Maharashtra,Pune,827337,Premium,46-55
C008234,Zinal Bhavsar,Female,21,No,No,Maharashtra,Nashik,997931,Value,18-25
C008235,Chavvi Shanker,Male,40,No,No,Telangana,Hyderabad,893657,High Value,36-45
C008236,Tanvi Aggarwal,Male,38,No,No,Karnataka,Mangaluru,858685,Value,36-45
C008237,Thomas Borah,Female,38,No,Yes,Madhya Pradesh,Bhopal,325744,Mass Market,36-45
C008238,Balhaar Palla,Female,23,No,No,Telangana,Warangal,387234,Mass Market,18-25
C008239,Yash Anand,Female,41,No,No,Uttar Pradesh,Lucknow,429399,Value,36-45
C008240,Widisha Jain,Male,64,Yes,No,Delhi,Delhi,196862,Premium,56-65
C008241,Yahvi Mannan,Female,70,Yes,No,Telangana,Hyderabad,137596,Mass Market,65+
C008242,Girindra Dash,Female,48,No,Yes,West Bengal,Howrah,887206,Premium,46-55
C008243,Logan Sami,Male,36,No,No,Delhi,Delhi,972384,Value,36-45
C008244,Urvi Reddy,Male,55,No,No,Rajasthan,Jaipur,818269,Mass Market,46-55
C008245,Ayush Chawla,Male,29,No,No,Madhya Pradesh,Bhopal,490010,Value,26-35
C008246,Vedika Sane,Female,31,No,No,Telangana,Hyderabad,801219,Value,26-35
C008247,Guneet Upadhyay,Male,67,Yes,No,Uttar Pradesh,Kanpur,446330,Mass Market,65+
C008248,Varenya Rao,Female,29,No,No,Maharashtra,Nashik,973995,Mass Market,26-35
C008249,Tarak Rege,Female,32,No,No,West Bengal,Howrah,740339,Premium,26-35
C008250,Rachana Vora,Female,36,No,No,Maharashtra,Mumbai,132839,Value,36-45
C008251,Aryan Chahal,Female,45,No,Yes,Punjab,Chandigarh,684005,Mass Market,36-45
C008252,Neel Sharaf,Female,57,No,No,Madhya Pradesh,Indore,563935,High Value,56-65
C008253,Orinder Dutt,Male,58,No,Yes,Punjab,Amritsar,303994,Mass Market,56-65
C008254,Pavani Sankaran,Female,22,No,No,Uttar Pradesh,Noida,13303,Mass Market,18-25
C008255,Sachi Varma,Male,22,No,Yes,Kerala,Thiruvananthapuram,228995,Mass Market,18-25
C008256,Robert Sem,Female,23,No,No,Madhya Pradesh,Indore,824325,Premium,18-25
C008257,Frederick Rana,Male,40,No,No,Kerala,Kochi,509484,Value,36-45
C008258,Omkaar Grover,Female,20,No,No,Madhya Pradesh,Bhopal,455699,Value,18-25
C008259,Ubika Manne,Female,54,No,No,Kerala,Kochi,336545,High Value,46-55
C008260,Eesha Wason,Female,50,No,No,Maharashtra,Pune,157434,Premium,46-55
C008261,Krishna Naik,Male,60,Yes,No,Karnataka,Mysuru,975643,Mass Market,56-65
C008262,Vansha Srinivasan,Male,38,No,Yes,Kerala,Thiruvananthapuram,733299,Premium,36-45
C008263,Max Saraf,Female,37,No,Yes,West Bengal,Kolkata,43206,Premium,36-45
C008264,Warhi Rai,Male,18,No,No,Maharashtra,Mumbai,121704,Mass Market,18-25
C008265,Aryan Guha,Female,56,No,Yes,Tamil Nadu,Madurai,796508,Mass Market,56-65
C008266,Aryan Nadig,Male,64,Yes,No,Gujarat,Surat,337241,Premium,56-65
C008267,Elijah Mannan,Female,34,No,Yes,Karnataka,Bengaluru,490978,Mass Market,26-35
C008268,Ridhi Chopra,Male,46,No,No,Gujarat,Ahmedabad,769817,Mass Market,46-55
C008269,Forum Subramanian,Female,25,No,No,Telangana,Hyderabad,642074,Premium,18-25
C008270,Ekaraj Dewan,Female,43,No,No,Gujarat,Surat,751777,Premium,36-45
C008271,Meghana Panchal,Male,45,No,Yes,Gujarat,Surat,251081,Mass Market,36-45
C008272,Ridhi Buch,Male,51,No,Yes,Telangana,Hyderabad,588787,Value,46-55
C008273,Darika Vora,Male,43,No,Yes,Maharashtra,Nagpur,196747,Value,36-45
C008274,Balveer Bhalla,Female,30,No,Yes,Karnataka,Bengaluru,531627,Value,26-35
C008275,Caleb Agrawal,Male,61,Yes,No,Punjab,Ludhiana,66999,High Value,56-65
C008276,Adweta Madan,Female,54,No,No,Madhya Pradesh,Bhopal,515403,Value,46-55
C008277,Sanya Swamy,Male,30,No,Yes,West Bengal,Howrah,892624,Value,26-35
C008278,Ubika Bawa,Male,55,No,No,Delhi,Delhi,536668,High Value,46-55
C008279,Anay Dhaliwal,Male,42,No,No,Telangana,Hyderabad,289461,Mass Market,36-45
C008280,Andrew Dasgupta,Male,64,Yes,Yes,Gujarat,Ahmedabad,554511,Mass Market,56-65
C008281,Mason Oak,Male,40,No,No,Tamil Nadu,Chennai,559583,Value,36-45
C008282,Devansh Tripathi,Female,39,No,Yes,Gujarat,Ahmedabad,157095,Mass Market,36-45
C008283,Balendra Tak,Female,38,No,No,Tamil Nadu,Madurai,462956,Mass Market,36-45
C008284,Onveer Bajaj,Male,47,No,No,Uttar Pradesh,Noida,230855,Mass Market,46-55
C008285,Hemangini Dixit,Female,28,No,Yes,Punjab,Ludhiana,436449,Value,26-35
C008286,Neel Karan,Female,21,No,No,Kerala,Thiruvananthapuram,747908,Premium,18-25
C008287,Nikita Kade,Male,50,No,No,Delhi,New Delhi,688384,Mass Market,46-55
C008288,Amol Rajagopalan,Male,64,Yes,Yes,Telangana,Warangal,697157,Value,56-65
C008289,Benjamin Arya,Male,29,No,No,Maharashtra,Mumbai,289480,Mass Market,26-35
C008290,Rohan Bahri,Male,26,No,No,Kerala,Thiruvananthapuram,335186,Value,26-35
C008291,Advika Gera,Female,49,No,No,West Bengal,Howrah,647788,Value,46-55
C008292,Pallavi Dewan,Female,28,No,No,Maharashtra,Nashik,936766,High Value,26-35
C008293,Siya Patla,Male,54,No,No,Gujarat,Ahmedabad,772002,Mass Market,46-55
C008294,Upasna Mani,Male,41,No,No,Madhya Pradesh,Bhopal,193902,Value,36-45
C008295,Eta Talwar,Female,24,No,No,Madhya Pradesh,Indore,14501,Mass Market,18-25
C008296,Aradhana Mody,Female,25,No,No,Uttar Pradesh,Agra,244400,Value,18-25
C008297,Jhalak Reddy,Female,50,No,Yes,Delhi,New Delhi,372247,Premium,46-55
C008298,Aadhya Bawa,Female,42,No,No,Maharashtra,Mumbai,424305,High Value,36-45
C008299,Waida Joshi,Male,18,No,Yes,Kerala,Thiruvananthapuram,960580,Mass Market,18-25
C008300,Daksha Kulkarni,Female,20,No,Yes,Punjab,Amritsar,300679,Premium,18-25
C008301,Theodore Kumar,Female,57,No,No,Punjab,Amritsar,846395,Mass Market,56-65
C008302,Dominic Mand,Male,45,No,No,Punjab,Amritsar,564226,Mass Market,36-45
C008303,Pushti Yadav,Female,60,Yes,No,Madhya Pradesh,Indore,817597,Premium,56-65
C008304,Irya Varkey,Male,50,No,No,Karnataka,Bengaluru,119080,Mass Market,46-55
C008305,Amrita Toor,Male,63,Yes,No,Gujarat,Vadodara,794905,Mass Market,56-65
C008306,Chaman Karnik,Male,18,No,No,West Bengal,Kolkata,584888,Mass Market,18-25
C008307,Pushti Dutta,Male,55,No,Yes,Punjab,Ludhiana,581202,Mass Market,46-55
C008308,Warda Kalita,Male,70,Yes,No,Rajasthan,Udaipur,258114,Mass Market,65+
C008309,Manya Mistry,Male,44,No,Yes,Telangana,Warangal,689506,Premium,36-45
C008310,Wridesh Dube,Male,55,No,No,Rajasthan,Jodhpur,731328,Value,46-55
C008311,Triveni Solanki,Male,52,No,Yes,West Bengal,Kolkata,155297,Value,46-55
C008312,Urishilla Agrawal,Male,27,No,Yes,Punjab,Amritsar,286677,Mass Market,26-35
C008313,Yagnesh Dutt,Male,29,No,No,Rajasthan,Udaipur,902336,Value,26-35
C008314,Tejas Krishnamurthy,Female,27,No,No,Tamil Nadu,Chennai,878089,Premium,26-35
C008315,Yagnesh Sani,Male,51,No,No,Madhya Pradesh,Indore,79472,High Value,46-55
C008316,Azad Parekh,Male,41,No,Yes,West Bengal,Howrah,529177,High Value,36-45
C008317,Dalaja Nagar,Female,45,No,No,Telangana,Hyderabad,86392,Value,36-45
C008318,Jalsa Balay,Female,39,No,No,Maharashtra,Pune,769843,High Value,36-45
C008319,Amruta Rattan,Female,62,Yes,No,Karnataka,Mangaluru,124098,Mass Market,56-65
C008320,Noah Anand,Male,33,No,No,Kerala,Thiruvananthapuram,43668,Mass Market,26-35
C008321,Tanvi Hegde,Male,30,No,Yes,Madhya Pradesh,Bhopal,704118,Premium,26-35
C008322,Orinder Hayre,Female,53,No,No,Uttar Pradesh,Lucknow,356423,Mass Market,46-55
C008323,Unni Sekhon,Male,53,No,Yes,Punjab,Chandigarh,642196,Mass Market,46-55
C008324,Vrishti Dhar,Male,60,Yes,Yes,Telangana,Warangal,461087,High Value,56-65
C008325,Anamika Pai,Male,40,No,Yes,Tamil Nadu,Madurai,986078,Premium,36-45
C008326,Wyatt Balakrishnan,Female,31,No,No,Karnataka,Mysuru,381240,Mass Market,26-35
C008327,Oviya Devi,Male,49,No,No,Kerala,Kochi,792682,Premium,46-55
C008328,Indali Choudhary,Female,20,No,No,Punjab,Chandigarh,837516,Premium,18-25
C008329,Balvan Deo,Female,44,No,No,Gujarat,Ahmedabad,614035,High Value,36-45
C008330,Charita Oza,Male,36,No,Yes,Telangana,Warangal,957300,Value,36-45
C008331,Qasim Chandra,Female,39,No,No,Tamil Nadu,Coimbatore,465248,Premium,36-45
C008332,Shaurya Oza,Female,18,No,No,Punjab,Amritsar,483114,Premium,18-25
C008333,Dhruv Dewan,Female,22,No,No,West Bengal,Howrah,64533,Value,18-25
C008334,Alka Kaul,Male,66,Yes,No,Kerala,Thiruvananthapuram,956924,Value,65+
C008335,Vyanjana Narayanan,Female,50,No,Yes,West Bengal,Howrah,138598,Value,46-55
C008336,Farhan Chaudhry,Male,68,Yes,No,Uttar Pradesh,Noida,468480,Value,65+
C008337,Lucky Khare,Female,36,No,No,Delhi,Delhi,228248,High Value,36-45
C008338,Ayush Maharaj,Male,53,No,No,Telangana,Hyderabad,432362,Mass Market,46-55
C008339,Nandini Parmar,Male,68,Yes,No,Rajasthan,Jaipur,599551,Mass Market,65+
C008340,Triveni Lalla,Female,23,No,No,Telangana,Hyderabad,406840,Premium,18-25
C008341,Radha Rai,Female,32,No,Yes,Kerala,Thiruvananthapuram,67947,Mass Market,26-35
C008342,Hemangini Choudhry,Female,53,No,No,Karnataka,Bengaluru,991201,Value,46-55
C008343,Januja Tandon,Male,50,No,No,Madhya Pradesh,Bhopal,162820,Mass Market,46-55
C008344,Reyansh Palla,Male,41,No,Yes,Gujarat,Vadodara,564199,Value,36-45
C008345,Brinda Oommen,Female,44,No,Yes,Karnataka,Bengaluru,397097,High Value,36-45
C008346,Aashi Sankar,Female,66,Yes,No,Kerala,Kochi,492210,Premium,65+
C008347,Faris Kata,Female,28,No,Yes,Kerala,Thiruvananthapuram,612199,Mass Market,26-35
C008348,Girindra Brar,Male,66,Yes,Yes,Delhi,Delhi,525470,High Value,65+
C008349,Daksha Padmanabhan,Male,40,No,No,Uttar Pradesh,Noida,883599,Mass Market,36-45
C008350,Dhriti Kannan,Female,50,No,No,Karnataka,Mangaluru,472512,Value,46-55
C008351,Azad Sahni,Female,58,No,Yes,Maharashtra,Nagpur,208655,Value,56-65
C008352,Urvi Grewal,Male,63,Yes,No,Kerala,Thiruvananthapuram,990701,High Value,56-65
C008353,Ojasvi Shah,Female,64,Yes,No,Kerala,Thiruvananthapuram,305847,Mass Market,56-65
C008354,Yug Sathe,Male,46,No,No,Uttar Pradesh,Agra,634415,Value,46-55
C008355,Lekha Chandran,Male,48,No,No,Tamil Nadu,Coimbatore,361240,Mass Market,46-55
C008356,Gabriel Nadkarni,Male,18,No,No,West Bengal,Kolkata,601278,Mass Market,18-25
C008357,Kavya Sampath,Male,51,No,Yes,Delhi,Delhi,709176,High Value,46-55
C008358,Pavani Kurian,Male,35,No,No,Maharashtra,Nagpur,240263,Value,26-35
C008359,Oscar Samra,Male,35,No,Yes,Gujarat,Ahmedabad,688795,Premium,26-35
C008360,Yoshita Kurian,Male,23,No,Yes,Tamil Nadu,Coimbatore,299100,Mass Market,18-25
C008361,Yasti Sathe,Female,69,Yes,No,Madhya Pradesh,Bhopal,291696,Premium,65+
C008362,Nathaniel Atwal,Male,57,No,Yes,Gujarat,Ahmedabad,83238,Premium,56-65
C008363,Panini Kaur,Male,18,No,No,Delhi,New Delhi,825083,Value,18-25
C008364,Raagini Khosla,Male,64,Yes,No,West Bengal,Kolkata,1704,Value,56-65
C008365,Wahab Nayar,Male,59,No,Yes,Maharashtra,Nashik,640038,High Value,56-65
C008366,Rajata Tak,Female,47,No,Yes,Punjab,Chandigarh,606032,Premium,46-55
C008367,Deepa Nayak,Male,21,No,No,Rajasthan,Jaipur,124433,Value,18-25
C008368,Forum Zacharia,Female,49,No,No,West Bengal,Kolkata,495688,Value,46-55
C008369,Jeremiah Sahota,Female,27,No,No,West Bengal,Howrah,827347,Premium,26-35
C008370,Vedant Chaudhry,Male,60,Yes,No,Gujarat,Vadodara,724625,Mass Market,56-65
C008371,Tanveer Mand,Male,22,No,Yes,Madhya Pradesh,Bhopal,989686,Value,18-25
C008372,Balvan Morar,Male,26,No,Yes,Tamil Nadu,Coimbatore,55067,High Value,26-35
C008373,Gautam Manne,Male,22,No,No,Uttar Pradesh,Lucknow,823608,High Value,18-25
C008374,Dakshesh Dhillon,Female,28,No,Yes,Karnataka,Mangaluru,523391,Premium,26-35
C008375,Xavier Rattan,Female,52,No,No,Uttar Pradesh,Lucknow,277028,Mass Market,46-55
C008376,Jeevika Batra,Male,44,No,No,Tamil Nadu,Madurai,489282,High Value,36-45
C008377,Parth Khanna,Male,21,No,No,Rajasthan,Jaipur,131979,Value,18-25
C008378,Yatin Kumer,Male,27,No,No,Punjab,Amritsar,230655,Mass Market,26-35
C008379,Urishilla Pathak,Female,56,No,No,Karnataka,Mysuru,351749,Value,56-65
C008380,Riya Radhakrishnan,Male,50,No,No,West Bengal,Kolkata,468467,Premium,46-55
C008381,Qasim Bhatt,Male,55,No,No,Madhya Pradesh,Bhopal,947143,Mass Market,46-55
C008382,Garima Master,Male,25,No,No,Telangana,Warangal,161724,High Value,18-25
C008383,Bhavika Kuruvilla,Female,66,Yes,No,Tamil Nadu,Madurai,539477,High Value,65+
C008384,Frederick Verma,Female,41,No,No,Telangana,Warangal,313336,Mass Market,36-45
C008385,Chandani Kothari,Male,56,No,No,Uttar Pradesh,Agra,434564,High Value,56-65
C008386,Kashish Kar,Male,50,No,No,Kerala,Kochi,711539,High Value,46-55
C008387,Balvan Dugar,Female,58,No,Yes,West Bengal,Kolkata,730334,Mass Market,56-65
C008388,Veda Dani,Male,60,Yes,Yes,Gujarat,Ahmedabad,604629,Mass Market,56-65
C008389,Ekani Babu,Female,36,No,Yes,Gujarat,Surat,709501,Mass Market,36-45
C008390,Manan Contractor,Male,19,No,Yes,Punjab,Ludhiana,275526,Mass Market,18-25
C008391,Jonathan Ramakrishnan,Female,28,No,No,Madhya Pradesh,Indore,540570,Premium,26-35
C008392,Devansh Seth,Male,52,No,Yes,West Bengal,Howrah,363249,Mass Market,46-55
C008393,Neel Upadhyay,Female,34,No,No,Tamil Nadu,Chennai,845715,High Value,26-35
C008394,Prisha Dhaliwal,Female,59,No,No,Madhya Pradesh,Indore,699149,High Value,56-65
C008395,Chatresh Thakur,Female,20,No,Yes,Karnataka,Mangaluru,504616,Mass Market,18-25
C008396,Veer Dugal,Female,39,No,Yes,Punjab,Chandigarh,713271,Value,36-45
C008397,Guneet Koshy,Female,52,No,No,Punjab,Ludhiana,711856,Value,46-55
C008398,Faqid Nagy,Male,38,No,No,Karnataka,Mangaluru,69066,Value,36-45
C008399,Tejas Sharma,Female,42,No,No,West Bengal,Howrah,312129,Mass Market,36-45
C008400,Veda Comar,Female,56,No,No,Punjab,Chandigarh,466835,Mass Market,56-65
C008401,Jagrati Devan,Male,19,No,No,Madhya Pradesh,Indore,612346,Mass Market,18-25
C008402,Vinaya Agarwal,Female,18,No,No,Maharashtra,Nagpur,192633,Mass Market,18-25
C008403,Brinda Pal,Female,24,No,Yes,Telangana,Hyderabad,90658,High Value,18-25
C008404,Kashvi Hegde,Male,37,No,No,Madhya Pradesh,Indore,283009,Mass Market,36-45
C008405,Aachal Mahal,Male,60,Yes,Yes,Rajasthan,Jodhpur,634818,Mass Market,56-65
C008406,Charan Anne,Male,23,No,No,Telangana,Warangal,955961,Value,18-25
C008407,Abeer Deep,Male,53,No,No,Maharashtra,Mumbai,891490,Mass Market,46-55
C008408,Yagnesh Talwar,Male,68,Yes,No,Tamil Nadu,Coimbatore,120308,Mass Market,65+
C008409,Tanay Mukherjee,Male,38,No,Yes,Maharashtra,Nashik,736365,Value,36-45
C008410,Christopher Garde,Male,68,Yes,No,Uttar Pradesh,Noida,756965,Value,65+
C008411,Yahvi Ratta,Male,63,Yes,No,Rajasthan,Jaipur,209582,Mass Market,56-65
C008412,Mekhala Batta,Female,52,No,No,West Bengal,Kolkata,750446,Value,46-55
C008413,Champak Magar,Male,53,No,Yes,Tamil Nadu,Madurai,670162,Value,46-55
C008414,Samesh Mahajan,Male,25,No,No,Telangana,Warangal,849165,Value,18-25
C008415,Tripti Pall,Male,67,Yes,No,West Bengal,Kolkata,914416,Premium,65+
C008416,Ekapad Yadav,Male,21,No,No,Karnataka,Mysuru,52573,Mass Market,18-25
C008417,Wriddhish Samra,Female,60,Yes,No,Rajasthan,Udaipur,998503,Value,56-65
C008418,Chaitanya Borra,Female,33,No,No,Tamil Nadu,Madurai,838924,Premium,26-35
C008419,Kevin Sekhon,Female,20,No,Yes,Tamil Nadu,Coimbatore,900915,High Value,18-25
C008420,Ekbal Bava,Male,24,No,Yes,Maharashtra,Pune,221843,Premium,18-25
C008421,Harish Kohli,Female,19,No,No,Madhya Pradesh,Indore,307487,Value,18-25
C008422,Avni Prashad,Male,18,No,No,Punjab,Amritsar,534010,Value,18-25
C008423,Harish Mukherjee,Male,18,No,Yes,Rajasthan,Udaipur,490257,Value,18-25
C008424,Manthan Agate,Male,55,No,No,West Bengal,Kolkata,597280,Premium,46-55
C008425,Wahab Wason,Male,68,Yes,No,Maharashtra,Mumbai,667464,Premium,65+
C008426,Janaki Keer,Male,24,No,Yes,Kerala,Kochi,251649,Mass Market,18-25
C008427,Azad Hegde,Male,41,No,No,Kerala,Kochi,427018,Mass Market,36-45
C008428,Lila Virk,Female,22,No,Yes,Telangana,Hyderabad,239858,Mass Market,18-25
C008429,Nirja Kapadia,Male,38,No,Yes,Telangana,Warangal,980666,Mass Market,36-45
C008430,Aditya Khanna,Male,45,No,No,Kerala,Kochi,524885,High Value,36-45
C008431,Varenya Korpal,Male,35,No,No,Uttar Pradesh,Kanpur,34686,Mass Market,26-35
C008432,Advik Shukla,Female,41,No,Yes,Madhya Pradesh,Indore,304000,Mass Market,36-45
C008433,Vedika Sangha,Male,49,No,No,Delhi,New Delhi,365673,Premium,46-55
C008434,Qarin Batra,Female,62,Yes,Yes,Telangana,Warangal,292687,Mass Market,56-65
C008435,Arin Pandya,Female,50,No,Yes,Madhya Pradesh,Bhopal,128844,Mass Market,46-55
C008436,Faris Kurian,Male,27,No,Yes,Karnataka,Bengaluru,425336,Value,26-35
C008437,Chandresh Som,Male,26,No,Yes,Madhya Pradesh,Bhopal,286908,Value,26-35
C008438,Tanmayi Comar,Male,66,Yes,Yes,Tamil Nadu,Madurai,757873,Mass Market,65+
C008439,Wyatt Luthra,Female,50,No,No,Kerala,Kochi,944634,Value,46-55
C008440,Ayaan Walia,Male,50,No,No,West Bengal,Howrah,853574,Mass Market,46-55
C008441,Hemang Gole,Male,24,No,Yes,Tamil Nadu,Coimbatore,206652,Value,18-25
C008442,Tara Ahuja,Male,21,No,Yes,Tamil Nadu,Coimbatore,359655,Value,18-25
C008443,Faris Choudhary,Female,45,No,Yes,Telangana,Warangal,898001,Premium,36-45
C008444,Alka Modi,Male,40,No,No,Uttar Pradesh,Lucknow,696667,Value,36-45
C008445,Aashi Patla,Male,70,Yes,Yes,Gujarat,Vadodara,563075,Value,65+
C008446,Urmi Dhar,Female,49,No,Yes,Madhya Pradesh,Bhopal,579776,Value,46-55
C008447,Hemangini Nigam,Female,61,Yes,No,Gujarat,Surat,800027,Mass Market,56-65
C008448,Ishwar Grewal,Female,33,No,No,Punjab,Ludhiana,137265,Mass Market,26-35
C008449,Priya Tara,Male,63,Yes,Yes,Gujarat,Vadodara,255857,Premium,56-65
C008450,Warinder Sarna,Female,27,No,No,Gujarat,Ahmedabad,523402,Mass Market,26-35
C008451,Jackson Thaker,Female,31,No,No,Maharashtra,Pune,199064,Value,26-35
C008452,Lohit Sandal,Male,56,No,Yes,Punjab,Chandigarh,697794,Mass Market,56-65
C008453,Irya Rattan,Female,53,No,No,Gujarat,Surat,774920,Premium,46-55
C008454,Krish Ratti,Male,51,No,No,Telangana,Warangal,31827,High Value,46-55
C008455,Ridhi Kanda,Female,41,No,No,Delhi,Delhi,692191,Mass Market,36-45
C008456,Kashish Patla,Male,35,No,Yes,Gujarat,Surat,771086,Value,26-35
C008457,Sarthak Shanker,Female,33,No,No,Maharashtra,Mumbai,947938,Value,26-35
C008458,Rohan Vohra,Male,58,No,No,Kerala,Thiruvananthapuram,283927,Premium,56-65
C008459,Bhavini Batra,Female,54,No,No,Maharashtra,Pune,789527,Mass Market,46-55
C008460,Logan Kalla,Male,58,No,No,Tamil Nadu,Coimbatore,903004,Value,56-65
C008461,Lajita Biswas,Female,42,No,Yes,Gujarat,Ahmedabad,129799,Value,36-45
C008462,Chameli Raman,Female,25,No,No,Delhi,New Delhi,671613,Mass Market,18-25
C008463,Patrick Talwar,Male,41,No,No,Madhya Pradesh,Indore,18110,Mass Market,36-45
C008464,Samarth Kamdar,Female,37,No,Yes,Rajasthan,Udaipur,355278,Mass Market,36-45
C008465,Chaman Choudhry,Female,65,Yes,No,Telangana,Warangal,512710,Premium,56-65
C008466,Tanvi Saha,Male,47,No,No,Kerala,Kochi,388349,Mass Market,46-55
C008467,Chanchal Ghosh,Male,37,No,Yes,Telangana,Hyderabad,789415,Value,36-45
C008468,Kavya Grewal,Male,35,No,No,Madhya Pradesh,Indore,797808,Mass Market,26-35
C008469,Yasti Karan,Male,21,No,No,Tamil Nadu,Chennai,847625,Mass Market,18-25
C008470,Mekhala Wali,Male,65,Yes,No,Madhya Pradesh,Bhopal,723346,Value,56-65
C008471,Sarthak Sagar,Male,53,No,No,Telangana,Warangal,789177,Premium,46-55
C008472,Varenya Bala,Male,23,No,No,Punjab,Chandigarh,20378,Value,18-25
C008473,Lipika Munshi,Male,20,No,No,Tamil Nadu,Madurai,411894,Premium,18-25
C008474,Lila Uppal,Male,35,No,No,Madhya Pradesh,Indore,471799,Value,26-35
C008475,Anthony Kalita,Female,64,Yes,Yes,Karnataka,Bengaluru,886848,Value,56-65
C008476,Vihaan Aggarwal,Female,57,No,Yes,Rajasthan,Jodhpur,863824,Value,56-65
C008477,Arunima Kannan,Male,35,No,Yes,Gujarat,Surat,987168,High Value,26-35
C008478,Vedant Ratti,Female,40,No,No,Rajasthan,Jaipur,513127,Value,36-45
C008479,Farhan Padmanabhan,Female,52,No,No,Tamil Nadu,Madurai,315281,Value,46-55
C008480,Maanav Comar,Female,23,No,Yes,West Bengal,Howrah,904361,Value,18-25
C008481,Vasudha Bhardwaj,Male,43,No,No,Madhya Pradesh,Bhopal,915163,Mass Market,36-45
C008482,Forum Kapoor,Male,38,No,Yes,West Bengal,Kolkata,512858,Mass Market,36-45
C008483,Devansh Bassi,Female,41,No,No,Gujarat,Ahmedabad,308981,Mass Market,36-45
C008484,Chandresh Purohit,Female,32,No,No,Kerala,Thiruvananthapuram,911598,Premium,26-35
C008485,Girindra Bumb,Female,44,No,Yes,Madhya Pradesh,Indore,248343,Mass Market,36-45
C008486,Onkar Dave,Female,49,No,Yes,Telangana,Warangal,674167,Mass Market,46-55
C008487,Avni Srinivasan,Male,29,No,Yes,Gujarat,Ahmedabad,239889,High Value,26-35
C008488,Zilmil Hans,Male,22,No,Yes,Uttar Pradesh,Kanpur,399796,Value,18-25
C008489,Gagan Yadav,Male,24,No,No,Punjab,Amritsar,899724,Mass Market,18-25
C008490,Sanya Rattan,Male,39,No,Yes,Kerala,Kochi,724367,Premium,36-45
C008491,Varsha Natt,Female,44,No,No,Telangana,Hyderabad,235637,Mass Market,36-45
C008492,Zayyan Sood,Male,32,No,No,Gujarat,Vadodara,89733,Value,26-35
C008493,Saumya Bhandari,Male,56,No,No,Gujarat,Vadodara,613085,Value,56-65
C008494,Neel Deshmukh,Female,62,Yes,Yes,Karnataka,Mysuru,471953,Mass Market,56-65
C008495,Vritti Dash,Male,52,No,No,Telangana,Hyderabad,307721,Mass Market,46-55
C008496,Arya Rout,Female,43,No,No,Karnataka,Mangaluru,163457,Mass Market,36-45
C008497,Omisha Parekh,Female,40,No,No,Karnataka,Mysuru,839974,Mass Market,36-45
C008498,Harsh Andra,Female,30,No,No,Madhya Pradesh,Indore,353123,Mass Market,26-35
C008499,Faraj Tailor,Male,43,No,Yes,Kerala,Kochi,692978,High Value,36-45
C008500,Dhriti Ray,Male,20,No,Yes,Telangana,Hyderabad,701247,Value,18-25
C008501,Girindra Reddy,Male,46,No,No,Telangana,Hyderabad,10383,Premium,46-55
C008502,Girindra Ganguly,Male,19,No,No,Gujarat,Surat,311297,Value,18-25
C008503,Jeevika Pandey,Male,45,No,No,Telangana,Warangal,445276,Value,36-45
C008504,Pranav Sachdeva,Female,40,No,Yes,Gujarat,Vadodara,624282,Mass Market,36-45
C008505,Omya Mody,Male,53,No,No,Delhi,New Delhi,766378,Mass Market,46-55
C008506,Tejas Sura,Female,66,Yes,Yes,Telangana,Hyderabad,130667,Value,65+
C008507,Gaurang Kakar,Male,23,No,Yes,Delhi,New Delhi,237868,Premium,18-25
C008508,Manya Wali,Female,28,No,No,Kerala,Thiruvananthapuram,338364,Mass Market,26-35
C008509,Champak Comar,Female,55,No,Yes,Rajasthan,Jaipur,482739,Value,46-55
C008510,Agastya Tata,Male,51,No,No,Kerala,Thiruvananthapuram,481661,Mass Market,46-55
C008511,Pooja Tak,Male,34,No,No,Uttar Pradesh,Agra,987108,Value,26-35
C008512,Ranbir Garg,Female,20,No,No,West Bengal,Kolkata,968292,Value,18-25
C008513,Lopa Kapadia,Female,61,Yes,No,Gujarat,Ahmedabad,590947,Premium,56-65
C008514,Oviya Dara,Female,63,Yes,No,Rajasthan,Udaipur,155632,Mass Market,56-65
C008515,Faraj Singhal,Male,51,No,Yes,Telangana,Hyderabad,258885,Mass Market,46-55
C008516,Amrita Bansal,Male,39,No,No,Madhya Pradesh,Indore,124023,Value,36-45
C008517,Dayita Bhalla,Female,46,No,No,Punjab,Ludhiana,404909,High Value,46-55
C008518,Vamakshi Gade,Female,46,No,No,Delhi,Delhi,313312,Mass Market,46-55
C008519,Chakrika Prabhu,Male,22,No,No,Telangana,Warangal,680963,Value,18-25
C008520,Yahvi Kar,Female,27,No,Yes,Tamil Nadu,Chennai,893659,Value,26-35
C008521,Oviya Keer,Male,27,No,Yes,Uttar Pradesh,Agra,557017,Mass Market,26-35
C008522,Michael Subramaniam,Male,70,Yes,Yes,Tamil Nadu,Chennai,785398,Premium,65+
C008523,Tejas Dube,Male,26,No,No,Uttar Pradesh,Lucknow,457364,Mass Market,26-35
C008524,Ekanta Oommen,Male,38,No,No,Uttar Pradesh,Agra,492864,Premium,36-45
C008525,Raksha Magar,Male,30,No,No,Rajasthan,Jodhpur,181012,Value,26-35
C008526,Qarin Naidu,Male,27,No,No,Tamil Nadu,Coimbatore,21079,Value,26-35
C008527,Aachal Tak,Male,55,No,No,Kerala,Thiruvananthapuram,366902,Mass Market,46-55
C008528,Praneel Cherian,Female,28,No,Yes,Delhi,New Delhi,510932,Premium,26-35
C008529,Raghav Ravi,Female,21,No,Yes,Tamil Nadu,Coimbatore,125285,Mass Market,18-25
C008530,Jairaj Rana,Female,63,Yes,No,Punjab,Amritsar,202981,Value,56-65
C008531,Advika Parmar,Female,48,No,No,Maharashtra,Mumbai,528338,Premium,46-55
C008532,Guneet Johal,Male,66,Yes,Yes,Rajasthan,Jodhpur,855786,Value,65+
C008533,Eesha Kaur,Female,69,Yes,No,Delhi,Delhi,963023,Mass Market,65+
C008534,Dipta Ramachandran,Female,51,No,Yes,West Bengal,Kolkata,988600,High Value,46-55
C008535,Charles Kibe,Male,59,No,No,Punjab,Chandigarh,4683,Mass Market,56-65
C008536,Upma Ratta,Male,52,No,Yes,Delhi,New Delhi,241507,High Value,46-55
C008537,Chakradhar Sangha,Male,56,No,No,Kerala,Kochi,523357,Mass Market,56-65
C008538,Janani Yohannan,Female,56,No,Yes,Punjab,Amritsar,191650,Mass Market,56-65
C008539,Krishna Mall,Male,50,No,No,Tamil Nadu,Madurai,980651,Mass Market,46-55
C008540,Patrick Chokshi,Female,25,No,No,Madhya Pradesh,Indore,270127,Mass Market,18-25
C008541,Veda Guha,Female,49,No,No,West Bengal,Kolkata,12967,Mass Market,46-55
C008542,Girik Sahota,Female,50,No,No,Gujarat,Vadodara,424954,Mass Market,46-55
C008543,Yashoda Bhatt,Female,25,No,Yes,Tamil Nadu,Chennai,671922,High Value,18-25
C008544,Samuel Kale,Female,63,Yes,Yes,Gujarat,Vadodara,782213,Premium,56-65
C008545,Rehaan Sanghvi,Male,31,No,No,Delhi,Delhi,588076,Mass Market,26-35
C008546,Ayush Sridhar,Male,51,No,No,Madhya Pradesh,Bhopal,292706,Mass Market,46-55
C008547,Jai Srinivas,Female,25,No,Yes,Maharashtra,Nashik,366121,Value,18-25
C008548,Chaaya Apte,Male,68,Yes,No,Maharashtra,Nashik,237928,Mass Market,65+
C008549,Dalaja Deo,Male,59,No,Yes,Rajasthan,Udaipur,480229,Premium,56-65
C008550,Onkar Madan,Male,24,No,Yes,Karnataka,Mangaluru,587474,Value,18-25
C008551,Victor Bhat,Female,30,No,No,Punjab,Ludhiana,124043,Value,26-35
C008552,Yatan Goyal,Male,38,No,No,Karnataka,Bengaluru,288335,Value,36-45
C008553,Radha Munshi,Female,64,Yes,No,Uttar Pradesh,Noida,158270,Value,56-65
C008554,Akshay Chandra,Male,49,No,No,Gujarat,Ahmedabad,452859,Mass Market,46-55
C008555,Dayita Mannan,Male,28,No,No,Telangana,Hyderabad,344633,Mass Market,26-35
C008556,Om Minhas,Female,31,No,Yes,Telangana,Hyderabad,111947,Mass Market,26-35
C008557,Nachiket Balasubramanian,Male,28,No,No,West Bengal,Kolkata,117239,Value,26-35
C008558,Ati Konda,Female,19,No,No,Gujarat,Surat,319010,Value,18-25
C008559,Abhimanyu Morar,Female,51,No,Yes,Delhi,Delhi,623785,Premium,46-55
C008560,Nisha Panchal,Female,61,Yes,Yes,Uttar Pradesh,Kanpur,671230,Mass Market,56-65
C008561,Jacob Varma,Male,64,Yes,No,Delhi,Delhi,674302,Value,56-65
C008562,Dhruv Nayar,Female,34,No,No,Rajasthan,Udaipur,206632,Mass Market,26-35
C008563,Anusha Anand,Female,31,No,Yes,Telangana,Hyderabad,739589,Value,26-35
C008564,Harshil More,Female,42,No,Yes,Madhya Pradesh,Indore,832864,Premium,36-45
C008565,Indali Hans,Male,65,Yes,Yes,Maharashtra,Nashik,412663,Premium,56-65
C008566,Reyansh Sibal,Male,44,No,No,Maharashtra,Nagpur,596832,High Value,36-45
C008567,Ekaja Mukhopadhyay,Female,25,No,No,Uttar Pradesh,Kanpur,331777,High Value,18-25
C008568,Charita Nair,Female,34,No,No,Telangana,Warangal,649335,Premium,26-35
C008569,Daksh Trivedi,Male,22,No,No,Maharashtra,Nagpur,681755,Mass Market,18-25
C008570,Lekha Borra,Male,29,No,Yes,Karnataka,Bengaluru,958780,Mass Market,26-35
C008571,Avi Iyengar,Male,55,No,No,Karnataka,Mangaluru,686609,Value,46-55
C008572,Leela Nagarajan,Male,35,No,Yes,West Bengal,Kolkata,850756,High Value,26-35
C008573,Pratyush Gill,Male,43,No,Yes,Gujarat,Ahmedabad,386233,Value,36-45
C008574,Owen Khurana,Male,48,No,No,Rajasthan,Jaipur,101795,Mass Market,46-55
C008575,Lavanya Raj,Female,54,No,Yes,West Bengal,Kolkata,495660,High Value,46-55
C008576,Pallavi Ghose,Male,23,No,No,Maharashtra,Nashik,562380,Mass Market,18-25
C008577,Idika Kaur,Female,58,No,No,Karnataka,Mysuru,555781,Value,56-65
C008578,Leela Chander,Male,32,No,Yes,Uttar Pradesh,Noida,946329,Premium,26-35
C008579,Girik Bhattacharyya,Male,59,No,No,Telangana,Hyderabad,146747,Premium,56-65
C008580,Amol Kashyap,Male,66,Yes,Yes,Punjab,Amritsar,237561,Premium,65+
C008581,Jonathan Mand,Male,43,No,Yes,Kerala,Kochi,424462,Premium,36-45
C008582,Chaitaly Agate,Female,68,Yes,No,Punjab,Chandigarh,167497,Value,65+
C008583,Panini Goel,Female,29,No,No,Kerala,Thiruvananthapuram,899583,Value,26-35
C008584,Anamika Rout,Male,58,No,No,Karnataka,Bengaluru,48318,Value,56-65
C008585,Saksham Mital,Male,64,Yes,No,Tamil Nadu,Madurai,118148,Premium,56-65
C008586,Wazir Kurian,Male,31,No,No,Rajasthan,Jodhpur,61879,Mass Market,26-35
C008587,Urmi Prabhakar,Female,18,No,No,Maharashtra,Nashik,344060,Mass Market,18-25
C008588,Lakshmi Sarin,Female,34,No,Yes,Delhi,Delhi,479222,Mass Market,26-35
C008589,Baljiwan Tripathi,Male,50,No,No,West Bengal,Howrah,830991,Value,46-55
C008590,Janaki Mani,Female,46,No,No,Maharashtra,Nagpur,922939,Mass Market,46-55
C008591,Bhavani Krish,Female,70,Yes,No,Punjab,Ludhiana,855327,Premium,65+
C008592,Leela Deol,Male,62,Yes,No,Tamil Nadu,Coimbatore,770550,Mass Market,56-65
C008593,Hemal Bail,Male,48,No,Yes,Madhya Pradesh,Indore,718196,Mass Market,46-55
C008594,Amruta Jayaraman,Female,25,No,No,Rajasthan,Jaipur,476659,Mass Market,18-25
C008595,Anthony Palan,Female,47,No,No,Gujarat,Surat,534975,Value,46-55
C008596,Kashvi Magar,Male,30,No,No,Karnataka,Bengaluru,445101,Mass Market,26-35
C008597,Abhiram Kothari,Male,33,No,No,West Bengal,Howrah,984555,Mass Market,26-35
C008598,Pahal Mander,Male,19,No,No,Karnataka,Bengaluru,562321,High Value,18-25
C008599,Shaurya Naidu,Male,62,Yes,No,Kerala,Kochi,914018,Premium,56-65
C008600,Upma Ravel,Female,35,No,No,Tamil Nadu,Madurai,435716,Premium,26-35
C008601,Chaitanya Kuruvilla,Male,52,No,No,West Bengal,Kolkata,702972,Value,46-55
C008602,Jeet Virk,Female,62,Yes,No,Delhi,New Delhi,202945,Premium,56-65
C008603,Aayush Barad,Female,36,No,No,Madhya Pradesh,Bhopal,469726,Premium,36-45
C008604,Anusha Deshpande,Male,30,No,No,Telangana,Hyderabad,424483,High Value,26-35
C008605,Simon Maharaj,Male,68,Yes,Yes,Delhi,New Delhi,175723,Mass Market,65+
C008606,Neelima Purohit,Male,21,No,No,West Bengal,Howrah,896126,Mass Market,18-25
C008607,Qushi Sengupta,Female,36,No,No,Karnataka,Mangaluru,465517,Mass Market,36-45
C008608,Tanmayi Babu,Male,67,Yes,No,Uttar Pradesh,Kanpur,723423,High Value,65+
C008609,Hredhaan Shankar,Female,42,No,No,Punjab,Amritsar,389256,Value,36-45
C008610,Rachita Behl,Female,55,No,Yes,Gujarat,Surat,846637,Value,46-55
C008611,Advika Sarraf,Male,68,Yes,Yes,Maharashtra,Pune,828742,Value,65+
C008612,Faris Bal,Female,48,No,Yes,Madhya Pradesh,Bhopal,943735,Premium,46-55
C008613,Abha Sem,Female,53,No,No,Rajasthan,Jaipur,815808,High Value,46-55
C008614,Gayathri Ramanathan,Male,21,No,Yes,West Bengal,Kolkata,994766,Premium,18-25
C008615,Jagrati Sahota,Male,56,No,No,Maharashtra,Nagpur,738724,Premium,56-65
C008616,Eshana Acharya,Female,24,No,Yes,Karnataka,Bengaluru,359221,Mass Market,18-25
C008617,Faraj Tiwari,Female,33,No,No,Karnataka,Bengaluru,933753,Value,26-35
C008618,Anmol Char,Male,65,Yes,Yes,Karnataka,Mysuru,143269,Premium,56-65
C008619,Vyanjana Master,Male,22,No,Yes,West Bengal,Kolkata,376882,Premium,18-25
C008620,Pratyush Jayaraman,Male,64,Yes,No,Gujarat,Vadodara,91941,Value,56-65
C008621,Sarthak Pillai,Female,40,No,Yes,Punjab,Chandigarh,295470,Mass Market,36-45
C008622,Zansi Narang,Male,53,No,No,Kerala,Kochi,489931,Mass Market,46-55
C008623,Arunima Naik,Male,49,No,Yes,Delhi,Delhi,649928,Mass Market,46-55
C008624,Gautami Rege,Female,41,No,No,Tamil Nadu,Coimbatore,174494,Value,36-45
C008625,Veer Sundaram,Male,42,No,No,Gujarat,Ahmedabad,986739,Value,36-45
C008626,Deepa Bath,Female,62,Yes,No,Kerala,Thiruvananthapuram,112196,High Value,56-65
C008627,Aishani Gokhale,Male,45,No,Yes,Delhi,New Delhi,872001,Value,36-45
C008628,Ekbal Sinha,Female,36,No,Yes,Maharashtra,Mumbai,292718,Mass Market,36-45
C008629,Garima Sehgal,Male,24,No,No,Telangana,Hyderabad,290944,Mass Market,18-25
C008630,Charita Bandi,Female,61,Yes,Yes,Kerala,Kochi,750750,Premium,56-65
C008631,Ganga Bhalla,Female,58,No,No,Telangana,Warangal,612247,Value,56-65
C008632,Ekiya Swaminathan,Male,34,No,No,Telangana,Hyderabad,411673,Value,26-35
C008633,Orinder Puri,Male,19,No,No,Maharashtra,Pune,450676,Value,18-25
C008634,Yoshita Bora,Male,33,No,Yes,Karnataka,Mysuru,461177,Mass Market,26-35
C008635,Zaid Varughese,Male,56,No,Yes,West Bengal,Kolkata,969391,Mass Market,56-65
C008636,Yash Ray,Female,35,No,Yes,Telangana,Warangal,98983,Mass Market,26-35
C008637,Lekha Hayre,Female,56,No,No,Delhi,New Delhi,395273,Mass Market,56-65
C008638,Yauvani Panchal,Male,18,No,Yes,Rajasthan,Jaipur,741304,Value,18-25
C008639,Anirudh Chad,Female,20,No,No,Punjab,Chandigarh,47442,Value,18-25
C008640,Fariq Dhaliwal,Female,38,No,No,Maharashtra,Mumbai,383739,High Value,36-45
C008641,Krishna Nath,Female,47,No,Yes,Uttar Pradesh,Noida,71365,Premium,46-55
C008642,Sathvik Agarwal,Male,28,No,No,Tamil Nadu,Coimbatore,61835,Value,26-35
C008643,Yahvi Pillay,Male,39,No,Yes,Delhi,New Delhi,496944,Value,36-45
C008644,Vrishti Sharaf,Male,64,Yes,Yes,Telangana,Hyderabad,107923,Value,56-65
C008645,Krisha Soman,Male,42,No,Yes,Karnataka,Mangaluru,955107,Mass Market,36-45
C008646,Tarak Ram,Male,20,No,Yes,West Bengal,Kolkata,545702,High Value,18-25
C008647,Oeshi Din,Male,47,No,No,Gujarat,Surat,892921,Value,46-55
C008648,Rishi Sami,Male,41,No,No,Punjab,Amritsar,762289,High Value,36-45
C008649,Zehaan Modi,Female,62,Yes,Yes,Kerala,Kochi,428031,High Value,56-65
C008650,Siddharth Kuruvilla,Male,53,No,No,Punjab,Ludhiana,846175,Value,46-55
C008651,Yashoda Purohit,Male,40,No,No,Uttar Pradesh,Noida,659938,Mass Market,36-45
C008652,Viraj Cheema,Male,25,No,Yes,Telangana,Warangal,888588,Value,18-25
C008653,Matthew Hayre,Male,21,No,Yes,Kerala,Thiruvananthapuram,818896,Value,18-25
C008654,Kamala Sarraf,Female,67,Yes,No,Karnataka,Bengaluru,727185,Premium,65+
C008655,Gaurang Sood,Male,56,No,No,West Bengal,Howrah,814635,Mass Market,56-65
C008656,Saumya Kannan,Male,60,Yes,No,Gujarat,Surat,805791,Value,56-65
C008657,Sanya Mitra,Male,48,No,No,Tamil Nadu,Madurai,339282,High Value,46-55
C008658,Ishanvi Shenoy,Male,46,No,No,Madhya Pradesh,Indore,186243,High Value,46-55
C008659,Priya Ghose,Male,53,No,No,West Bengal,Howrah,118038,Mass Market,46-55
C008660,Laban Rama,Female,30,No,No,Tamil Nadu,Madurai,503066,Premium,26-35
C008661,Manya Saxena,Male,58,No,No,Uttar Pradesh,Lucknow,557518,Mass Market,56-65
C008662,Benjamin Upadhyay,Male,26,No,Yes,Kerala,Kochi,238149,Premium,26-35
C008663,Warhi Lanka,Male,38,No,No,Telangana,Hyderabad,66632,Mass Market,36-45
C008664,Kavya Mahajan,Male,68,Yes,Yes,Maharashtra,Pune,581602,High Value,65+
C008665,Wriddhish Mangal,Female,20,No,No,Madhya Pradesh,Indore,377994,Value,18-25
C008666,Lakshit Pandya,Female,42,No,No,Kerala,Kochi,54952,Mass Market,36-45
C008667,Sanaya Sharaf,Female,42,No,No,Tamil Nadu,Madurai,249867,Mass Market,36-45
C008668,Ayaan Khatri,Male,29,No,Yes,Maharashtra,Nashik,220585,Mass Market,26-35
C008669,Lopa Shroff,Male,46,No,No,Kerala,Thiruvananthapuram,775130,Value,46-55
C008670,Vaishnavi Manda,Female,28,No,No,Maharashtra,Nagpur,732972,Premium,26-35
C008671,Alka Doctor,Female,69,Yes,No,Maharashtra,Nashik,402268,Premium,65+
C008672,Varsha Sama,Male,28,No,No,Maharashtra,Pune,814635,Premium,26-35
C008673,Isha Buch,Male,66,Yes,No,Rajasthan,Jaipur,66654,Premium,65+
C008674,Sai Panchal,Male,43,No,Yes,Delhi,New Delhi,791370,High Value,36-45
C008675,Chanchal Chakrabarti,Male,70,Yes,No,Uttar Pradesh,Kanpur,711327,Premium,65+
C008676,Edhitha Sinha,Male,31,No,No,West Bengal,Kolkata,356625,Mass Market,26-35
C008677,Sarthak Bhargava,Male,33,No,Yes,Punjab,Ludhiana,832168,Premium,26-35
C008678,Bachittar Batra,Female,27,No,Yes,Karnataka,Bengaluru,456552,Mass Market,26-35
C008679,Bahadurjit Rege,Male,48,No,Yes,Uttar Pradesh,Lucknow,133205,High Value,46-55
C008680,Mitali Parikh,Male,48,No,No,Telangana,Warangal,371940,Mass Market,46-55
C008681,Wyatt Mannan,Male,53,No,No,West Bengal,Kolkata,71277,Mass Market,46-55
C008682,Hemal Konda,Female,27,No,No,Karnataka,Mangaluru,191016,Mass Market,26-35
C008683,Pahal Pau,Male,43,No,No,Tamil Nadu,Madurai,608282,Value,36-45
C008684,Hema Gole,Female,37,No,Yes,Telangana,Warangal,927265,Mass Market,36-45
C008685,Kalpit Sabharwal,Male,61,Yes,No,Gujarat,Ahmedabad,552932,High Value,56-65
C008686,Azad Arya,Female,26,No,Yes,Kerala,Kochi,673302,Mass Market,26-35
C008687,Abha Shukla,Male,32,No,Yes,Uttar Pradesh,Agra,930848,Mass Market,26-35
C008688,Farhan Boase,Male,26,No,No,Tamil Nadu,Madurai,111608,Mass Market,26-35
C008689,Yatan Morar,Male,24,No,Yes,Maharashtra,Mumbai,216494,Mass Market,18-25
C008690,Oviya Brahmbhatt,Male,43,No,No,Tamil Nadu,Chennai,27818,Value,36-45
C008691,Yachana Rastogi,Male,41,No,No,Tamil Nadu,Madurai,252448,Mass Market,36-45
C008692,Faris Chadha,Female,29,No,No,Uttar Pradesh,Agra,317268,Mass Market,26-35
C008693,Eesha Thakkar,Male,37,No,Yes,Rajasthan,Udaipur,155671,Mass Market,36-45
C008694,Sara Malhotra,Male,31,No,No,Tamil Nadu,Madurai,12484,Mass Market,26-35
C008695,Pooja Bose,Male,39,No,No,Tamil Nadu,Coimbatore,171544,Premium,36-45
C008696,Damini Singhal,Female,33,No,No,Delhi,Delhi,961890,Value,26-35
C008697,Pavani Chander,Female,46,No,No,Uttar Pradesh,Agra,831523,Mass Market,46-55
C008698,Yasti Sur,Female,49,No,No,Punjab,Chandigarh,993726,Mass Market,46-55
C008699,Avni Shenoy,Male,36,No,No,Telangana,Warangal,191320,Value,36-45
C008700,Mugdha Rajagopal,Female,52,No,No,West Bengal,Howrah,853748,Mass Market,46-55
C008701,Amol Pradhan,Female,60,Yes,No,Madhya Pradesh,Bhopal,804827,Value,56-65
C008702,Jyoti Raval,Female,49,No,No,Gujarat,Vadodara,423369,High Value,46-55
C008703,Kavya Badal,Male,70,Yes,No,Tamil Nadu,Coimbatore,909147,Mass Market,65+
C008704,Anya Gala,Male,37,No,No,Punjab,Ludhiana,8091,Mass Market,36-45
C008705,Vincent Aggarwal,Male,68,Yes,Yes,Punjab,Ludhiana,573782,Mass Market,65+
C008706,Quincy Taneja,Male,57,No,No,Tamil Nadu,Madurai,56733,Value,56-65
C008707,Bhavika Badal,Female,37,No,Yes,West Bengal,Howrah,665256,Mass Market,36-45
C008708,Arunima Srivastava,Male,25,No,No,Delhi,New Delhi,55343,Value,18-25
C008709,Pahal Ghosh,Male,52,No,Yes,Uttar Pradesh,Noida,356502,High Value,46-55
C008710,Ekalinga Kulkarni,Female,59,No,No,Delhi,New Delhi,715345,Mass Market,56-65
C008711,Isha Bhavsar,Female,30,No,No,Uttar Pradesh,Noida,740449,Mass Market,26-35
C008712,Gaurang Wali,Male,58,No,No,Punjab,Ludhiana,711083,Premium,56-65
C008713,Krisha Bali,Female,23,No,Yes,Telangana,Hyderabad,908798,Mass Market,18-25
C008714,Vedhika Mohanty,Male,64,Yes,No,Madhya Pradesh,Bhopal,418656,Mass Market,56-65
C008715,Yagnesh Kala,Female,33,No,Yes,Punjab,Chandigarh,385648,Value,26-35
C008716,Zehaan Setty,Female,22,No,No,Madhya Pradesh,Bhopal,12539,Mass Market,18-25
C008717,Oliver Lal,Male,70,Yes,No,Gujarat,Surat,532159,Premium,65+
C008718,Chandani Mittal,Female,62,Yes,No,Maharashtra,Nashik,360402,Mass Market,56-65
C008719,Aarnav Guha,Female,68,Yes,Yes,Tamil Nadu,Madurai,517194,Value,65+
C008720,Adweta Manda,Male,51,No,No,Gujarat,Ahmedabad,528315,Premium,46-55
C008721,Anay Ganesan,Male,23,No,No,Uttar Pradesh,Kanpur,389601,Mass Market,18-25
C008722,Yamini Srivastava,Female,50,No,No,Uttar Pradesh,Kanpur,528227,Mass Market,46-55
C008723,Ishanvi Butala,Male,32,No,Yes,Uttar Pradesh,Lucknow,349587,Mass Market,26-35
C008724,Odika Mukherjee,Male,32,No,No,Karnataka,Bengaluru,674436,Premium,26-35
C008725,Varenya Mittal,Female,31,No,Yes,Telangana,Hyderabad,225032,Premium,26-35
C008726,Samar Chana,Female,56,No,No,Rajasthan,Jodhpur,677817,Mass Market,56-65
C008727,Jeevika Bose,Male,22,No,Yes,Rajasthan,Jodhpur,226571,Premium,18-25
C008728,Abhiram Dhaliwal,Male,69,Yes,No,Delhi,Delhi,418734,Premium,65+
C008729,Yoshita Prakash,Male,43,No,Yes,Rajasthan,Jaipur,778426,High Value,36-45
C008730,Amara Sahota,Male,65,Yes,No,West Bengal,Kolkata,979843,Mass Market,56-65
C008731,Farhan Palla,Male,34,No,No,Uttar Pradesh,Agra,201711,Premium,26-35
C008732,Janya Ganesh,Female,60,Yes,No,Tamil Nadu,Madurai,423081,Value,56-65
C008733,Vrinda Narang,Male,64,Yes,No,Delhi,Delhi,726034,Premium,56-65
C008734,Dalbir Virk,Male,69,Yes,Yes,Tamil Nadu,Coimbatore,317890,Mass Market,65+
C008735,Faqid Garde,Male,33,No,Yes,Delhi,Delhi,367396,Mass Market,26-35
C008736,Ganga Patel,Female,52,No,Yes,Kerala,Thiruvananthapuram,699691,Premium,46-55
C008737,Krisha Sharma,Male,55,No,No,Tamil Nadu,Coimbatore,870017,Premium,46-55
C008738,Pranav Kale,Male,70,Yes,No,Uttar Pradesh,Agra,538832,Mass Market,65+
C008739,Gunbir Kannan,Male,40,No,No,West Bengal,Howrah,197402,Value,36-45
C008740,Gavin Barman,Female,30,No,Yes,West Bengal,Howrah,316430,Mass Market,26-35
C008741,Rohan Walia,Female,50,No,No,Maharashtra,Nagpur,590181,Mass Market,46-55
C008742,Aarna Rajan,Male,46,No,No,Uttar Pradesh,Kanpur,21050,Mass Market,46-55
C008743,Aashi Datta,Male,70,Yes,No,Gujarat,Surat,538120,Mass Market,65+
C008744,Devika Dugar,Male,63,Yes,No,West Bengal,Kolkata,469795,Value,56-65
C008745,Kala Sheth,Male,51,No,Yes,Kerala,Kochi,936654,Mass Market,46-55
C008746,Charles Chaudry,Male,51,No,No,Delhi,Delhi,521808,Mass Market,46-55
C008747,Dev Varma,Male,44,No,Yes,Maharashtra,Pune,954486,High Value,36-45
C008748,Mohammed Sodhi,Male,32,No,No,Punjab,Ludhiana,487183,Mass Market,26-35
C008749,Chakrika Chana,Male,67,Yes,No,Telangana,Hyderabad,950608,Value,65+
C008750,Chakrika Ratti,Male,26,No,Yes,Kerala,Thiruvananthapuram,99845,Premium,26-35
C008751,Ronith Krish,Female,43,No,Yes,Uttar Pradesh,Lucknow,761988,Mass Market,36-45
C008752,Gaurangi Parekh,Male,20,No,Yes,Uttar Pradesh,Kanpur,242743,Mass Market,18-25
C008753,Rohan Bhagat,Male,53,No,No,Punjab,Amritsar,184243,Value,46-55
C008754,Ekani Kapoor,Male,64,Yes,Yes,Karnataka,Mangaluru,48148,Value,56-65
C008755,Ranveer Bhargava,Female,22,No,Yes,Maharashtra,Mumbai,396831,Value,18-25
C008756,Chaman Anne,Female,37,No,Yes,Delhi,Delhi,924934,Value,36-45
C008757,Ridhi Walia,Male,37,No,No,Uttar Pradesh,Noida,372577,High Value,36-45
C008758,Harish Batta,Male,22,No,No,Uttar Pradesh,Lucknow,63855,Mass Market,18-25
C008759,Jalsa Mitter,Male,27,No,No,Kerala,Kochi,190806,Premium,26-35
C008760,Ekaja Shan,Male,33,No,Yes,Maharashtra,Mumbai,425879,Mass Market,26-35
C008761,Rachana Khanna,Male,42,No,No,Uttar Pradesh,Kanpur,726257,Mass Market,36-45
C008762,Eshana Mitter,Female,61,Yes,Yes,Maharashtra,Mumbai,229782,Mass Market,56-65
C008763,Qarin Chaudhari,Male,42,No,No,Madhya Pradesh,Indore,891824,Value,36-45
C008764,Niharika Loke,Female,47,No,Yes,Telangana,Warangal,537242,Premium,46-55
C008765,Michael Bhakta,Male,31,No,Yes,Tamil Nadu,Chennai,92996,Mass Market,26-35
C008766,Damyanti Butala,Female,39,No,No,Rajasthan,Udaipur,280707,Mass Market,36-45
C008767,Arin Saini,Female,60,Yes,Yes,Tamil Nadu,Coimbatore,188158,Mass Market,56-65
C008768,Lavanya Rai,Male,45,No,Yes,Tamil Nadu,Coimbatore,822793,Mass Market,36-45
C008769,Anay Bhargava,Male,47,No,No,Telangana,Warangal,625591,Premium,46-55
C008770,Nathaniel Krishna,Male,36,No,No,Uttar Pradesh,Kanpur,543496,Premium,36-45
C008771,Jatin Ravel,Male,55,No,No,Rajasthan,Jaipur,97389,Premium,46-55
C008772,Omisha Thakur,Male,59,No,No,Uttar Pradesh,Noida,911281,Value,56-65
C008773,Max Chacko,Female,37,No,No,West Bengal,Howrah,18013,Value,36-45
C008774,Ishani Ratti,Male,52,No,No,West Bengal,Kolkata,520635,Mass Market,46-55
C008775,Lakshmi Raj,Female,39,No,No,Tamil Nadu,Coimbatore,243440,Value,36-45
C008776,Azaan Wadhwa,Male,32,No,No,Madhya Pradesh,Bhopal,890217,Value,26-35
C008777,Anika Taneja,Female,28,No,Yes,Maharashtra,Nagpur,207447,High Value,26-35
C008778,Aarush Apte,Male,51,No,Yes,Kerala,Thiruvananthapuram,276439,High Value,46-55
C008779,Victor Dewan,Female,41,No,No,Gujarat,Surat,172283,High Value,36-45
C008780,Waida Dayal,Male,23,No,No,Madhya Pradesh,Indore,519828,Mass Market,18-25
C008781,Tamanna Bawa,Male,34,No,No,Gujarat,Surat,48595,Mass Market,26-35
C008782,Nakul Dhingra,Female,45,No,Yes,Madhya Pradesh,Indore,897872,Premium,36-45
C008783,Chakradhar Sheth,Male,67,Yes,Yes,Telangana,Warangal,196971,Premium,65+
C008784,Harinakshi Tak,Female,48,No,Yes,Delhi,New Delhi,877541,Premium,46-55
C008785,Aachal Halder,Female,53,No,Yes,Maharashtra,Pune,847629,Mass Market,46-55
C008786,Jason Dhillon,Male,26,No,No,Karnataka,Mangaluru,494979,Premium,26-35
C008787,Gaurang Merchant,Male,27,No,No,Punjab,Amritsar,617102,Value,26-35
C008788,Quincy Basu,Female,38,No,No,Uttar Pradesh,Noida,630901,Value,36-45
C008789,Yauvani Bajaj,Male,51,No,No,Kerala,Thiruvananthapuram,730452,Premium,46-55
C008790,Zaitra Ratta,Female,48,No,No,Maharashtra,Pune,191343,Mass Market,46-55
C008791,Lajita Bassi,Female,46,No,No,Tamil Nadu,Madurai,574676,Value,46-55
C008792,Ayush Ghose,Male,60,Yes,No,Madhya Pradesh,Bhopal,542098,Value,56-65
C008793,Adweta Arya,Male,60,Yes,No,Gujarat,Vadodara,664507,Value,56-65
C008794,Jagrati Mital,Female,28,No,No,Uttar Pradesh,Agra,731814,Mass Market,26-35
C008795,Adya Seshadri,Male,50,No,No,Maharashtra,Nagpur,210209,Value,46-55
C008796,Harita Barman,Male,63,Yes,No,Kerala,Kochi,167443,Value,56-65
C008797,Aarini Chacko,Male,18,No,No,Tamil Nadu,Coimbatore,193538,Value,18-25
C008798,Rajata Ramanathan,Male,38,No,No,Maharashtra,Pune,824068,Premium,36-45
C008799,Samarth Banik,Male,40,No,No,Delhi,Delhi,889381,Mass Market,36-45
C008800,Lopa Narayan,Male,26,No,No,Delhi,Delhi,524624,Premium,26-35
C008801,Raagini Desai,Female,18,No,Yes,Punjab,Chandigarh,21770,Value,18-25
C008802,Yutika Swamy,Male,38,No,Yes,Tamil Nadu,Coimbatore,538369,Value,36-45
C008803,Lakshmi Palan,Male,39,No,No,Madhya Pradesh,Bhopal,791099,Mass Market,36-45
C008804,Wazir Borah,Female,21,No,Yes,Telangana,Hyderabad,208969,Mass Market,18-25
C008805,Lopa Ben,Female,18,No,No,Gujarat,Surat,825174,Premium,18-25
C008806,Kabir Devi,Female,68,Yes,Yes,Tamil Nadu,Chennai,455925,Mass Market,65+
C008807,Gaurang Chaudhari,Male,27,No,No,Delhi,New Delhi,460581,High Value,26-35
C008808,Lavanya Andra,Female,32,No,No,Uttar Pradesh,Kanpur,952361,Mass Market,26-35
C008809,Vasatika Malhotra,Male,69,Yes,No,Madhya Pradesh,Indore,775342,High Value,65+
C008810,Fariq Aurora,Male,53,No,No,Rajasthan,Jodhpur,591253,Value,46-55
C008811,Yashodhara Badal,Male,46,No,Yes,Uttar Pradesh,Kanpur,858643,Value,46-55
C008812,Forum Dara,Male,69,Yes,No,Punjab,Ludhiana,114593,Mass Market,65+
C008813,Ekantika Korpal,Female,63,Yes,No,Gujarat,Ahmedabad,77083,Mass Market,56-65
C008814,Bimala Morar,Male,22,No,Yes,Tamil Nadu,Coimbatore,406351,Mass Market,18-25
C008815,Jairaj Lad,Female,46,No,Yes,Tamil Nadu,Coimbatore,98414,Value,46-55
C008816,Champak Pathak,Female,64,Yes,No,Delhi,Delhi,483038,Value,56-65
C008817,Darika Sastry,Female,64,Yes,Yes,Punjab,Amritsar,65512,Premium,56-65
C008818,Wriddhish Parmer,Male,44,No,No,Telangana,Warangal,218407,Premium,36-45
C008819,Nilima Som,Female,42,No,Yes,Delhi,Delhi,673904,Value,36-45
C008820,Daksh Narula,Male,33,No,No,Delhi,New Delhi,782433,Mass Market,26-35
C008821,Jonathan Ramesh,Male,33,No,Yes,Kerala,Kochi,160630,Mass Market,26-35
C008822,Abhiram Kumer,Female,53,No,No,Rajasthan,Jaipur,583668,Premium,46-55
C008823,Odika Narula,Male,42,No,No,Telangana,Hyderabad,406383,Mass Market,36-45
C008824,Manthan Ganesan,Male,58,No,Yes,Kerala,Thiruvananthapuram,661174,Value,56-65
C008825,Quincy Dutt,Female,18,No,No,Telangana,Warangal,387679,Mass Market,18-25
C008826,Aarav Choudhry,Male,22,No,No,West Bengal,Howrah,644331,Mass Market,18-25
C008827,Mitesh Korpal,Female,58,No,No,Telangana,Hyderabad,547560,Value,56-65
C008828,Shaurya Barman,Male,37,No,No,Uttar Pradesh,Agra,79376,Value,36-45
C008829,Yashvi Varkey,Male,22,No,Yes,Uttar Pradesh,Lucknow,241419,Value,18-25
C008830,Prisha Wason,Male,53,No,No,Kerala,Thiruvananthapuram,25078,Value,46-55
C008831,Pahal Sundaram,Male,46,No,No,Karnataka,Bengaluru,373350,Mass Market,46-55
C008832,Warhi Thakkar,Male,65,Yes,No,Gujarat,Surat,67238,Mass Market,56-65
C008833,Mohini Mallick,Female,51,No,No,West Bengal,Kolkata,781469,Value,46-55
C008834,Theodore Srinivasan,Male,65,Yes,Yes,Karnataka,Mysuru,767149,Value,56-65
C008835,Avni Nanda,Female,35,No,Yes,Telangana,Warangal,864887,Mass Market,26-35
C008836,Gaurika Din,Male,19,No,No,Maharashtra,Nagpur,381294,Value,18-25
C008837,Vihaan Parikh,Male,33,No,No,Punjab,Chandigarh,576024,Value,26-35
C008838,Finn Sridhar,Female,46,No,Yes,Uttar Pradesh,Noida,246902,Mass Market,46-55
C008839,Hemangini Narayan,Female,50,No,Yes,West Bengal,Kolkata,968166,Premium,46-55
C008840,Yahvi Suresh,Male,33,No,No,Madhya Pradesh,Indore,17489,Value,26-35
C008841,Tanvi Malhotra,Female,52,No,Yes,West Bengal,Kolkata,901302,Mass Market,46-55
C008842,Devansh Manne,Female,64,Yes,Yes,Uttar Pradesh,Agra,833206,Value,56-65
C008843,Naksh Sangha,Male,60,Yes,Yes,Kerala,Kochi,146703,Value,56-65
C008844,Ekantika Dara,Female,59,No,No,Gujarat,Ahmedabad,286913,High Value,56-65
C008845,Waida Samra,Male,34,No,No,Rajasthan,Jaipur,147525,Premium,26-35
C008846,Gaurika Kapur,Female,21,No,No,Tamil Nadu,Chennai,843863,Mass Market,18-25
C008847,Niharika Parekh,Female,66,Yes,No,Rajasthan,Jodhpur,221705,Mass Market,65+
C008848,Ekbal Parmar,Female,21,No,Yes,Kerala,Thiruvananthapuram,757804,Premium,18-25
C008849,Deepa Choudhury,Male,68,Yes,Yes,Madhya Pradesh,Indore,994126,Premium,65+
C008850,Ridhi Wagle,Male,42,No,No,Maharashtra,Pune,288797,Mass Market,36-45
C008851,Wazir Anand,Female,50,No,Yes,Karnataka,Mysuru,532686,Mass Market,46-55
C008852,Samuel Panchal,Male,31,No,No,Telangana,Hyderabad,790168,Premium,26-35
C008853,Darsh Choudhary,Male,41,No,No,Punjab,Ludhiana,181476,Premium,36-45
C008854,Rehaan Barad,Female,28,No,Yes,Uttar Pradesh,Lucknow,221471,Mass Market,26-35
C008855,Falak Soman,Male,42,No,No,Rajasthan,Jodhpur,952665,Value,36-45
C008856,Orinder Mand,Male,45,No,No,Rajasthan,Udaipur,306773,Mass Market,36-45
C008857,Jonathan Viswanathan,Male,24,No,No,Delhi,New Delhi,447556,Mass Market,18-25
C008858,Tanveer Mody,Male,66,Yes,Yes,West Bengal,Kolkata,542771,Mass Market,65+
C008859,Varsha Raj,Female,53,No,Yes,Kerala,Thiruvananthapuram,516877,Value,46-55
C008860,Chanakya Venkatesh,Female,27,No,No,Karnataka,Mysuru,18484,Premium,26-35
C008861,Rajata Bawa,Male,66,Yes,No,Gujarat,Surat,648035,Value,65+
C008862,Yashawini Bandi,Female,53,No,Yes,Telangana,Hyderabad,761156,Mass Market,46-55
C008863,Abhiram Jani,Female,48,No,No,Gujarat,Ahmedabad,58734,Premium,46-55
C008864,Charita Ahluwalia,Female,36,No,No,Telangana,Hyderabad,225386,Mass Market,36-45
C008865,Gauri Kanda,Male,35,No,No,Karnataka,Mangaluru,817314,Premium,26-35
C008866,Wyatt Prasad,Female,66,Yes,Yes,Delhi,Delhi,90206,Premium,65+
C008867,Mugdha Sunder,Male,23,No,Yes,Telangana,Warangal,836912,Mass Market,18-25
C008868,Hiral Narain,Female,45,No,Yes,Madhya Pradesh,Indore,897137,Mass Market,36-45
C008869,Anjali Saha,Female,24,No,Yes,Delhi,Delhi,887240,Premium,18-25
C008870,Hemani Konda,Male,55,No,No,West Bengal,Kolkata,243240,Value,46-55
C008871,Maya Baria,Female,29,No,Yes,Maharashtra,Pune,49113,Mass Market,26-35
C008872,Vedhika Loke,Male,58,No,No,Punjab,Chandigarh,818137,Premium,56-65
C008873,Lakshit Tandon,Female,67,Yes,Yes,Maharashtra,Nagpur,241742,Mass Market,65+
C008874,Chanakya Natarajan,Male,51,No,No,Tamil Nadu,Coimbatore,654885,Mass Market,46-55
C008875,Megha Mistry,Female,42,No,Yes,West Bengal,Howrah,10211,Value,36-45
C008876,Hredhaan Dua,Male,34,No,Yes,Maharashtra,Pune,340781,Value,26-35
C008877,Nilima Saxena,Male,70,Yes,Yes,Kerala,Thiruvananthapuram,266327,Mass Market,65+
C008878,Yachana Patla,Male,50,No,No,Kerala,Kochi,934875,Mass Market,46-55
C008879,Onkar Chada,Male,40,No,Yes,Telangana,Warangal,355978,Value,36-45
C008880,Ekani Kalla,Male,26,No,Yes,Tamil Nadu,Coimbatore,996323,Value,26-35
C008881,Anmol Tank,Female,23,No,Yes,Delhi,New Delhi,642974,Premium,18-25
C008882,Harini Nagarajan,Male,19,No,No,West Bengal,Kolkata,244175,Value,18-25
C008883,Gaurav Dutt,Male,55,No,No,Telangana,Hyderabad,967753,Value,46-55
C008884,Qabil Saha,Male,26,No,No,Rajasthan,Jodhpur,210273,Mass Market,26-35
C008885,Teerth Prabhakar,Female,20,No,No,Maharashtra,Mumbai,810790,Premium,18-25
C008886,Vanya Vala,Female,33,No,Yes,Madhya Pradesh,Bhopal,475670,Mass Market,26-35
C008887,Bhavya Rana,Female,42,No,No,Maharashtra,Pune,702147,Value,36-45
C008888,Sanaya Bains,Female,41,No,Yes,Maharashtra,Nagpur,550148,High Value,36-45
C008889,Hemal Butala,Male,64,Yes,No,Telangana,Warangal,347993,Premium,56-65
C008890,Yamini Bhattacharyya,Male,46,No,No,Maharashtra,Nashik,845754,Value,46-55
C008891,Vasudha Prasad,Male,61,Yes,No,Tamil Nadu,Coimbatore,170678,Premium,56-65
C008892,Ekapad Dua,Female,57,No,Yes,Gujarat,Vadodara,676069,High Value,56-65
C008893,Chandani Char,Female,43,No,Yes,West Bengal,Kolkata,879928,Premium,36-45
C008894,Noah Nori,Male,55,No,No,Rajasthan,Udaipur,308253,Value,46-55
C008895,Harish Sanghvi,Male,52,No,No,Rajasthan,Jaipur,54316,Value,46-55
C008896,Pranav Venkatesh,Male,40,No,Yes,Delhi,Delhi,40492,Mass Market,36-45
C008897,Zansi Nayar,Male,21,No,Yes,Kerala,Thiruvananthapuram,240666,Value,18-25
C008898,Anita Sarraf,Female,59,No,No,Telangana,Warangal,640646,Mass Market,56-65
C008899,Radha Palla,Male,31,No,No,West Bengal,Howrah,788663,Value,26-35
C008900,Eiravati Bansal,Female,70,Yes,No,Uttar Pradesh,Agra,33137,Value,65+
C008901,Anirudh Pathak,Male,64,Yes,Yes,Uttar Pradesh,Noida,878077,Mass Market,56-65
C008902,Chavvi Lall,Female,56,No,No,Punjab,Ludhiana,775831,Mass Market,56-65
C008903,Damini Kapadia,Female,24,No,Yes,Karnataka,Bengaluru,129785,Mass Market,18-25
C008904,Urishilla Tailor,Female,25,No,No,Kerala,Kochi,296489,Mass Market,18-25
C008905,Gayathri Roy,Female,59,No,Yes,West Bengal,Howrah,988611,Value,56-65
C008906,Lohit Agate,Female,68,Yes,Yes,Telangana,Warangal,955434,High Value,65+
C008907,Chatura Sur,Female,36,No,Yes,Uttar Pradesh,Agra,541625,Premium,36-45
C008908,Wridesh Misra,Female,19,No,No,West Bengal,Kolkata,808178,Mass Market,18-25
C008909,Hiral Kade,Female,64,Yes,No,Gujarat,Vadodara,977288,Mass Market,56-65
C008910,Ubika Shukla,Female,18,No,No,Uttar Pradesh,Lucknow,360511,Value,18-25
C008911,Charan Batta,Female,59,No,No,West Bengal,Howrah,353583,Value,56-65
C008912,Jatin Nath,Female,55,No,No,Punjab,Amritsar,258000,Value,46-55
C008913,Turvi Sha,Female,30,No,No,Rajasthan,Jaipur,318009,Mass Market,26-35
C008914,Bhavna Lall,Male,59,No,No,Punjab,Chandigarh,331665,Mass Market,56-65
C008915,Ekbal Lala,Male,61,Yes,No,Tamil Nadu,Chennai,735010,Mass Market,56-65
C008916,Kiaan Ghose,Male,41,No,Yes,Telangana,Warangal,800619,Value,36-45
C008917,Jasmit Sidhu,Male,49,No,No,Maharashtra,Nagpur,873019,Premium,46-55
C008918,Nandini Kumar,Female,47,No,Yes,Rajasthan,Udaipur,441892,Premium,46-55
C008919,Udant Oommen,Male,23,No,No,Gujarat,Ahmedabad,482224,Value,18-25
C008920,Vinaya More,Female,55,No,Yes,Telangana,Hyderabad,155151,Premium,46-55
C008921,Maya Walla,Male,50,No,No,Karnataka,Mysuru,285489,High Value,46-55
C008922,Kavya Sibal,Male,61,Yes,No,Tamil Nadu,Coimbatore,987119,Premium,56-65
C008923,Dipta Doshi,Female,40,No,Yes,Telangana,Hyderabad,902138,Premium,36-45
C008924,Maanav Yadav,Female,27,No,No,Punjab,Ludhiana,861183,High Value,26-35
C008925,Kashish Palla,Male,63,Yes,No,Punjab,Chandigarh,975271,Mass Market,56-65
C008926,Hemangini Sunder,Female,32,No,Yes,West Bengal,Kolkata,904240,Mass Market,26-35
C008927,Vinaya Pathak,Female,40,No,No,Gujarat,Vadodara,746198,High Value,36-45
C008928,Nilima Rau,Male,53,No,Yes,Karnataka,Mysuru,644337,Value,46-55
C008929,Nachiket Wali,Male,18,No,No,Kerala,Thiruvananthapuram,90090,Premium,18-25
C008930,Jacob Hari,Female,25,No,No,Madhya Pradesh,Bhopal,299139,Premium,18-25
C008931,Oliver Khare,Male,20,No,No,Punjab,Chandigarh,410406,Mass Market,18-25
C008932,Chasmum Sawhney,Male,31,No,Yes,Kerala,Thiruvananthapuram,314767,Value,26-35
C008933,Charita Badami,Male,34,No,Yes,Maharashtra,Pune,9164,Value,26-35
C008934,Harsh Krishnamurthy,Female,51,No,Yes,West Bengal,Kolkata,191585,Mass Market,46-55
C008935,Sai Char,Female,64,Yes,Yes,Tamil Nadu,Coimbatore,89674,Mass Market,56-65
C008936,Waida Suresh,Female,23,No,No,Maharashtra,Mumbai,319452,Value,18-25
C008937,Bina Dash,Male,22,No,No,Maharashtra,Mumbai,621903,Mass Market,18-25
C008938,Ekaja Oak,Female,63,Yes,Yes,Gujarat,Vadodara,165438,Mass Market,56-65
C008939,Zarna Kalita,Male,68,Yes,No,Telangana,Warangal,412632,Mass Market,65+
C008940,Bhanumati Pradhan,Male,58,No,Yes,Rajasthan,Jodhpur,237634,Premium,56-65
C008941,Balhaar Das,Male,57,No,No,Delhi,Delhi,962635,Premium,56-65
C008942,Atharv Halder,Male,46,No,Yes,Telangana,Warangal,522774,Value,46-55
C008943,Harrison Bahl,Female,52,No,No,Kerala,Kochi,766609,Value,46-55
C008944,Triveni Pall,Female,35,No,Yes,Rajasthan,Jodhpur,545925,High Value,26-35
C008945,Balveer Cheema,Male,57,No,No,Kerala,Kochi,495176,Mass Market,56-65
C008946,Balendra Rajagopal,Female,65,Yes,Yes,Rajasthan,Jaipur,249327,Mass Market,56-65
C008947,Anamika Bandi,Female,47,No,Yes,Tamil Nadu,Coimbatore,848876,Mass Market,46-55
C008948,Rachana Gokhale,Female,32,No,No,Karnataka,Bengaluru,5948,Mass Market,26-35
C008949,Dipta Chaudhari,Male,70,Yes,No,Telangana,Hyderabad,706908,Mass Market,65+
C008950,Nachiket Choudhary,Female,32,No,No,Karnataka,Mysuru,131972,Mass Market,26-35
C008951,Warjas Samra,Male,33,No,No,Punjab,Amritsar,802082,Mass Market,26-35
C008952,Neelima Krish,Female,50,No,No,Delhi,Delhi,646028,Value,46-55
C008953,Rudra Sangha,Male,27,No,No,Telangana,Warangal,685786,Mass Market,26-35
C008954,Wriddhish Pillai,Female,36,No,Yes,Uttar Pradesh,Agra,158043,Value,36-45
C008955,Nikita Bath,Male,54,No,No,Gujarat,Ahmedabad,988186,Value,46-55
C008956,Dalbir Sha,Male,67,Yes,No,Telangana,Hyderabad,750446,Mass Market,65+
C008957,Kiaan Walla,Female,20,No,No,Maharashtra,Pune,307720,Premium,18-25
C008958,Anamika Chada,Female,53,No,No,West Bengal,Howrah,802827,Value,46-55
C008959,Vihaan Pai,Female,21,No,No,Delhi,New Delhi,980998,Mass Market,18-25
C008960,Rishi Amble,Female,28,No,Yes,Kerala,Thiruvananthapuram,377476,Mass Market,26-35
C008961,Anita Gupta,Male,58,No,Yes,Gujarat,Surat,45105,Premium,56-65
C008962,Upadhriti Mukherjee,Male,50,No,Yes,Madhya Pradesh,Indore,784986,Premium,46-55
C008963,Waida Mukherjee,Male,45,No,Yes,Maharashtra,Pune,54251,Value,36-45
C008964,Rachana Ravel,Male,49,No,Yes,West Bengal,Kolkata,890550,Mass Market,46-55
C008965,Dipta Srinivasan,Female,33,No,Yes,Telangana,Hyderabad,788439,Value,26-35
C008966,Riya Bhatnagar,Female,26,No,No,Punjab,Chandigarh,91814,Value,26-35
C008967,Zinal Bains,Female,28,No,Yes,Karnataka,Mysuru,502652,Premium,26-35
C008968,Advay Behl,Female,23,No,No,Madhya Pradesh,Indore,905973,Value,18-25
C008969,Vedant Patla,Female,66,Yes,Yes,West Bengal,Howrah,777810,Mass Market,65+
C008970,Janya Dube,Male,44,No,Yes,Karnataka,Bengaluru,305754,Mass Market,36-45
C008971,Aryan Varghese,Male,29,No,No,Rajasthan,Jaipur,3169,Mass Market,26-35
C008972,Hema Golla,Female,39,No,No,Punjab,Amritsar,213923,Value,36-45
C008973,Warjas Sinha,Male,57,No,No,Telangana,Hyderabad,651424,Mass Market,56-65
C008974,Ekansh Dhaliwal,Male,65,Yes,No,Karnataka,Mangaluru,294292,Value,56-65
C008975,Pushti Chawla,Male,54,No,Yes,West Bengal,Howrah,64533,Value,46-55
C008976,Jonathan Dave,Female,38,No,No,West Bengal,Kolkata,524799,Mass Market,36-45
C008977,Ojas Borra,Male,50,No,No,Uttar Pradesh,Agra,197357,Value,46-55
C008978,Ojas Naidu,Female,34,No,Yes,Madhya Pradesh,Bhopal,882853,Value,26-35
C008979,Krishna Butala,Female,46,No,No,West Bengal,Kolkata,231951,Value,46-55
C008980,Vrinda Din,Male,70,Yes,No,Gujarat,Ahmedabad,154878,Premium,65+
C008981,Damini Ramesh,Female,57,No,No,Karnataka,Mangaluru,87467,Value,56-65
C008982,Siya Lalla,Female,27,No,No,Telangana,Hyderabad,90614,Mass Market,26-35
C008983,Krishna Pradhan,Female,35,No,No,Rajasthan,Udaipur,563108,Premium,26-35
C008984,Pratyush Prasad,Female,64,Yes,No,Gujarat,Vadodara,321115,Premium,56-65
C008985,Ati Mangat,Male,69,Yes,Yes,Uttar Pradesh,Noida,824861,Premium,65+
C008986,Imaran Verma,Female,30,No,No,Rajasthan,Jodhpur,416355,Value,26-35
C008987,Hema Chada,Male,44,No,Yes,Rajasthan,Udaipur,788414,Mass Market,36-45
C008988,Lavanya Sengupta,Female,27,No,Yes,Punjab,Chandigarh,747355,Mass Market,26-35
C008989,Yasti Badami,Female,49,No,Yes,Madhya Pradesh,Indore,857671,Value,46-55
C008990,Maanas Bhardwaj,Female,58,No,No,Madhya Pradesh,Bhopal,344779,Mass Market,56-65
C008991,Harish Kalita,Male,62,Yes,No,West Bengal,Howrah,331197,Premium,56-65
C008992,Pushti Varghese,Male,20,No,No,Madhya Pradesh,Bhopal,753045,Mass Market,18-25
C008993,Harish Yadav,Male,39,No,No,Punjab,Chandigarh,707471,Value,36-45
C008994,Watika Buch,Male,44,No,Yes,Maharashtra,Mumbai,143969,Value,36-45
C008995,Lavanya Desai,Male,20,No,Yes,Tamil Nadu,Chennai,619282,Value,18-25
C008996,Ayaan Borde,Male,50,No,No,West Bengal,Howrah,930750,Premium,46-55
C008997,Yagnesh Issac,Male,19,No,No,Madhya Pradesh,Indore,757097,Value,18-25
C008998,Ekiya Loke,Female,28,No,No,Uttar Pradesh,Noida,141745,Mass Market,26-35
C008999,Gunbir Choudhry,Male,63,Yes,Yes,Kerala,Thiruvananthapuram,115959,Mass Market,56-65
C009000,Saanvi Gara,Female,27,No,Yes,Telangana,Hyderabad,185719,Premium,26-35
C009001,Lopa Apte,Female,56,No,Yes,Rajasthan,Jaipur,516447,Premium,56-65
C009002,Aarav Trivedi,Male,50,No,Yes,Maharashtra,Mumbai,894439,Mass Market,46-55
C009003,Megha Manne,Female,24,No,Yes,Telangana,Hyderabad,621089,Mass Market,18-25
C009004,Vasudha Batra,Male,32,No,No,Telangana,Warangal,485420,Mass Market,26-35
C009005,Oviya Subramanian,Female,43,No,No,Delhi,New Delhi,813951,High Value,36-45
C009006,Ikbal Khalsa,Male,28,No,No,Punjab,Chandigarh,477186,Mass Market,26-35
C009007,Krishna Dhawan,Male,55,No,Yes,Punjab,Ludhiana,308562,Mass Market,46-55
C009008,Aarnav Subramanian,Female,44,No,Yes,Karnataka,Bengaluru,239241,Mass Market,36-45
C009009,Vasudha Bhatti,Male,56,No,No,Karnataka,Mangaluru,134017,Premium,56-65
C009010,Qasim Chandra,Female,24,No,No,Uttar Pradesh,Lucknow,971364,Premium,18-25
C009011,Manan Barman,Male,18,No,No,West Bengal,Kolkata,254189,Mass Market,18-25
C009012,Zaitra Rana,Male,27,No,No,Delhi,New Delhi,81648,Mass Market,26-35
C009013,Chandani Chauhan,Male,38,No,No,Uttar Pradesh,Noida,739786,Value,36-45
C009014,Tristan Basu,Male,32,No,Yes,Rajasthan,Udaipur,179385,Mass Market,26-35
C009015,Neel Ram,Male,47,No,Yes,Gujarat,Ahmedabad,527470,Mass Market,46-55
C009016,Falguni Rattan,Male,47,No,No,Gujarat,Ahmedabad,657173,Premium,46-55
C009017,Pushti Sibal,Male,25,No,No,Kerala,Thiruvananthapuram,715787,Premium,18-25
C009018,Ikbal Chacko,Female,41,No,Yes,Delhi,New Delhi,930608,High Value,36-45
C009019,Balhaar Naidu,Male,36,No,No,Karnataka,Mysuru,920938,Value,36-45
C009020,Anmol Ram,Female,20,No,No,Gujarat,Surat,963553,Mass Market,18-25
C009021,Bachittar Sur,Male,32,No,No,Kerala,Kochi,587887,Premium,26-35
C009022,Veer Misra,Female,53,No,Yes,Karnataka,Mangaluru,221244,Mass Market,46-55
C009023,Gayathri Contractor,Male,23,No,Yes,Punjab,Chandigarh,416166,Mass Market,18-25
C009024,Chatresh Dasgupta,Male,59,No,No,Punjab,Amritsar,594830,Mass Market,56-65
C009025,Kashvi Chaudhry,Male,67,Yes,No,West Bengal,Howrah,413991,High Value,65+
C009026,Mekhala Dhar,Male,65,Yes,No,Tamil Nadu,Coimbatore,542289,Premium,56-65
C009027,Ucchal Apte,Female,35,No,No,Telangana,Hyderabad,434762,Mass Market,26-35
C009028,Aradhana Gill,Male,55,No,No,Rajasthan,Jaipur,117139,Mass Market,46-55
C009029,Gaurangi Koshy,Female,36,No,No,Punjab,Chandigarh,83892,Premium,36-45
C009030,Yuvraj Rao,Male,66,Yes,Yes,Punjab,Chandigarh,662241,Premium,65+
C009031,Harita Garg,Male,67,Yes,No,Delhi,Delhi,567386,Value,65+
C009032,Aarush Dey,Female,47,No,No,Karnataka,Mysuru,561062,Mass Market,46-55
C009033,Isaiah Sampath,Male,30,No,No,Madhya Pradesh,Indore,756269,Value,26-35
C009034,Yashvi Shah,Female,56,No,No,Kerala,Kochi,338331,Value,56-65
C009035,Anya Varkey,Male,69,Yes,No,Telangana,Warangal,467677,High Value,65+
C009036,Lohit Kata,Female,29,No,No,Kerala,Thiruvananthapuram,798890,Mass Market,26-35
C009037,Jhalak Kashyap,Male,51,No,Yes,Madhya Pradesh,Indore,843848,Value,46-55
C009038,Rehaan Butala,Female,29,No,Yes,Gujarat,Surat,159698,Mass Market,26-35
C009039,Nilima Pathak,Female,61,Yes,Yes,Tamil Nadu,Chennai,322124,Value,56-65
C009040,Wriddhish Narain,Male,41,No,Yes,Tamil Nadu,Coimbatore,432990,Mass Market,36-45
C009041,Varsha Mukhopadhyay,Male,21,No,No,West Bengal,Kolkata,253614,Premium,18-25
C009042,Zehaan Purohit,Male,53,No,Yes,Rajasthan,Jaipur,380515,Mass Market,46-55
C009043,Hemani Das,Female,67,Yes,No,Gujarat,Vadodara,277834,Value,65+
C009044,Nicholas Bumb,Male,65,Yes,No,Karnataka,Mysuru,466504,Value,56-65
C009045,Champak Chakrabarti,Male,31,No,No,Telangana,Warangal,382823,Premium,26-35
C009046,Yash Gulati,Male,34,No,No,Maharashtra,Mumbai,668086,Premium,26-35
C009047,Ganga Pillai,Male,66,Yes,Yes,Punjab,Chandigarh,315271,Mass Market,65+
C009048,Advik Kannan,Female,20,No,No,Tamil Nadu,Chennai,767466,Mass Market,18-25
C009049,Sudiksha Chaudhry,Female,55,No,Yes,Kerala,Thiruvananthapuram,35660,Value,46-55
C009050,Waida Bumb,Male,40,No,No,Madhya Pradesh,Bhopal,469789,Value,36-45
C009051,Avi Handa,Female,30,No,Yes,Rajasthan,Udaipur,500479,Mass Market,26-35
C009052,Hemani Roy,Male,26,No,No,Karnataka,Mysuru,262578,Premium,26-35
C009053,Dakshesh Mitter,Male,38,No,Yes,Madhya Pradesh,Indore,616829,Mass Market,36-45
C009054,Kai Kulkarni,Male,58,No,Yes,Telangana,Hyderabad,898192,High Value,56-65
C009055,Aayush Narayan,Female,25,No,No,Telangana,Warangal,87176,Mass Market,18-25
C009056,Manya Kulkarni,Female,34,No,No,Gujarat,Ahmedabad,156588,Mass Market,26-35
C009057,Ekani Joshi,Female,33,No,Yes,Uttar Pradesh,Kanpur,802263,Mass Market,26-35
C009058,Sara Rajan,Male,33,No,No,Madhya Pradesh,Bhopal,714113,Value,26-35
C009059,Jack Setty,Male,45,No,Yes,Karnataka,Mangaluru,317762,Mass Market,36-45
C009060,Tanvi Shetty,Male,68,Yes,No,Telangana,Hyderabad,18357,Premium,65+
C009061,Darsh Andra,Female,33,No,No,Gujarat,Surat,170870,Mass Market,26-35
C009062,Ati Kapur,Female,63,Yes,No,Gujarat,Ahmedabad,450658,Mass Market,56-65
C009063,Ekta Sha,Female,69,Yes,No,West Bengal,Howrah,469575,Premium,65+
C009064,Fariq Sodhi,Male,63,Yes,Yes,Maharashtra,Nashik,526666,High Value,56-65
C009065,Chaitanya Kari,Male,31,No,Yes,Uttar Pradesh,Lucknow,155709,Value,26-35
C009066,Peter Lalla,Male,63,Yes,No,Delhi,Delhi,907984,Premium,56-65
C009067,Siya Nath,Male,61,Yes,Yes,Telangana,Hyderabad,174388,Mass Market,56-65
C009068,Aishani Oak,Male,55,No,No,Karnataka,Mangaluru,804009,Mass Market,46-55
C009069,Aadi Mittal,Male,37,No,Yes,Karnataka,Mangaluru,639445,Mass Market,36-45
C009070,Caleb Mitter,Male,62,Yes,No,Punjab,Ludhiana,221784,High Value,56-65
C009071,Teerth Dada,Female,65,Yes,Yes,Tamil Nadu,Coimbatore,516617,Value,56-65
C009072,Hemangini Ram,Female,58,No,Yes,West Bengal,Kolkata,963136,Mass Market,56-65
C009073,Harita Mann,Male,51,No,No,Kerala,Kochi,396219,Mass Market,46-55
C009074,Veda Behl,Male,46,No,No,West Bengal,Kolkata,640393,Mass Market,46-55
C009075,Jagvi Mistry,Male,20,No,No,West Bengal,Kolkata,727514,Mass Market,18-25
C009076,Odika Dalal,Female,27,No,No,Karnataka,Mangaluru,145478,Value,26-35
C009077,Hritik Behl,Female,37,No,No,Uttar Pradesh,Lucknow,689655,Mass Market,36-45
C009078,Urvashi Ramanathan,Female,19,No,No,Gujarat,Surat,86207,Mass Market,18-25
C009079,Shivani Pathak,Female,44,No,No,Punjab,Chandigarh,694217,Mass Market,36-45
C009080,Indali Sahota,Male,49,No,No,Kerala,Thiruvananthapuram,1889,Value,46-55
C009081,Triya Doctor,Male,27,No,No,Punjab,Chandigarh,757862,Value,26-35
C009082,Max Ganesan,Male,57,No,No,Madhya Pradesh,Indore,808163,Value,56-65
C009083,Shivansh Minhas,Male,34,No,No,Punjab,Chandigarh,20962,Premium,26-35
C009084,Amrita Bakshi,Female,50,No,No,Rajasthan,Jaipur,860440,Mass Market,46-55
C009085,Advaith Tripathi,Male,23,No,No,Maharashtra,Nagpur,570618,Mass Market,18-25
C009086,Lajita Wadhwa,Male,56,No,Yes,Telangana,Warangal,168862,Premium,56-65
C009087,Omaja Apte,Male,64,Yes,Yes,West Bengal,Howrah,437881,Mass Market,56-65
C009088,Ladli Gopal,Female,35,No,No,Kerala,Kochi,814108,Value,26-35
C009089,Ekansh Kamdar,Male,26,No,Yes,Uttar Pradesh,Noida,652575,High Value,26-35
C009090,Nimrat Soni,Female,25,No,No,Kerala,Thiruvananthapuram,907823,Value,18-25
C009091,Saanvi Sastry,Male,42,No,No,Karnataka,Bengaluru,480487,Mass Market,36-45
C009092,Reva Prasad,Male,48,No,No,Kerala,Kochi,405717,High Value,46-55
C009093,Banjeet Jha,Male,59,No,No,Punjab,Chandigarh,753946,Mass Market,56-65
C009094,Maanas Puri,Female,21,No,Yes,Kerala,Thiruvananthapuram,431520,Value,18-25
C009095,Watika Sidhu,Male,37,No,No,Gujarat,Vadodara,580298,Mass Market,36-45
C009096,Sachi Boase,Female,45,No,No,Rajasthan,Jodhpur,516281,Value,36-45
C009097,Christopher Sarma,Male,57,No,Yes,Punjab,Chandigarh,727966,Value,56-65
C009098,Ishita Dasgupta,Male,18,No,No,Karnataka,Mysuru,100128,Value,18-25
C009099,Oni Gera,Female,57,No,No,Gujarat,Surat,449207,Premium,56-65
C009100,Bachittar Ray,Male,61,Yes,Yes,Uttar Pradesh,Lucknow,108370,High Value,56-65
C009101,Bhavna Jaggi,Female,40,No,No,Uttar Pradesh,Agra,537799,Mass Market,36-45
C009102,Vincent Hans,Female,64,Yes,No,Gujarat,Vadodara,196528,Premium,56-65
C009103,Charles Dhar,Male,30,No,Yes,Tamil Nadu,Coimbatore,454064,Mass Market,26-35
C009104,Victor Krishnan,Female,33,No,No,Maharashtra,Mumbai,768979,Mass Market,26-35
C009105,Ladli Bajaj,Male,43,No,No,Karnataka,Bengaluru,323848,High Value,36-45
C009106,Ayaan Purohit,Male,48,No,Yes,Karnataka,Mangaluru,950001,Value,46-55
C009107,Utkarsh Agate,Male,67,Yes,No,Kerala,Thiruvananthapuram,969354,Mass Market,65+
C009108,Hemangini De,Female,18,No,Yes,Telangana,Warangal,989320,Value,18-25
C009109,Harita Sarma,Male,34,No,No,Tamil Nadu,Chennai,659552,Mass Market,26-35
C009110,Ekantika Dey,Female,33,No,Yes,Punjab,Chandigarh,662643,Value,26-35
C009111,Gautam Deshpande,Female,54,No,Yes,Rajasthan,Udaipur,715789,Value,46-55
C009112,Xavier Subramaniam,Male,69,Yes,No,Punjab,Chandigarh,703872,Premium,65+
C009113,Bachittar Raja,Male,70,Yes,Yes,Uttar Pradesh,Noida,217882,Mass Market,65+
C009114,Zehaan Wali,Male,27,No,Yes,Kerala,Kochi,144879,Mass Market,26-35
C009115,Bhavna Wali,Male,55,No,No,West Bengal,Howrah,769325,Mass Market,46-55
C009116,Harini Korpal,Male,61,Yes,No,Madhya Pradesh,Bhopal,260449,Mass Market,56-65
C009117,Jackson Venkatesh,Female,48,No,No,Gujarat,Ahmedabad,925228,High Value,46-55
C009118,Aahana Ganesan,Female,27,No,No,Karnataka,Mysuru,390988,High Value,26-35
C009119,Inaya Mukhopadhyay,Female,66,Yes,No,Uttar Pradesh,Lucknow,253523,Premium,65+
C009120,Abeer Naik,Female,51,No,No,Madhya Pradesh,Indore,847124,Value,46-55
C009121,Sachi Roy,Female,68,Yes,No,Maharashtra,Nashik,977872,Premium,65+
C009122,Kevin Patla,Male,69,Yes,Yes,Uttar Pradesh,Lucknow,856550,Mass Market,65+
C009123,Ayushman Srinivasan,Female,23,No,Yes,Karnataka,Bengaluru,284304,Mass Market,18-25
C009124,Sanya Ranganathan,Female,45,No,No,Uttar Pradesh,Lucknow,342464,Mass Market,36-45
C009125,Pranit Basak,Male,45,No,No,Madhya Pradesh,Indore,220394,Premium,36-45
C009126,Kalpit Ganguly,Female,30,No,No,Maharashtra,Pune,533185,Value,26-35
C009127,Zaid Borde,Male,58,No,No,Rajasthan,Jaipur,378262,Value,56-65
C009128,Bakhshi Chander,Female,29,No,Yes,Gujarat,Ahmedabad,945838,Mass Market,26-35
C009129,Nandini Sachdeva,Female,67,Yes,Yes,Uttar Pradesh,Noida,214957,Value,65+
C009130,Karan Zacharia,Female,57,No,No,Telangana,Hyderabad,767602,Premium,56-65
C009131,Veda Dutta,Male,67,Yes,No,Kerala,Kochi,401143,Mass Market,65+
C009132,Samaksh Bose,Female,19,No,Yes,Tamil Nadu,Madurai,54880,Value,18-25
C009133,Nakul Mukherjee,Male,25,No,No,Gujarat,Ahmedabad,721788,Mass Market,18-25
C009134,Nilima Ghose,Male,59,No,Yes,Kerala,Thiruvananthapuram,844150,Premium,56-65
C009135,Urvi Ramanathan,Female,26,No,No,Uttar Pradesh,Agra,682860,Value,26-35
C009136,Charita Contractor,Female,67,Yes,No,Gujarat,Surat,485298,Mass Market,65+
C009137,Abhiram Keer,Female,25,No,No,Uttar Pradesh,Noida,755422,Value,18-25
C009138,Qadim Toor,Male,68,Yes,Yes,Delhi,New Delhi,924720,Mass Market,65+
C009139,Urishilla Agrawal,Male,20,No,Yes,Telangana,Hyderabad,727552,Premium,18-25
C009140,Ekiya Brar,Female,26,No,Yes,Karnataka,Mysuru,893942,High Value,26-35
C009141,Praneel Vyas,Male,30,No,No,Telangana,Hyderabad,962374,Value,26-35
C009142,Devika Nigam,Male,26,No,Yes,Maharashtra,Pune,112139,Mass Market,26-35
C009143,Mason Bail,Female,48,No,Yes,Delhi,Delhi,116737,Value,46-55
C009144,Nathaniel Aggarwal,Male,42,No,No,Telangana,Warangal,976220,Value,36-45
C009145,Vrinda Patel,Female,69,Yes,No,Madhya Pradesh,Bhopal,154423,Mass Market,65+
C009146,Jeevika Magar,Male,61,Yes,No,Telangana,Hyderabad,475843,Mass Market,56-65
C009147,Mitali Majumdar,Male,62,Yes,No,Tamil Nadu,Coimbatore,402780,Premium,56-65
C009148,Laksh Bir,Male,25,No,No,Uttar Pradesh,Agra,209227,Premium,18-25
C009149,Amruta Ravi,Male,64,Yes,No,Maharashtra,Mumbai,158955,Premium,56-65
C009150,Karan Shukla,Male,48,No,No,Rajasthan,Jodhpur,304514,Value,46-55
C009151,Andrew Chaudhari,Male,62,Yes,Yes,Karnataka,Mysuru,469637,Premium,56-65
C009152,Onveer Ravi,Male,70,Yes,No,Uttar Pradesh,Agra,99964,Value,65+
C009153,Zayyan Majumdar,Male,62,Yes,No,Punjab,Chandigarh,249568,Mass Market,56-65
C009154,Charan Karpe,Male,48,No,No,Rajasthan,Jodhpur,911129,Premium,46-55
C009155,Christopher Srivastava,Male,34,No,No,Rajasthan,Jodhpur,974269,High Value,26-35
C009156,Brinda Gulati,Male,64,Yes,No,Uttar Pradesh,Agra,111723,Premium,56-65
C009157,Agastya Pradhan,Female,36,No,Yes,Telangana,Warangal,660380,Premium,36-45
C009158,Lucky Khanna,Female,20,No,No,Kerala,Kochi,131718,Premium,18-25
C009159,Mitali Warrior,Female,63,Yes,No,Tamil Nadu,Coimbatore,180363,Value,56-65
C009160,Pooja Bawa,Male,47,No,No,Kerala,Kochi,347921,Premium,46-55
C009161,Aashi Nayak,Female,27,No,Yes,West Bengal,Howrah,328717,Value,26-35
C009162,Mitesh Karnik,Female,66,Yes,No,Delhi,Delhi,856067,Mass Market,65+
C009163,Nandini Sunder,Female,46,No,Yes,West Bengal,Kolkata,489815,Premium,46-55
C009164,Amrita Wali,Male,57,No,Yes,Kerala,Thiruvananthapuram,201073,High Value,56-65
C009165,Xiti Chaudhry,Female,35,No,Yes,Karnataka,Mangaluru,583106,Mass Market,26-35
C009166,Abhimanyu Chandran,Female,29,No,Yes,Gujarat,Vadodara,128891,Premium,26-35
C009167,Chaitanya Chhabra,Female,66,Yes,No,Gujarat,Ahmedabad,940496,Mass Market,65+
C009168,Watika Subramanian,Male,40,No,No,Gujarat,Vadodara,650882,High Value,36-45
C009169,Ayaan Dayal,Male,28,No,No,Madhya Pradesh,Indore,311860,Value,26-35
C009170,Ethan De,Male,26,No,No,Delhi,Delhi,916666,Value,26-35
C009171,Jagdish Dubey,Male,41,No,No,Uttar Pradesh,Agra,85624,Premium,36-45
C009172,Jonathan Khanna,Female,42,No,No,Rajasthan,Jodhpur,553810,Premium,36-45
C009173,Manthan Sengupta,Male,42,No,No,West Bengal,Howrah,429856,Premium,36-45
C009174,Amruta Hora,Male,64,Yes,No,Punjab,Ludhiana,851379,High Value,56-65
C009175,Harini Tiwari,Male,26,No,No,Kerala,Thiruvananthapuram,275458,Mass Market,26-35
C009176,Harshil Oza,Male,29,No,No,Kerala,Thiruvananthapuram,430234,Mass Market,26-35
C009177,Ekantika Dash,Male,28,No,No,Uttar Pradesh,Agra,999274,Premium,26-35
C009178,Pushti Kakar,Female,66,Yes,No,Telangana,Hyderabad,621678,High Value,65+
C009179,Fiyaz Mandal,Female,55,No,No,Delhi,Delhi,557605,Mass Market,46-55
C009180,Anirudh Shukla,Male,45,No,No,Telangana,Hyderabad,891763,Mass Market,36-45
C009181,Tripti Mittal,Male,25,No,No,Kerala,Thiruvananthapuram,296408,Mass Market,18-25
C009182,Dayita Goswami,Male,27,No,Yes,Madhya Pradesh,Indore,184958,Mass Market,26-35
C009183,Unni Khanna,Male,42,No,No,Punjab,Chandigarh,645996,Premium,36-45
C009184,Nathan Rajan,Female,64,Yes,No,Karnataka,Bengaluru,188718,Mass Market,56-65
C009185,Hiral Buch,Female,53,No,No,Delhi,New Delhi,988235,Mass Market,46-55
C009186,Ekaraj Gokhale,Female,67,Yes,Yes,Delhi,New Delhi,960958,Premium,65+
C009187,Upma Sengupta,Female,60,Yes,Yes,Rajasthan,Udaipur,50558,Mass Market,56-65
C009188,Radha Shenoy,Male,26,No,No,Tamil Nadu,Madurai,479122,Premium,26-35
C009189,Onveer Kuruvilla,Female,58,No,No,Kerala,Thiruvananthapuram,157538,Mass Market,56-65
C009190,Rayaan Mohan,Female,25,No,Yes,Gujarat,Surat,915884,Value,18-25
C009191,Hema Modi,Female,20,No,Yes,Rajasthan,Jodhpur,289104,Mass Market,18-25
C009192,Zilmil Tandon,Male,70,Yes,No,West Bengal,Howrah,109792,Mass Market,65+
C009193,Krisha Pathak,Female,35,No,No,West Bengal,Howrah,625840,Value,26-35
C009194,Imaran Nazareth,Female,63,Yes,No,Kerala,Thiruvananthapuram,93373,Premium,56-65
C009195,Damyanti Kapoor,Female,52,No,No,West Bengal,Howrah,608082,Value,46-55
C009196,Naksh Batta,Male,34,No,No,Kerala,Thiruvananthapuram,238856,Mass Market,26-35
C009197,Anamika Walla,Female,53,No,Yes,Punjab,Ludhiana,665486,Premium,46-55
C009198,Chaman Dass,Female,70,Yes,No,Punjab,Amritsar,26369,Mass Market,65+
C009199,Urishilla Sahota,Female,45,No,Yes,West Bengal,Kolkata,800048,High Value,36-45
C009200,Azaan Bedi,Female,67,Yes,No,Rajasthan,Jodhpur,685841,Mass Market,65+
C009201,Aditya Bhatti,Female,32,No,Yes,Maharashtra,Mumbai,511639,Value,26-35
C009202,Irya Subramanian,Male,36,No,No,Karnataka,Bengaluru,197330,Mass Market,36-45
C009203,Vanya Sagar,Female,39,No,No,Maharashtra,Nashik,893977,Value,36-45
C009204,Bhavna Ganesh,Male,23,No,No,Rajasthan,Udaipur,42519,Value,18-25
C009205,Lavanya Devi,Female,64,Yes,Yes,Delhi,New Delhi,290306,Value,56-65
C009206,Jasmit Lal,Male,24,No,Yes,West Bengal,Kolkata,694597,Mass Market,18-25
C009207,Bachittar Kant,Male,61,Yes,No,Gujarat,Surat,145187,Premium,56-65
C009208,Vihaan Bera,Female,65,Yes,Yes,Punjab,Ludhiana,651585,Premium,56-65
C009209,Amrita Bhargava,Female,26,No,Yes,Maharashtra,Nagpur,345920,Value,26-35
C009210,Gaurangi Divan,Female,37,No,No,Kerala,Thiruvananthapuram,134820,Value,36-45
C009211,Wyatt Chopra,Female,54,No,No,Gujarat,Vadodara,463383,Value,46-55
C009212,Triveni Gour,Female,28,No,Yes,Uttar Pradesh,Kanpur,802873,Mass Market,26-35
C009213,Meghana Mukhopadhyay,Male,19,No,No,Karnataka,Mangaluru,394117,High Value,18-25
C009214,Aarna Swamy,Male,39,No,No,Kerala,Kochi,717845,Mass Market,36-45
C009215,Oviya Arya,Male,65,Yes,No,West Bengal,Howrah,586285,Value,56-65
C009216,Dominic Vig,Male,53,No,Yes,Telangana,Warangal,433116,Value,46-55
C009217,Jeremiah Kapoor,Male,22,No,No,Maharashtra,Pune,789610,Value,18-25
C009218,Forum Wable,Female,24,No,No,West Bengal,Kolkata,360743,Premium,18-25
C009219,Saumya Mohan,Female,23,No,No,Maharashtra,Nashik,989980,Mass Market,18-25
C009220,Nakul Yohannan,Male,39,No,No,Punjab,Chandigarh,750433,Premium,36-45
C009221,Ekantika Sahni,Male,27,No,No,Telangana,Warangal,599988,Value,26-35
C009222,Vasana Sood,Female,63,Yes,No,Uttar Pradesh,Lucknow,46281,Mass Market,56-65
C009223,Ira Krish,Male,57,No,No,Tamil Nadu,Madurai,933688,Value,56-65
C009224,Om Ganesan,Male,63,Yes,No,West Bengal,Kolkata,11606,Premium,56-65
C009225,Nihal Mitra,Female,63,Yes,Yes,West Bengal,Howrah,166813,Mass Market,56-65
C009226,Warinder Rau,Female,37,No,Yes,Kerala,Thiruvananthapuram,763119,Value,36-45
C009227,Advaith Basak,Male,45,No,No,Karnataka,Mangaluru,921831,Value,36-45
C009228,Luke Babu,Female,40,No,No,Punjab,Chandigarh,88745,Value,36-45
C009229,Christopher Sankaran,Male,52,No,No,Rajasthan,Jodhpur,518786,Premium,46-55
C009230,Sudiksha Ray,Female,18,No,No,Maharashtra,Pune,858477,Mass Market,18-25
C009231,Devika Mitra,Male,46,No,No,Telangana,Hyderabad,679503,Value,46-55
C009232,Siya Thakur,Male,26,No,Yes,Madhya Pradesh,Indore,588905,Value,26-35
C009233,Zaid Nair,Female,26,No,No,Telangana,Hyderabad,325575,Mass Market,26-35
C009234,Abha Ben,Male,39,No,No,Delhi,New Delhi,488769,High Value,36-45
C009235,Patrick Kothari,Female,19,No,No,Gujarat,Vadodara,42202,Mass Market,18-25
C009236,Nandini Tailor,Male,33,No,Yes,Maharashtra,Nashik,458902,Mass Market,26-35
C009237,Darsh Sant,Male,57,No,No,Karnataka,Mysuru,702402,Premium,56-65
C009238,Januja Loyal,Male,23,No,Yes,Uttar Pradesh,Lucknow,187987,Mass Market,18-25
C009239,Ronith Mohan,Male,30,No,Yes,Kerala,Kochi,928686,Premium,26-35
C009240,Mugdha Bahl,Female,50,No,Yes,Madhya Pradesh,Bhopal,149169,Premium,46-55
C009241,Ekaja Kala,Male,36,No,No,Gujarat,Ahmedabad,801598,Mass Market,36-45
C009242,Idika Ghosh,Female,32,No,Yes,Delhi,Delhi,101184,Mass Market,26-35
C009243,Tristan Natt,Female,50,No,Yes,Kerala,Thiruvananthapuram,526405,Mass Market,46-55
C009244,Rudra Kothari,Female,27,No,No,Kerala,Thiruvananthapuram,795892,Mass Market,26-35
C009245,Timothy Koshy,Male,18,No,No,Uttar Pradesh,Agra,917595,Mass Market,18-25
C009246,Vasana Kaul,Female,29,No,Yes,Delhi,Delhi,146209,Premium,26-35
C009247,Harini Kothari,Male,60,Yes,No,Kerala,Thiruvananthapuram,591776,Premium,56-65
C009248,Chandresh Golla,Male,46,No,Yes,West Bengal,Kolkata,400720,Mass Market,46-55
C009249,Pallavi Mukherjee,Male,34,No,No,Maharashtra,Mumbai,225857,Premium,26-35
C009250,Praneel Dua,Male,21,No,No,Tamil Nadu,Madurai,828597,Mass Market,18-25
C009251,Vamakshi Kulkarni,Male,46,No,No,West Bengal,Howrah,215785,Value,46-55
C009252,Kavya Halder,Female,24,No,Yes,Karnataka,Bengaluru,48680,Mass Market,18-25
C009253,Nakul Bhakta,Male,61,Yes,No,Telangana,Warangal,987509,Mass Market,56-65
C009254,Victor Palan,Male,30,No,No,Tamil Nadu,Madurai,216921,Premium,26-35
C009255,Ekiya Bora,Female,22,No,Yes,Karnataka,Bengaluru,767977,Value,18-25
C009256,Chanakya Dass,Male,23,No,Yes,Gujarat,Vadodara,759300,Value,18-25
C009257,Kevin Narain,Male,51,No,No,Karnataka,Mysuru,177894,Value,46-55
C009258,Ayush Sura,Male,70,Yes,No,Rajasthan,Udaipur,451703,Mass Market,65+
C009259,Jasmit Parikh,Female,24,No,Yes,West Bengal,Howrah,368733,Premium,18-25
C009260,Wishi Bhagat,Male,63,Yes,No,Maharashtra,Mumbai,158430,Premium,56-65
C009261,Charles Mahajan,Male,45,No,Yes,Delhi,New Delhi,313487,Mass Market,36-45
C009262,Max Mistry,Male,63,Yes,Yes,Telangana,Warangal,227499,Mass Market,56-65
C009263,Maya Mody,Female,27,No,No,Tamil Nadu,Chennai,524143,Value,26-35
C009264,Farhan Dugar,Female,21,No,Yes,Punjab,Chandigarh,10488,Value,18-25
C009265,Kashish Chahal,Female,20,No,No,Madhya Pradesh,Indore,744880,Value,18-25
C009266,Ekani Kaul,Male,42,No,Yes,Punjab,Amritsar,927637,Value,36-45
C009267,Vedika Varughese,Male,40,No,No,Telangana,Warangal,282509,High Value,36-45
C009268,Gavin Krish,Male,44,No,No,Telangana,Warangal,241452,Mass Market,36-45
C009269,Ansh Palla,Male,31,No,No,Uttar Pradesh,Kanpur,430040,Value,26-35
C009270,Dayita Kumar,Male,55,No,Yes,Telangana,Warangal,388698,Value,46-55
C009271,Upma Choudhary,Male,49,No,No,Telangana,Hyderabad,759518,Value,46-55
C009272,Widisha Murthy,Male,40,No,Yes,Telangana,Hyderabad,561403,Mass Market,36-45
C009273,Watika Dara,Female,64,Yes,No,Delhi,Delhi,440600,Value,56-65
C009274,Rachana Kashyap,Male,57,No,No,Rajasthan,Jaipur,325897,Value,56-65
C009275,Yutika Deep,Female,54,No,Yes,Telangana,Hyderabad,869712,Value,46-55
C009276,Nimrat Korpal,Male,20,No,No,Tamil Nadu,Chennai,69835,Mass Market,18-25
C009277,Qushi Dara,Male,52,No,Yes,Rajasthan,Jodhpur,739783,Value,46-55
C009278,Krish Borde,Male,30,No,Yes,Telangana,Hyderabad,127083,Premium,26-35
C009279,Rachana Khanna,Male,51,No,Yes,Tamil Nadu,Madurai,573071,Premium,46-55
C009280,Karan Andra,Male,41,No,No,Tamil Nadu,Chennai,25296,Premium,36-45
C009281,Tara Sarin,Male,18,No,No,Gujarat,Surat,738733,Value,18-25
C009282,Dhriti Barman,Female,29,No,Yes,West Bengal,Kolkata,172050,Mass Market,26-35
C009283,Mitesh Bhakta,Female,25,No,No,Karnataka,Bengaluru,657846,Value,18-25
C009284,Lekha Tella,Male,36,No,Yes,Madhya Pradesh,Indore,627131,Mass Market,36-45
C009285,Osha Sehgal,Female,26,No,Yes,Punjab,Chandigarh,401326,Premium,26-35
C009286,Faras Mohan,Female,45,No,No,Karnataka,Mangaluru,373397,Mass Market,36-45
C009287,Tanveer Sami,Female,31,No,No,Uttar Pradesh,Noida,37523,Premium,26-35
C009288,Yashasvi Basak,Female,44,No,Yes,Maharashtra,Pune,554992,Premium,36-45
C009289,Ikbal Basu,Male,35,No,Yes,Madhya Pradesh,Bhopal,867501,Premium,26-35
C009290,Bhavani Sahni,Male,59,No,No,Kerala,Thiruvananthapuram,344365,Premium,56-65
C009291,Chandresh Kalita,Male,58,No,Yes,Rajasthan,Jodhpur,532763,Value,56-65
C009292,Vedika Varghese,Male,23,No,Yes,Madhya Pradesh,Indore,685142,Value,18-25
C009293,Sarthak Barad,Male,50,No,No,Karnataka,Mangaluru,704855,Mass Market,46-55
C009294,Mahika Contractor,Female,54,No,No,Tamil Nadu,Chennai,313843,Mass Market,46-55
C009295,Xavier Virk,Female,59,No,No,Karnataka,Bengaluru,611358,Mass Market,56-65
C009296,Nikita Trivedi,Female,42,No,No,Madhya Pradesh,Bhopal,577502,Mass Market,36-45
C009297,Indira Chakrabarti,Female,30,No,Yes,Maharashtra,Mumbai,599890,High Value,26-35
C009298,Osha Bath,Female,40,No,No,Madhya Pradesh,Bhopal,111819,Mass Market,36-45
C009299,Balendra Raj,Female,53,No,Yes,Tamil Nadu,Chennai,52858,Premium,46-55
C009300,Mugdha Yadav,Male,50,No,No,Rajasthan,Jodhpur,82107,Mass Market,46-55
C009301,Lajita Srinivas,Male,38,No,No,Tamil Nadu,Chennai,87798,High Value,36-45
C009302,Bakhshi Arora,Male,51,No,No,Telangana,Warangal,874563,Mass Market,46-55
C009303,Nachiket Sura,Female,53,No,No,Uttar Pradesh,Lucknow,737283,Value,46-55
C009304,Aarav Choudhury,Male,34,No,No,Maharashtra,Pune,93063,Value,26-35
C009305,Sara Dubey,Female,27,No,Yes,Tamil Nadu,Coimbatore,861602,Premium,26-35
C009306,Tara Kade,Male,40,No,No,Maharashtra,Nashik,274217,Mass Market,36-45
C009307,Osha Mandal,Male,61,Yes,No,Gujarat,Vadodara,771050,Premium,56-65
C009308,Unnati Varty,Female,19,No,No,Madhya Pradesh,Indore,832551,Value,18-25
C009309,Ayush Walla,Male,52,No,Yes,Uttar Pradesh,Lucknow,138308,Mass Market,46-55
C009310,Chandran Ratta,Male,31,No,Yes,Punjab,Chandigarh,393346,Mass Market,26-35
C009311,Zinal Prabhu,Male,64,Yes,Yes,Delhi,Delhi,264240,Premium,56-65
C009312,Aadhya Pal,Male,62,Yes,Yes,Telangana,Hyderabad,174259,Mass Market,56-65
C009313,Samarth Sabharwal,Female,58,No,No,Rajasthan,Udaipur,447383,Premium,56-65
C009314,Fariq Lad,Male,19,No,Yes,Karnataka,Mangaluru,367076,Mass Market,18-25
C009315,Vasana Lall,Female,36,No,Yes,West Bengal,Kolkata,809956,Value,36-45
C009316,Radhika Raghavan,Male,33,No,No,Kerala,Kochi,524408,Value,26-35
C009317,Shivani Pradhan,Female,60,Yes,No,West Bengal,Kolkata,771002,Value,56-65
C009318,Geetika Swamy,Male,61,Yes,No,Delhi,New Delhi,578986,Mass Market,56-65
C009319,Frado Sandal,Female,42,No,No,Kerala,Thiruvananthapuram,781164,Premium,36-45
C009320,Irya Sankar,Female,18,No,Yes,Madhya Pradesh,Bhopal,248389,Premium,18-25
C009321,Indali Pau,Male,19,No,Yes,Telangana,Warangal,653676,Value,18-25
C009322,Sarthak Mitter,Female,65,Yes,Yes,Maharashtra,Nashik,72872,Value,56-65
C009323,Gaurav Thakur,Female,44,No,No,Rajasthan,Jodhpur,573182,Value,36-45
C009324,Reva Kadakia,Male,19,No,Yes,Madhya Pradesh,Bhopal,313386,High Value,18-25
C009325,Amol Bali,Male,47,No,No,Madhya Pradesh,Bhopal,792746,Premium,46-55
C009326,Ikshita Wadhwa,Female,68,Yes,Yes,Uttar Pradesh,Kanpur,222544,Mass Market,65+
C009327,Priya Narula,Female,27,No,No,Maharashtra,Nagpur,396392,Mass Market,26-35
C009328,Wriddhish Singh,Male,36,No,No,Punjab,Ludhiana,691976,High Value,36-45
C009329,Vasatika Khurana,Male,59,No,No,West Bengal,Kolkata,330241,Mass Market,56-65
C009330,Ryan Chaudhary,Female,33,No,No,Maharashtra,Nagpur,984496,High Value,26-35
C009331,Warhi Srivastava,Female,30,No,No,Kerala,Thiruvananthapuram,948471,Value,26-35
C009332,Naveen Sagar,Female,65,Yes,No,Maharashtra,Nashik,756948,Mass Market,56-65
C009333,Kamya Mandal,Male,67,Yes,No,Uttar Pradesh,Lucknow,648309,Mass Market,65+
C009334,Mitesh Arora,Female,25,No,No,Madhya Pradesh,Bhopal,815506,Value,18-25
C009335,Maanas Lala,Male,67,Yes,No,Madhya Pradesh,Bhopal,33562,Premium,65+
C009336,Lakshit Prasad,Male,48,No,No,Gujarat,Ahmedabad,408595,Mass Market,46-55
C009337,Geetika Nagi,Female,62,Yes,No,Maharashtra,Mumbai,149572,Mass Market,56-65
C009338,Dalbir Oommen,Female,42,No,Yes,West Bengal,Howrah,816059,High Value,36-45
C009339,Azad Tripathi,Male,56,No,Yes,Karnataka,Mangaluru,52671,Mass Market,56-65
C009340,Sathvik Tandon,Male,38,No,No,Madhya Pradesh,Bhopal,977819,Value,36-45
C009341,Tara Khalsa,Female,67,Yes,Yes,Telangana,Hyderabad,673148,Value,65+
C009342,Krishna Mukherjee,Male,55,No,Yes,Telangana,Hyderabad,247956,Mass Market,46-55
C009343,Gunbir Ramanathan,Female,58,No,Yes,Rajasthan,Udaipur,502065,Mass Market,56-65
C009344,Agastya Jain,Female,46,No,No,Maharashtra,Mumbai,572024,Mass Market,46-55
C009345,Yuvraj Vora,Male,23,No,No,Rajasthan,Udaipur,905362,Mass Market,18-25
C009346,Daniel Bala,Female,35,No,No,Uttar Pradesh,Kanpur,396385,Value,26-35
C009347,Fariq Manne,Female,66,Yes,No,Punjab,Amritsar,905362,Value,65+
C009348,Dhriti Dugar,Female,61,Yes,No,West Bengal,Kolkata,665481,Value,56-65
C009349,Upkaar Badami,Female,52,No,Yes,Maharashtra,Nagpur,117078,Value,46-55
C009350,Arunima Cherian,Female,44,No,Yes,West Bengal,Howrah,117643,Mass Market,36-45
C009351,Nitara Murthy,Male,22,No,No,Gujarat,Vadodara,67524,Mass Market,18-25
C009352,Odika Ram,Male,24,No,Yes,Tamil Nadu,Madurai,507129,Mass Market,18-25
C009353,Yauvani Taneja,Female,27,No,Yes,Tamil Nadu,Madurai,258871,Value,26-35
C009354,Jagrati Chaudhry,Male,27,No,No,Maharashtra,Nashik,228754,High Value,26-35
C009355,Naksh Dhillon,Male,68,Yes,No,Gujarat,Vadodara,890056,Mass Market,65+
C009356,Mohammed Sethi,Female,45,No,No,Telangana,Warangal,418294,Value,36-45
C009357,Netra Bhalla,Female,53,No,No,Maharashtra,Pune,50448,Premium,46-55
C009358,Noah Datta,Male,27,No,No,Kerala,Kochi,917300,Premium,26-35
C009359,Baljiwan Dayal,Female,67,Yes,No,Rajasthan,Udaipur,578797,High Value,65+
C009360,Bhavini Barad,Female,52,No,No,Rajasthan,Jodhpur,415742,Mass Market,46-55
C009361,Lavanya Sidhu,Male,70,Yes,Yes,Kerala,Kochi,321596,Mass Market,65+
C009362,Harsh Gour,Female,52,No,No,Punjab,Amritsar,829273,Mass Market,46-55
C009363,Farhan Pillay,Male,54,No,No,Telangana,Warangal,739370,Mass Market,46-55
C009364,Adweta Chaudry,Male,65,Yes,No,West Bengal,Kolkata,348567,Value,56-65
C009365,Yashica Arora,Male,37,No,No,Karnataka,Mangaluru,849900,Premium,36-45
C009366,Ekaraj Sachar,Male,30,No,No,Rajasthan,Jodhpur,499375,Value,26-35
C009367,Raagini Bassi,Male,28,No,No,West Bengal,Howrah,927085,Mass Market,26-35
C009368,Pranit Kalla,Female,62,Yes,Yes,Tamil Nadu,Chennai,316650,Mass Market,56-65
C009369,Vinaya Vyas,Female,36,No,No,Tamil Nadu,Madurai,344846,High Value,36-45
C009370,Anya Sunder,Female,45,No,No,Uttar Pradesh,Agra,117716,Value,36-45
C009371,Lakshmi Hari,Female,55,No,No,Gujarat,Surat,302482,High Value,46-55
C009372,Fitan Narain,Male,62,Yes,No,Gujarat,Vadodara,320272,Premium,56-65
C009373,Urvi Raman,Male,21,No,Yes,Delhi,New Delhi,752262,High Value,18-25
C009374,Baghyawati Mitter,Female,54,No,Yes,Punjab,Ludhiana,548315,Premium,46-55
C009375,Nachiket Aurora,Male,36,No,No,Tamil Nadu,Coimbatore,293011,Value,36-45
C009376,Nathaniel Lad,Male,54,No,No,Kerala,Thiruvananthapuram,968514,Premium,46-55
C009377,Zayan Yadav,Female,70,Yes,Yes,Telangana,Hyderabad,85491,Value,65+
C009378,Rayaan Bobal,Male,31,No,No,Madhya Pradesh,Bhopal,486680,Mass Market,26-35
C009379,Triya Keer,Female,48,No,No,Karnataka,Mysuru,156314,Mass Market,46-55
C009380,Faraj Mital,Male,45,No,No,Uttar Pradesh,Noida,770143,Mass Market,36-45
C009381,Benjamin Kara,Male,53,No,No,Punjab,Amritsar,44635,Mass Market,46-55
C009382,Imaran Walia,Male,61,Yes,No,Kerala,Kochi,211017,Mass Market,56-65
C009383,Michael Rai,Female,55,No,No,West Bengal,Kolkata,77057,Value,46-55
C009384,Jairaj Lall,Male,36,No,Yes,Telangana,Hyderabad,297533,High Value,36-45
C009385,Yuvraj Rege,Male,59,No,Yes,Uttar Pradesh,Agra,565732,Value,56-65
C009386,Leela Chada,Female,18,No,No,Uttar Pradesh,Lucknow,601288,Value,18-25
C009387,Aishani Sha,Female,40,No,No,Kerala,Thiruvananthapuram,529693,Mass Market,36-45
C009388,Yachana Dash,Male,45,No,Yes,West Bengal,Howrah,894726,Mass Market,36-45
C009389,Jeremiah Murty,Male,65,Yes,No,Tamil Nadu,Chennai,72790,Value,56-65
C009390,Luke Modi,Male,21,No,No,Uttar Pradesh,Agra,333816,Premium,18-25
C009391,Nimrat Kakar,Female,58,No,No,West Bengal,Kolkata,507838,Mass Market,56-65
C009392,Dev Bath,Female,35,No,No,Uttar Pradesh,Agra,558991,Value,26-35
C009393,Adweta Brar,Male,66,Yes,No,Punjab,Amritsar,546652,Premium,65+
C009394,Girik Hora,Female,64,Yes,No,Karnataka,Mangaluru,897533,Mass Market,56-65
C009395,Zaitra Chawla,Male,68,Yes,No,Punjab,Chandigarh,886010,Mass Market,65+
C009396,Hemang Muni,Male,56,No,Yes,Uttar Pradesh,Noida,569829,Premium,56-65
C009397,Hema Chada,Male,42,No,No,Maharashtra,Pune,699714,Value,36-45
C009398,Naksh Murty,Male,35,No,No,Tamil Nadu,Chennai,898963,Mass Market,26-35
C009399,Sai Agate,Male,23,No,Yes,Delhi,New Delhi,775405,Mass Market,18-25
C009400,Devika Seshadri,Male,36,No,Yes,Maharashtra,Mumbai,508348,Value,36-45
C009401,Yadavi Patel,Female,70,Yes,No,Karnataka,Mysuru,36289,Mass Market,65+
C009402,Aarav Maharaj,Male,29,No,No,West Bengal,Kolkata,544479,Premium,26-35
C009403,Libni Setty,Female,42,No,No,Karnataka,Bengaluru,897092,Mass Market,36-45
C009404,Chaman Thakur,Male,52,No,Yes,Madhya Pradesh,Bhopal,898121,Mass Market,46-55
C009405,Simon Biswas,Male,18,No,No,Madhya Pradesh,Bhopal,858853,Mass Market,18-25
C009406,Rudra Cheema,Male,22,No,No,Punjab,Ludhiana,929578,High Value,18-25
C009407,Irya Ramakrishnan,Male,18,No,No,Uttar Pradesh,Noida,509525,Premium,18-25
C009408,Divya Som,Male,25,No,No,Karnataka,Mangaluru,308000,Premium,18-25
C009409,Michael Shankar,Male,56,No,Yes,Punjab,Ludhiana,381074,Value,56-65
C009410,Urmi Luthra,Male,64,Yes,No,Gujarat,Vadodara,260091,Premium,56-65
C009411,Suhani Loyal,Male,60,Yes,No,Delhi,Delhi,312807,Premium,56-65
C009412,Tristan Kala,Female,35,No,No,Rajasthan,Udaipur,994474,Mass Market,26-35
C009413,Alka Kuruvilla,Female,63,Yes,No,Madhya Pradesh,Indore,226964,High Value,56-65
C009414,Aarush Karpe,Male,26,No,No,Tamil Nadu,Madurai,763863,Premium,26-35
C009415,Hredhaan Karnik,Male,22,No,No,Delhi,New Delhi,863455,High Value,18-25
C009416,Bhavya Chakraborty,Male,21,No,No,West Bengal,Howrah,470607,Premium,18-25
C009417,Nidhi Mital,Female,61,Yes,Yes,Karnataka,Bengaluru,540712,Premium,56-65
C009418,Aayush Rajan,Male,46,No,No,Tamil Nadu,Madurai,901176,High Value,46-55
C009419,Udarsh Ganesh,Male,18,No,Yes,Punjab,Ludhiana,158873,Value,18-25
C009420,Shravya Panchal,Male,47,No,Yes,Uttar Pradesh,Noida,450331,Premium,46-55
C009421,Dhruv Bath,Female,62,Yes,Yes,Maharashtra,Mumbai,235253,Mass Market,56-65
C009422,Vrinda Ranganathan,Male,18,No,Yes,Delhi,Delhi,208127,Premium,18-25
C009423,Gagan Bansal,Female,20,No,No,Tamil Nadu,Coimbatore,993919,Premium,18-25
C009424,Avi Walla,Male,39,No,No,Telangana,Warangal,11284,Premium,36-45
C009425,Gaurangi Merchant,Female,25,No,Yes,Maharashtra,Nashik,172344,Premium,18-25
C009426,Girindra Gandhi,Female,35,No,No,West Bengal,Kolkata,779526,Value,26-35
C009427,Upkaar Randhawa,Male,42,No,No,Uttar Pradesh,Noida,826815,Value,36-45
C009428,Lipika Mani,Female,65,Yes,No,Maharashtra,Nagpur,238291,Mass Market,56-65
C009429,Darsh Mand,Male,69,Yes,Yes,Rajasthan,Jaipur,988049,Mass Market,65+
C009430,Bina Verma,Female,37,No,Yes,Uttar Pradesh,Kanpur,981700,Value,36-45
C009431,Ucchal Mital,Female,48,No,Yes,Delhi,New Delhi,591977,Value,46-55
C009432,Zilmil Magar,Male,47,No,Yes,Maharashtra,Mumbai,744347,Mass Market,46-55
C009433,Zansi Boase,Female,33,No,No,Gujarat,Ahmedabad,173891,Mass Market,26-35
C009434,Advik Koshy,Male,19,No,No,West Bengal,Howrah,550564,Mass Market,18-25
C009435,Hredhaan Bakshi,Male,34,No,Yes,Delhi,New Delhi,24464,Premium,26-35
C009436,Tamanna Sidhu,Male,27,No,Yes,Tamil Nadu,Madurai,859525,Value,26-35
C009437,Ekbal Saxena,Female,24,No,Yes,Tamil Nadu,Chennai,924209,Mass Market,18-25
C009438,Tristan Srivastava,Male,59,No,No,West Bengal,Howrah,425843,Premium,56-65
C009439,Dayita Hora,Male,68,Yes,Yes,Kerala,Kochi,991378,Mass Market,65+
C009440,Balhaar Sawhney,Female,69,Yes,No,Punjab,Ludhiana,772244,Value,65+
C009441,Indrajit Borah,Male,26,No,No,Maharashtra,Nashik,463327,Mass Market,26-35
C009442,Hredhaan Sampath,Male,34,No,Yes,Madhya Pradesh,Indore,593050,High Value,26-35
C009443,Balhaar Mall,Male,26,No,No,Rajasthan,Jodhpur,998758,Mass Market,26-35
C009444,Onkar Chander,Male,26,No,No,Tamil Nadu,Chennai,257249,Premium,26-35
C009445,Bhavini Memon,Male,54,No,No,Kerala,Kochi,598764,Value,46-55
C009446,Ishanvi Natt,Male,41,No,No,Karnataka,Mysuru,69646,Mass Market,36-45
C009447,Sara Mammen,Female,56,No,No,Uttar Pradesh,Agra,164423,Mass Market,56-65
C009448,Vincent Kaul,Female,28,No,Yes,Punjab,Ludhiana,14155,Mass Market,26-35
C009449,Niharika Oommen,Male,25,No,Yes,Karnataka,Mysuru,51775,Premium,18-25
C009450,Neel Karnik,Male,42,No,No,West Bengal,Kolkata,861235,Mass Market,36-45
C009451,Varsha Bala,Male,63,Yes,No,Madhya Pradesh,Indore,662690,Premium,56-65
C009452,Vivaan Parsa,Female,19,No,Yes,Kerala,Kochi,196323,Value,18-25
C009453,Aarav Bhakta,Male,27,No,No,West Bengal,Howrah,253786,Mass Market,26-35
C009454,Pranit Rajagopalan,Male,70,Yes,No,Madhya Pradesh,Indore,70131,Mass Market,65+
C009455,Ijaya Kala,Female,41,No,Yes,Kerala,Thiruvananthapuram,889780,High Value,36-45
C009456,Isaac Sridhar,Male,65,Yes,No,Rajasthan,Jodhpur,323164,Mass Market,56-65
C009457,Warinder Chawla,Male,33,No,No,Madhya Pradesh,Indore,864917,Mass Market,26-35
C009458,Tarak Mitter,Female,36,No,No,Rajasthan,Jodhpur,580307,Value,36-45
C009459,Mohammed Mahajan,Female,48,No,No,Telangana,Hyderabad,460109,Mass Market,46-55
C009460,Max Hayre,Male,28,No,Yes,Maharashtra,Nashik,872441,Value,26-35
C009461,Krisha Narayan,Female,23,No,No,Telangana,Warangal,139730,Mass Market,18-25
C009462,Mitesh Srinivas,Male,23,No,No,Gujarat,Ahmedabad,105196,High Value,18-25
C009463,Sudiksha Chanda,Female,49,No,No,Madhya Pradesh,Bhopal,469107,Value,46-55
C009464,Farhan Khurana,Male,56,No,Yes,Punjab,Chandigarh,432631,High Value,56-65
C009465,Sai Dash,Female,65,Yes,No,Gujarat,Vadodara,243822,Mass Market,56-65
C009466,Madhavi Sarraf,Female,30,No,No,Gujarat,Vadodara,429515,Mass Market,26-35
C009467,Qushi Ahuja,Female,20,No,Yes,Kerala,Kochi,841024,High Value,18-25
C009468,Januja Chaudhuri,Female,58,No,No,West Bengal,Howrah,975260,Mass Market,56-65
C009469,Veer Nagarajan,Male,52,No,No,Kerala,Thiruvananthapuram,654311,Value,46-55
C009470,Jeremiah Dani,Male,55,No,Yes,Punjab,Amritsar,96377,Mass Market,46-55
C009471,Lipika Deshpande,Male,34,No,No,Maharashtra,Mumbai,19422,High Value,26-35
C009472,Aryan Ramaswamy,Female,20,No,Yes,Madhya Pradesh,Bhopal,220433,Mass Market,18-25
C009473,Kamala Lall,Female,51,No,Yes,Maharashtra,Nashik,62305,Premium,46-55
C009474,Chasmum Rattan,Male,29,No,Yes,West Bengal,Kolkata,478277,Value,26-35
C009475,Sara Aurora,Female,41,No,Yes,Kerala,Thiruvananthapuram,457346,Mass Market,36-45
C009476,Chaman Narang,Female,23,No,Yes,Telangana,Warangal,267499,Mass Market,18-25
C009477,Vedika Ahluwalia,Female,59,No,No,Gujarat,Vadodara,519917,High Value,56-65
C009478,Wazir Krishna,Female,28,No,Yes,Gujarat,Surat,376606,Premium,26-35
C009479,Vaishnavi Chaudhary,Male,65,Yes,No,Uttar Pradesh,Lucknow,593772,Value,56-65
C009480,Mitali Dora,Male,44,No,No,Delhi,Delhi,574415,Value,36-45
C009481,Ekanta Date,Male,65,Yes,No,Telangana,Hyderabad,966086,Mass Market,56-65
C009482,Forum Bajwa,Male,41,No,No,Telangana,Hyderabad,489940,Value,36-45
C009483,Lopa Bera,Female,35,No,No,West Bengal,Kolkata,851496,Value,26-35
C009484,Chanakya Buch,Female,44,No,No,Maharashtra,Mumbai,368945,Premium,36-45
C009485,Christopher Chacko,Female,58,No,Yes,Tamil Nadu,Chennai,189134,Mass Market,56-65
C009486,Panini Borah,Female,38,No,No,Punjab,Ludhiana,167550,High Value,36-45
C009487,Ekavir Sharaf,Male,68,Yes,No,Telangana,Warangal,109388,Mass Market,65+
C009488,Aarna Krishnan,Male,51,No,Yes,Delhi,Delhi,956379,Mass Market,46-55
C009489,Liam Chahal,Male,50,No,No,Tamil Nadu,Madurai,367898,High Value,46-55
C009490,Aarav Batta,Male,65,Yes,No,Uttar Pradesh,Noida,196223,Value,56-65
C009491,Reyansh Wali,Male,35,No,Yes,Rajasthan,Jaipur,421125,Mass Market,26-35
C009492,Keya Behl,Male,20,No,No,Uttar Pradesh,Agra,404444,Premium,18-25
C009493,Vanya Datta,Male,41,No,No,West Bengal,Howrah,721112,Value,36-45
C009494,Tejas Borah,Male,18,No,No,Madhya Pradesh,Bhopal,966795,Mass Market,18-25
C009495,Aishani Lala,Female,23,No,No,West Bengal,Howrah,113935,Value,18-25
C009496,Wakeeta Shukla,Male,36,No,No,Delhi,Delhi,19363,Mass Market,36-45
C009497,Nitara Patil,Male,39,No,Yes,Kerala,Thiruvananthapuram,959757,Mass Market,36-45
C009498,Oni Boase,Male,68,Yes,No,Karnataka,Mysuru,897761,Mass Market,65+
C009499,Jonathan Bora,Female,60,Yes,Yes,Punjab,Chandigarh,765149,Value,56-65
C009500,Logan Bail,Male,25,No,No,Madhya Pradesh,Bhopal,410096,Mass Market,18-25
C009501,Tanay Bumb,Male,22,No,Yes,Rajasthan,Jodhpur,41813,Premium,18-25
C009502,Bhavna Dara,Female,69,Yes,Yes,Punjab,Amritsar,620666,Value,65+
C009503,Leena Bhatnagar,Female,26,No,No,Delhi,New Delhi,20117,Mass Market,26-35
C009504,Ayush Dugal,Female,64,Yes,No,West Bengal,Howrah,518893,Value,56-65
C009505,Odika Lala,Male,38,No,Yes,Kerala,Kochi,773101,Premium,36-45
C009506,Rajata Khare,Male,45,No,No,Gujarat,Ahmedabad,60030,Value,36-45
C009507,Yashawini Gulati,Male,63,Yes,No,Kerala,Thiruvananthapuram,973706,Mass Market,56-65
C009508,Dominic Sachdev,Female,21,No,Yes,Madhya Pradesh,Indore,245551,Mass Market,18-25
C009509,Radha Mahal,Male,41,No,Yes,Telangana,Warangal,132226,Premium,36-45
C009510,Yagnesh Din,Male,25,No,No,Punjab,Ludhiana,509801,Mass Market,18-25
C009511,Ekansh Kari,Male,69,Yes,No,Telangana,Hyderabad,56949,Mass Market,65+
C009512,Hemal Dey,Male,34,No,No,Karnataka,Mangaluru,457884,Value,26-35
C009513,Neelima Sha,Male,51,No,No,Gujarat,Ahmedabad,143512,Mass Market,46-55
C009514,Parth Rai,Female,37,No,No,Karnataka,Mysuru,45158,High Value,36-45
C009515,Triya Lad,Female,33,No,Yes,Uttar Pradesh,Agra,843656,Premium,26-35
C009516,Noah Grewal,Male,27,No,Yes,Telangana,Warangal,869744,Value,26-35
C009517,Qasim Sachdeva,Male,51,No,No,Telangana,Hyderabad,27891,Premium,46-55
C009518,Aarna Mitra,Female,60,Yes,No,Delhi,New Delhi,745618,Value,56-65
C009519,Yuvraj Sanghvi,Male,27,No,Yes,Delhi,New Delhi,120540,Premium,26-35
C009520,Yashica Chowdhury,Male,47,No,Yes,West Bengal,Kolkata,834576,Value,46-55
C009521,Falan More,Male,47,No,No,Tamil Nadu,Madurai,541321,Mass Market,46-55
C009522,Timothy Batra,Female,68,Yes,Yes,Karnataka,Mangaluru,607781,High Value,65+
C009523,Aarini Bajwa,Female,42,No,No,Gujarat,Ahmedabad,393957,Premium,36-45
C009524,Ekani Tata,Female,63,Yes,Yes,Gujarat,Surat,765054,High Value,56-65
C009525,Frederick Nath,Male,60,Yes,No,Maharashtra,Mumbai,674453,Premium,56-65
C009526,Ijaya Bhalla,Male,58,No,No,Karnataka,Mangaluru,386782,Value,56-65
C009527,Ojas Subramaniam,Female,24,No,Yes,Kerala,Kochi,627842,Mass Market,18-25
C009528,Charles Garg,Male,64,Yes,No,Tamil Nadu,Coimbatore,740517,Mass Market,56-65
C009529,Guneet Doshi,Female,37,No,No,Punjab,Ludhiana,757322,Mass Market,36-45
C009530,Amaira Ramakrishnan,Female,34,No,No,Punjab,Amritsar,613814,Mass Market,26-35
C009531,Upadhriti Ganguly,Male,20,No,No,West Bengal,Kolkata,2873,Value,18-25
C009532,Nitara Gokhale,Female,64,Yes,No,Telangana,Hyderabad,36275,Value,56-65
C009533,Megha Bajaj,Male,63,Yes,No,Kerala,Kochi,295224,Mass Market,56-65
C009534,Madhav Gupta,Female,57,No,No,Rajasthan,Jodhpur,932674,Value,56-65
C009535,Yashoda Mishra,Male,53,No,No,Karnataka,Mysuru,208260,Mass Market,46-55
C009536,Abeer Gill,Male,43,No,No,Gujarat,Ahmedabad,598173,Value,36-45
C009537,Hemangini Suri,Female,27,No,No,Gujarat,Ahmedabad,160124,High Value,26-35
C009538,Utkarsh Shah,Female,51,No,Yes,Uttar Pradesh,Lucknow,360360,Value,46-55
C009539,Jagrati Suresh,Male,31,No,Yes,Telangana,Warangal,781575,Mass Market,26-35
C009540,Hiral Bir,Female,25,No,Yes,West Bengal,Howrah,987552,Value,18-25
C009541,Aachal Seth,Male,44,No,No,Madhya Pradesh,Indore,93199,Premium,36-45
C009542,Frederick Borah,Male,27,No,No,Maharashtra,Nashik,896355,Value,26-35
C009543,Varenya Kalita,Male,67,Yes,No,Punjab,Chandigarh,313358,High Value,65+
C009544,Tamanna Arora,Male,32,No,Yes,Maharashtra,Mumbai,268503,Mass Market,26-35
C009545,Pavani Divan,Male,54,No,Yes,Delhi,New Delhi,44860,Mass Market,46-55
C009546,Maya Sheth,Male,39,No,No,Telangana,Hyderabad,16329,Mass Market,36-45
C009547,Hemang Chauhan,Male,62,Yes,No,Kerala,Thiruvananthapuram,4219,Premium,56-65
C009548,Janya Manne,Male,67,Yes,Yes,Gujarat,Surat,960733,Value,65+
C009549,Samesh Johal,Male,48,No,No,Telangana,Warangal,256614,Mass Market,46-55
C009550,Akshay Basak,Female,19,No,No,Gujarat,Vadodara,62140,Mass Market,18-25
C009551,Mitali Krish,Male,62,Yes,Yes,Delhi,New Delhi,499889,Value,56-65
C009552,Yashoda Dhingra,Female,48,No,No,Uttar Pradesh,Agra,421711,High Value,46-55
C009553,Zayyan Dewan,Female,31,No,No,Punjab,Amritsar,223128,Mass Market,26-35
C009554,Udant Garg,Female,27,No,No,Karnataka,Mangaluru,152776,Mass Market,26-35
C009555,Balveer Sodhi,Female,47,No,Yes,West Bengal,Kolkata,592532,Value,46-55
C009556,Fiyaz Garg,Female,53,No,Yes,Maharashtra,Nashik,254759,Mass Market,46-55
C009557,Victor Sane,Male,64,Yes,Yes,Rajasthan,Udaipur,762492,Value,56-65
C009558,Bina Palla,Male,57,No,Yes,Telangana,Warangal,187528,Value,56-65
C009559,Qarin Agate,Female,32,No,No,Punjab,Ludhiana,817026,Value,26-35
C009560,Kiaan Ahuja,Female,31,No,Yes,Kerala,Thiruvananthapuram,458522,High Value,26-35
C009561,Saumya Bajaj,Female,48,No,No,Tamil Nadu,Coimbatore,316720,Mass Market,46-55
C009562,Lakshit Singhal,Male,46,No,Yes,West Bengal,Kolkata,888461,Premium,46-55
C009563,Ekaraj Sarkar,Female,44,No,No,Karnataka,Bengaluru,862265,High Value,36-45
C009564,Vrishti Sani,Male,38,No,No,Uttar Pradesh,Lucknow,940669,Mass Market,36-45
C009565,Meghana Narain,Male,26,No,No,Uttar Pradesh,Lucknow,250556,Mass Market,26-35
C009566,Naksh Narang,Male,37,No,Yes,Rajasthan,Jaipur,975593,Premium,36-45
C009567,Garima Chand,Female,52,No,Yes,Maharashtra,Nashik,841962,Premium,46-55
C009568,Andrew Patla,Female,32,No,Yes,Kerala,Kochi,985155,Mass Market,26-35
C009569,Bachittar Varghese,Male,41,No,Yes,Kerala,Kochi,884697,Value,36-45
C009570,Chavvi Yogi,Female,66,Yes,Yes,Delhi,Delhi,384736,Value,65+
C009571,Kabir Dave,Male,33,No,Yes,Delhi,Delhi,927661,Mass Market,26-35
C009572,Oscar Johal,Male,53,No,No,Karnataka,Mangaluru,317615,Premium,46-55
C009573,Agastya Kadakia,Male,28,No,No,Delhi,New Delhi,504870,Value,26-35
C009574,Advaith Seth,Male,25,No,Yes,Maharashtra,Pune,284010,Premium,18-25
C009575,Kai Khosla,Male,20,No,No,Punjab,Ludhiana,764540,Value,18-25
C009576,Balvan Dube,Male,36,No,Yes,Tamil Nadu,Coimbatore,602018,Value,36-45
C009577,Aarnav Gupta,Female,63,Yes,No,Gujarat,Vadodara,328565,Value,56-65
C009578,Lucky Maharaj,Female,58,No,No,West Bengal,Howrah,905380,Mass Market,56-65
C009579,Tanmayi Narayanan,Male,20,No,No,Madhya Pradesh,Bhopal,346503,Premium,18-25
C009580,Ishwar Saran,Male,53,No,Yes,West Bengal,Kolkata,403070,Value,46-55
C009581,Ayushman Choudhury,Male,42,No,Yes,Delhi,New Delhi,88542,Premium,36-45
C009582,Meghana Kant,Male,53,No,Yes,West Bengal,Howrah,489837,Premium,46-55
C009583,Pahal Sandhu,Male,28,No,No,Delhi,New Delhi,389560,Value,26-35
C009584,Urishilla Mody,Male,68,Yes,No,Delhi,New Delhi,365477,Mass Market,65+
C009585,Yuvraj Jhaveri,Female,33,No,No,Kerala,Thiruvananthapuram,601108,High Value,26-35
C009586,Aachal Prakash,Female,34,No,No,Gujarat,Vadodara,399016,Mass Market,26-35
C009587,Zayyan Bhatt,Male,59,No,No,Gujarat,Ahmedabad,587514,High Value,56-65
C009588,Lopa Chaudhary,Male,41,No,No,Rajasthan,Jodhpur,2530,Value,36-45
C009589,Mahika Lalla,Male,34,No,No,Tamil Nadu,Madurai,958403,Mass Market,26-35
C009590,Aayush Balasubramanian,Female,65,Yes,Yes,Tamil Nadu,Madurai,499195,Premium,56-65
C009591,Bina Narula,Male,37,No,No,Madhya Pradesh,Bhopal,17749,Premium,36-45
C009592,Harish Narayan,Male,39,No,Yes,Maharashtra,Mumbai,35449,Premium,36-45
C009593,Vrishti Ray,Female,23,No,Yes,Telangana,Hyderabad,530581,Mass Market,18-25
C009594,Luke Sachar,Male,24,No,Yes,Maharashtra,Pune,551264,Premium,18-25
C009595,Zaitra Aggarwal,Male,31,No,No,Madhya Pradesh,Indore,89387,Value,26-35
C009596,Chakrika Char,Male,28,No,No,Tamil Nadu,Chennai,598680,Value,26-35
C009597,Jagrati Ahuja,Male,29,No,Yes,Rajasthan,Udaipur,664306,High Value,26-35
C009598,Andrew Reddy,Male,63,Yes,No,Maharashtra,Pune,387502,Value,56-65
C009599,Hardik Hayer,Male,22,No,No,Karnataka,Bengaluru,873621,Mass Market,18-25
C009600,Forum Gaba,Male,22,No,No,Maharashtra,Nashik,817745,Value,18-25
C009601,Kashish Dutta,Male,37,No,No,Gujarat,Surat,848911,Value,36-45
C009602,Nicholas Deol,Female,32,No,No,Madhya Pradesh,Indore,617347,Premium,26-35
C009603,Ekta Thakur,Male,43,No,No,Maharashtra,Mumbai,221991,Mass Market,36-45
C009604,Tamanna Saxena,Male,50,No,Yes,Madhya Pradesh,Indore,315097,Premium,46-55
C009605,Wahab Palla,Female,47,No,Yes,Kerala,Kochi,710202,Premium,46-55
C009606,Dakshesh Mohan,Female,41,No,No,Karnataka,Mangaluru,492509,Mass Market,36-45
C009607,Nidhi Ghosh,Female,40,No,Yes,Tamil Nadu,Chennai,183038,Mass Market,36-45
C009608,Rushil Patla,Male,26,No,Yes,Tamil Nadu,Chennai,289818,Value,26-35
C009609,Hredhaan Chahal,Male,20,No,No,Delhi,Delhi,284007,Premium,18-25
C009610,Forum Dutt,Female,53,No,Yes,Karnataka,Bengaluru,693132,Value,46-55
C009611,Ekaja Toor,Female,65,Yes,Yes,Uttar Pradesh,Lucknow,191002,Premium,56-65
C009612,Pratyush Sheth,Male,24,No,No,Maharashtra,Mumbai,591633,Value,18-25
C009613,Peter Ratti,Female,39,No,No,Maharashtra,Nagpur,534210,Value,36-45
C009614,Timothy Butala,Male,31,No,No,Kerala,Thiruvananthapuram,589119,Mass Market,26-35
C009615,Anya Wali,Female,65,Yes,No,Delhi,New Delhi,103052,Mass Market,56-65
C009616,Wazir Bahri,Female,46,No,No,Rajasthan,Jodhpur,34418,Premium,46-55
C009617,Jagrati Walla,Female,67,Yes,No,Gujarat,Vadodara,404380,Premium,65+
C009618,Urishilla Dalal,Female,33,No,Yes,Telangana,Hyderabad,554055,Value,26-35
C009619,Ekansh More,Female,65,Yes,Yes,West Bengal,Kolkata,864452,Value,56-65
C009620,Pranav Kannan,Male,51,No,No,Gujarat,Surat,465072,Value,46-55
C009621,Falguni Merchant,Male,27,No,No,Uttar Pradesh,Lucknow,134191,Mass Market,26-35
C009622,Pratyush Bath,Male,24,No,No,Gujarat,Vadodara,288448,Value,18-25
C009623,Ira Ray,Male,42,No,No,Delhi,Delhi,575314,Value,36-45
C009624,Ekani Saxena,Female,44,No,Yes,Karnataka,Mangaluru,810262,Value,36-45
C009625,Gaurang Chhabra,Male,32,No,No,Uttar Pradesh,Agra,332961,Value,26-35
C009626,Saumya Kapoor,Male,49,No,No,West Bengal,Kolkata,2079,Premium,46-55
C009627,Dalaja Narula,Female,45,No,No,Gujarat,Vadodara,647395,Mass Market,36-45
C009628,Nisha Dhar,Female,26,No,No,Tamil Nadu,Coimbatore,81744,Mass Market,26-35
C009629,Zashil Nair,Male,24,No,No,Karnataka,Mangaluru,170723,Mass Market,18-25
C009630,Gagan Ramachandran,Male,33,No,No,Telangana,Warangal,894666,Premium,26-35
C009631,Ishanvi Wali,Male,43,No,No,Maharashtra,Nagpur,981997,Value,36-45
C009632,Balvan Chopra,Female,52,No,Yes,Tamil Nadu,Madurai,584341,Mass Market,46-55
C009633,Oliver Golla,Male,34,No,Yes,West Bengal,Kolkata,650360,High Value,26-35
C009634,Samesh Jaggi,Female,40,No,Yes,Delhi,New Delhi,919305,Value,36-45
C009635,Keya Bhat,Male,25,No,Yes,Punjab,Amritsar,271981,Mass Market,18-25
C009636,Yoshita Hayre,Male,19,No,No,Kerala,Kochi,984465,Value,18-25
C009637,Tara Sant,Female,48,No,No,Rajasthan,Jaipur,488265,Premium,46-55
C009638,Kalpit Tripathi,Male,69,Yes,No,Kerala,Kochi,343040,Value,65+
C009639,Abhimanyu Tandon,Male,49,No,No,Madhya Pradesh,Indore,325295,Value,46-55
C009640,Madhavi Cherian,Male,46,No,No,Gujarat,Ahmedabad,910352,Mass Market,46-55
C009641,Yatin Srinivas,Male,20,No,Yes,Madhya Pradesh,Bhopal,154479,Mass Market,18-25
C009642,Unnati Cheema,Male,25,No,No,Karnataka,Bengaluru,818501,Mass Market,18-25
C009643,Meera Bava,Male,19,No,No,Delhi,New Delhi,83892,Mass Market,18-25
C009644,Siddharth Verma,Male,48,No,No,Rajasthan,Udaipur,163470,Value,46-55
C009645,Zilmil Pandit,Male,68,Yes,No,Telangana,Hyderabad,654183,Value,65+
C009646,Yochana Pau,Female,66,Yes,Yes,West Bengal,Howrah,293631,Value,65+
C009647,Yauvani Cheema,Female,54,No,No,West Bengal,Howrah,619730,Value,46-55
C009648,Wahab Sibal,Male,37,No,No,Madhya Pradesh,Indore,411109,Mass Market,36-45
C009649,Xavier Behl,Female,46,No,No,Uttar Pradesh,Agra,989905,Mass Market,46-55
C009650,Aayush Singhal,Male,34,No,No,Madhya Pradesh,Indore,798586,Mass Market,26-35
C009651,Watika Mane,Male,27,No,No,Rajasthan,Udaipur,907961,Mass Market,26-35
C009652,Aradhana Munshi,Male,58,No,Yes,Kerala,Thiruvananthapuram,42116,Premium,56-65
C009653,Zayyan Mukherjee,Male,39,No,Yes,Rajasthan,Jodhpur,340166,Premium,36-45
C009654,Imaran Bassi,Male,23,No,Yes,West Bengal,Howrah,313933,Premium,18-25
C009655,Neha Garde,Male,60,Yes,Yes,Madhya Pradesh,Indore,361798,Value,56-65
C009656,Krishna Rajan,Female,51,No,No,Tamil Nadu,Coimbatore,489983,Mass Market,46-55
C009657,Bhavani Kata,Female,48,No,Yes,Uttar Pradesh,Agra,874485,Premium,46-55
C009658,Siya Pant,Male,29,No,No,Kerala,Kochi,124175,Value,26-35
C009659,Mahika Balasubramanian,Female,29,No,No,Punjab,Ludhiana,648970,Mass Market,26-35
C009660,Zaid Om,Female,33,No,Yes,West Bengal,Howrah,640014,High Value,26-35
C009661,Zaitra Narayan,Female,42,No,No,Kerala,Kochi,337094,Mass Market,36-45
C009662,Turvi Sanghvi,Male,39,No,No,Punjab,Amritsar,262163,Value,36-45
C009663,Yashawini Murthy,Male,44,No,No,Karnataka,Bengaluru,577615,Value,36-45
C009664,Yashica Kapoor,Male,41,No,No,Kerala,Kochi,435513,Premium,36-45
C009665,Forum Saha,Male,29,No,Yes,Gujarat,Vadodara,493016,High Value,26-35
C009666,Kritika Sood,Female,70,Yes,No,Karnataka,Mangaluru,529672,High Value,65+
C009667,Tejas Mohan,Male,35,No,No,Gujarat,Surat,347014,Value,26-35
C009668,Vrinda Kade,Male,62,Yes,No,Rajasthan,Udaipur,791026,Value,56-65
C009669,Saanvi Chaudhari,Female,64,Yes,No,Uttar Pradesh,Noida,428906,Mass Market,56-65
C009670,Udyati Rama,Female,33,No,Yes,Delhi,Delhi,904636,Value,26-35
C009671,Reyansh Mutti,Male,21,No,Yes,Gujarat,Vadodara,304497,Premium,18-25
C009672,Aarnav Swamy,Female,29,No,No,Karnataka,Mangaluru,977157,Value,26-35
C009673,Lipika Dugar,Male,66,Yes,No,West Bengal,Kolkata,67001,Mass Market,65+
C009674,Rayaan Hora,Male,50,No,No,Punjab,Ludhiana,800243,Mass Market,46-55
C009675,Barkha Arya,Male,39,No,Yes,Telangana,Hyderabad,810098,Value,36-45
C009676,Ranbir Rege,Female,35,No,Yes,Tamil Nadu,Coimbatore,533436,Mass Market,26-35
C009677,Kalpit Nath,Female,65,Yes,Yes,Madhya Pradesh,Bhopal,947028,Mass Market,56-65
C009678,Rachit Kapur,Male,50,No,Yes,Gujarat,Surat,623659,Mass Market,46-55
C009679,Lakshit Ramaswamy,Male,44,No,No,Punjab,Chandigarh,679971,Mass Market,36-45
C009680,Rohan Dutt,Male,59,No,No,Rajasthan,Udaipur,685749,Mass Market,56-65
C009681,Wazir Murthy,Male,36,No,Yes,Delhi,New Delhi,528825,Premium,36-45
C009682,Jagat Mane,Male,65,Yes,Yes,Telangana,Hyderabad,833678,Value,56-65
C009683,Nachiket Lala,Male,31,No,Yes,Punjab,Ludhiana,922735,Value,26-35
C009684,Raghav Dey,Female,42,No,No,Telangana,Hyderabad,879772,Value,36-45
C009685,Yatan Loyal,Female,51,No,No,Gujarat,Vadodara,256937,Mass Market,46-55
C009686,Vidhi Borde,Male,41,No,No,Telangana,Hyderabad,686398,Premium,36-45
C009687,Panini Narayan,Male,55,No,No,Punjab,Amritsar,55372,High Value,46-55
C009688,Xavier Parikh,Male,40,No,Yes,Tamil Nadu,Madurai,839313,Mass Market,36-45
C009689,Jhalak Padmanabhan,Male,22,No,Yes,Tamil Nadu,Coimbatore,36073,Mass Market,18-25
C009690,Benjamin Dixit,Female,61,Yes,No,Rajasthan,Jaipur,715061,Value,56-65
C009691,Banjeet Roy,Female,53,No,No,Telangana,Warangal,806490,Mass Market,46-55
C009692,Upma Krishnamurthy,Male,41,No,No,Kerala,Kochi,288073,High Value,36-45
C009693,Robert Sahota,Male,53,No,No,Gujarat,Surat,830404,Value,46-55
C009694,Alka Patel,Female,22,No,No,West Bengal,Howrah,941612,Mass Market,18-25
C009695,Upma Ramanathan,Male,56,No,Yes,Rajasthan,Jodhpur,652893,Value,56-65
C009696,Nathaniel Chokshi,Female,23,No,No,Uttar Pradesh,Noida,357574,Value,18-25
C009697,Girik Divan,Male,62,Yes,No,Madhya Pradesh,Indore,582574,Mass Market,56-65
C009698,Akshay Sahota,Female,53,No,No,Rajasthan,Jodhpur,377204,Premium,46-55
C009699,Ayushman Sarma,Male,62,Yes,No,Telangana,Hyderabad,934530,Mass Market,56-65
C009700,Harshil Dube,Female,21,No,No,Telangana,Hyderabad,951946,High Value,18-25
C009701,Mason Khalsa,Female,27,No,Yes,Madhya Pradesh,Bhopal,871395,Mass Market,26-35
C009702,Janya Raju,Male,69,Yes,No,Punjab,Chandigarh,385433,Premium,65+
C009703,Bhanumati Saini,Female,18,No,Yes,Tamil Nadu,Coimbatore,658193,Mass Market,18-25
C009704,Yuvraj Agrawal,Female,38,No,Yes,Karnataka,Bengaluru,96672,Value,36-45
C009705,Kamala Pingle,Male,57,No,Yes,Delhi,New Delhi,625685,Value,56-65
C009706,Harini Natarajan,Male,56,No,Yes,Delhi,New Delhi,884347,Mass Market,56-65
C009707,Jonathan Reddy,Male,54,No,Yes,Uttar Pradesh,Kanpur,850808,Value,46-55
C009708,Gaurangi Sangha,Male,20,No,Yes,Rajasthan,Udaipur,105726,Mass Market,18-25
C009709,Xalak Tara,Male,64,Yes,No,Gujarat,Surat,284615,Value,56-65
C009710,Devika Kalita,Female,48,No,Yes,Uttar Pradesh,Lucknow,543910,Value,46-55
C009711,Laksh Sura,Male,44,No,No,Tamil Nadu,Madurai,106568,Premium,36-45
C009712,Rehaan Bhatia,Female,34,No,Yes,Kerala,Thiruvananthapuram,738226,Mass Market,26-35
C009713,Nirja Banik,Male,40,No,No,Madhya Pradesh,Bhopal,599933,Mass Market,36-45
C009714,Zinal Gokhale,Male,30,No,Yes,Maharashtra,Nagpur,299315,Value,26-35
C009715,Mugdha Purohit,Male,64,Yes,Yes,Rajasthan,Udaipur,300516,Premium,56-65
C009716,Panini Badal,Male,44,No,Yes,Karnataka,Bengaluru,523431,Premium,36-45
C009717,Qarin Doctor,Male,68,Yes,No,Uttar Pradesh,Lucknow,657499,Value,65+
C009718,Sachi Prasad,Male,37,No,No,Punjab,Chandigarh,648462,Premium,36-45
C009719,Arin Rattan,Male,63,Yes,Yes,Maharashtra,Nagpur,314356,Premium,56-65
C009720,Tanvi Barad,Female,70,Yes,Yes,Karnataka,Mysuru,341146,Mass Market,65+
C009721,Turvi Bajwa,Female,30,No,Yes,Maharashtra,Pune,595412,Mass Market,26-35
C009722,Harini Chokshi,Male,61,Yes,Yes,Maharashtra,Nagpur,949305,Mass Market,56-65
C009723,Balvan Bhalla,Female,41,No,No,Gujarat,Vadodara,340094,Mass Market,36-45
C009724,Sathvik Krishnan,Female,58,No,No,Telangana,Warangal,748041,Value,56-65
C009725,Bachittar Shankar,Male,20,No,No,Madhya Pradesh,Bhopal,457533,Value,18-25
C009726,Vamakshi Gade,Female,60,Yes,Yes,Telangana,Hyderabad,157460,Value,56-65
C009727,Lavanya Gopal,Female,27,No,No,Tamil Nadu,Coimbatore,780831,Mass Market,26-35
C009728,Rishi Khanna,Male,18,No,Yes,Karnataka,Bengaluru,465307,Premium,18-25
C009729,Elijah Dugar,Male,66,Yes,Yes,Kerala,Kochi,299552,Value,65+
C009730,Manan Chowdhury,Male,30,No,No,Delhi,New Delhi,572314,Value,26-35
C009731,Geetika Kapur,Male,31,No,Yes,Madhya Pradesh,Indore,555968,High Value,26-35
C009732,Varsha Chada,Female,50,No,No,Rajasthan,Jodhpur,138928,Mass Market,46-55
C009733,Oscar Sahni,Male,19,No,No,Punjab,Amritsar,569990,Mass Market,18-25
C009734,Christopher Dass,Female,19,No,Yes,West Bengal,Howrah,692028,Value,18-25
C009735,Yasti Kaul,Female,56,No,No,Madhya Pradesh,Indore,528767,Premium,56-65
C009736,Sai Mammen,Female,58,No,Yes,Telangana,Warangal,667315,Mass Market,56-65
C009737,Sudiksha Bhagat,Female,48,No,Yes,Delhi,New Delhi,171479,Premium,46-55
C009738,Bhavika Naik,Male,21,No,No,Kerala,Thiruvananthapuram,851990,High Value,18-25
C009739,Sai Ganesan,Male,51,No,No,Uttar Pradesh,Agra,651520,Value,46-55
C009740,David Ratta,Female,36,No,Yes,Rajasthan,Jaipur,508368,Mass Market,36-45
C009741,Matthew Dutt,Male,54,No,No,Telangana,Warangal,67844,Value,46-55
C009742,Fariq Ganesh,Male,26,No,No,Punjab,Ludhiana,411358,Mass Market,26-35
C009743,Chatresh Manne,Female,41,No,Yes,Tamil Nadu,Coimbatore,700698,Mass Market,36-45
C009744,Ojasvi Saini,Female,30,No,No,Madhya Pradesh,Bhopal,192902,Premium,26-35
C009745,Yahvi Naik,Male,61,Yes,No,Gujarat,Surat,507624,Value,56-65
C009746,Anika Swaminathan,Female,47,No,No,Telangana,Warangal,449981,Mass Market,46-55
C009747,Agastya Saha,Female,36,No,Yes,Delhi,New Delhi,951774,Mass Market,36-45
C009748,Pooja Lanka,Male,58,No,No,Tamil Nadu,Coimbatore,402197,Value,56-65
C009749,Nachiket Kurian,Male,27,No,Yes,Punjab,Amritsar,206348,Value,26-35
C009750,Peter Pathak,Female,68,Yes,No,Maharashtra,Mumbai,234863,Value,65+
C009751,Teerth Sethi,Male,59,No,No,West Bengal,Howrah,152138,Premium,56-65
C009752,Zashil Singh,Male,61,Yes,Yes,Uttar Pradesh,Agra,741714,Value,56-65
C009753,Advika Atwal,Male,31,No,Yes,Karnataka,Mysuru,859071,High Value,26-35
C009754,Aarush Mahajan,Female,57,No,No,Gujarat,Ahmedabad,845684,High Value,56-65
C009755,Eesha Srinivas,Male,65,Yes,No,Uttar Pradesh,Lucknow,861624,Mass Market,56-65
C009756,Tara Bera,Male,66,Yes,Yes,Punjab,Chandigarh,388933,Mass Market,65+
C009757,Gabriel Dhar,Male,37,No,No,Telangana,Hyderabad,449818,Mass Market,36-45
C009758,Michael Mohan,Female,21,No,No,Gujarat,Ahmedabad,812386,Mass Market,18-25
C009759,Mohini Vig,Male,55,No,Yes,Karnataka,Bengaluru,397960,Mass Market,46-55
C009760,Laban Vala,Female,61,Yes,Yes,Uttar Pradesh,Lucknow,860780,Value,56-65
C009761,Nandini Bobal,Female,67,Yes,No,West Bengal,Kolkata,990332,Mass Market,65+
C009762,Aarini Dar,Male,56,No,No,West Bengal,Howrah,312517,Mass Market,56-65
C009763,Avi Agarwal,Female,22,No,Yes,Telangana,Warangal,698367,Mass Market,18-25
C009764,Rohan Tailor,Female,59,No,Yes,Gujarat,Ahmedabad,390885,Mass Market,56-65
C009765,Zaitra Samra,Female,49,No,No,Punjab,Ludhiana,854240,Value,46-55
C009766,Gaurika Ram,Male,23,No,Yes,Punjab,Amritsar,282731,Mass Market,18-25
C009767,Yutika Anne,Female,31,No,No,Rajasthan,Udaipur,421258,High Value,26-35
C009768,Falan Ratti,Female,23,No,No,Gujarat,Vadodara,65702,Mass Market,18-25
C009769,Dalaja Sodhi,Female,31,No,Yes,Gujarat,Ahmedabad,452098,High Value,26-35
C009770,Devansh Dhawan,Male,29,No,No,Telangana,Warangal,481854,Mass Market,26-35
C009771,Rayaan Dasgupta,Female,44,No,No,Rajasthan,Jodhpur,500985,Value,36-45
C009772,Adweta Deol,Male,43,No,No,Madhya Pradesh,Indore,685052,Mass Market,36-45
C009773,Wazir Prakash,Male,29,No,Yes,Rajasthan,Jodhpur,541073,Premium,26-35
C009774,Fiyaz Rastogi,Male,25,No,No,Uttar Pradesh,Lucknow,208822,Mass Market,18-25
C009775,Frado Chada,Female,27,No,Yes,Gujarat,Vadodara,746544,High Value,26-35
C009776,Anmol Vig,Male,33,No,Yes,Delhi,New Delhi,634468,Mass Market,26-35
C009777,Aarnav Dani,Male,69,Yes,No,Telangana,Hyderabad,234070,Mass Market,65+
C009778,Aarav Varkey,Female,43,No,Yes,Telangana,Warangal,672601,Value,36-45
C009779,Vedika Chauhan,Male,25,No,No,Rajasthan,Udaipur,381459,Premium,18-25
C009780,Onkar Baral,Female,58,No,Yes,Tamil Nadu,Madurai,970782,High Value,56-65
C009781,Unni Chauhan,Male,62,Yes,No,Telangana,Warangal,814944,Value,56-65
C009782,Urishilla Mangal,Male,46,No,No,Rajasthan,Jaipur,116496,Premium,46-55
C009783,Bhavani Kara,Female,37,No,Yes,Karnataka,Mangaluru,948970,Premium,36-45
C009784,Panini Pradhan,Female,34,No,No,Delhi,New Delhi,496545,Value,26-35
C009785,Ladli Sethi,Male,36,No,No,Telangana,Warangal,8073,Value,36-45
C009786,Chaaya Sachar,Female,34,No,Yes,Punjab,Chandigarh,15348,Mass Market,26-35
C009787,Chatresh Narang,Male,56,No,No,Maharashtra,Pune,298148,Value,56-65
C009788,Gavin Banerjee,Male,18,No,Yes,Maharashtra,Pune,839090,Premium,18-25
C009789,Charan Singh,Male,69,Yes,Yes,Tamil Nadu,Chennai,717029,Value,65+
C009790,Hitesh Taneja,Male,46,No,No,Punjab,Ludhiana,280133,Premium,46-55
C009791,Ayaan Goda,Male,31,No,Yes,Maharashtra,Pune,780911,Premium,26-35
C009792,Kashish Bava,Male,34,No,Yes,Telangana,Warangal,488377,Premium,26-35
C009793,Ijaya Mani,Male,30,No,No,Rajasthan,Jaipur,567194,Mass Market,26-35
C009794,Nihal Karpe,Male,46,No,No,Rajasthan,Jodhpur,568210,Mass Market,46-55
C009795,Bachittar Bumb,Male,51,No,No,Delhi,Delhi,908840,Mass Market,46-55
C009796,Orinder Singhal,Female,44,No,No,Karnataka,Mysuru,875359,High Value,36-45
C009797,Urvashi Luthra,Female,63,Yes,No,Karnataka,Bengaluru,623546,Mass Market,56-65
C009798,Gauri Karpe,Female,50,No,No,Maharashtra,Nagpur,953837,Mass Market,46-55
C009799,Ekanta Seth,Male,46,No,No,Punjab,Chandigarh,929574,Mass Market,46-55
C009800,Aachal Ganesh,Female,54,No,No,Karnataka,Mysuru,579376,Mass Market,46-55
C009801,Matthew Rajagopal,Female,56,No,Yes,Rajasthan,Udaipur,288552,Mass Market,56-65
C009802,Noah Bhalla,Male,36,No,No,Gujarat,Ahmedabad,24614,Mass Market,36-45
C009803,Fiyaz Ravel,Male,63,Yes,No,Tamil Nadu,Madurai,225804,Mass Market,56-65
C009804,Isaiah Palla,Female,41,No,No,Madhya Pradesh,Indore,951105,High Value,36-45
C009805,Ridhi Manne,Female,31,No,No,Kerala,Thiruvananthapuram,967287,Value,26-35
C009806,Jeevika Chander,Female,64,Yes,Yes,Uttar Pradesh,Kanpur,185678,Premium,56-65
C009807,William Shanker,Female,54,No,Yes,West Bengal,Howrah,321623,Value,46-55
C009808,Sachi Sampath,Female,22,No,No,Gujarat,Surat,657244,Premium,18-25
C009809,Sara Raghavan,Female,70,Yes,No,Tamil Nadu,Coimbatore,380774,High Value,65+
C009810,Krisha Agrawal,Male,41,No,No,Tamil Nadu,Chennai,214950,High Value,36-45
C009811,Hemal Taneja,Male,51,No,Yes,Madhya Pradesh,Indore,794764,Mass Market,46-55
C009812,Tanvi Mitra,Female,67,Yes,No,Uttar Pradesh,Agra,150795,Premium,65+
C009813,Janani Verma,Male,48,No,No,Madhya Pradesh,Indore,326625,Mass Market,46-55
C009814,Mahika Varty,Female,47,No,Yes,Gujarat,Surat,871694,Mass Market,46-55
C009815,Anvi Mahajan,Female,26,No,No,Kerala,Kochi,424987,Mass Market,26-35
C009816,Yutika Bhardwaj,Female,44,No,No,Punjab,Ludhiana,357846,Value,36-45
C009817,Geetika Thakur,Female,45,No,Yes,Telangana,Warangal,138451,Value,36-45
C009818,Onveer Mander,Male,59,No,No,Telangana,Hyderabad,29990,Mass Market,56-65
C009819,Ishani Sawhney,Male,43,No,No,Kerala,Thiruvananthapuram,37209,Premium,36-45
C009820,Alka Narayanan,Male,35,No,Yes,Telangana,Hyderabad,625057,Value,26-35
C009821,Rajeshri Kadakia,Female,53,No,No,Punjab,Amritsar,214974,Mass Market,46-55
C009822,Aarna Prakash,Female,25,No,Yes,Gujarat,Surat,106646,Value,18-25
C009823,Edhitha Dhillon,Female,35,No,Yes,Maharashtra,Nagpur,637607,Value,26-35
C009824,Ikbal Chatterjee,Male,37,No,No,Uttar Pradesh,Kanpur,69420,Mass Market,36-45
C009825,Gautam Bhandari,Male,49,No,No,Delhi,Delhi,225885,Mass Market,46-55
C009826,Ekavir Warrior,Female,46,No,No,Delhi,New Delhi,384164,High Value,46-55
C009827,Nirja Samra,Male,66,Yes,Yes,Tamil Nadu,Chennai,984740,Premium,65+
C009828,Tristan Gandhi,Male,65,Yes,No,Kerala,Thiruvananthapuram,807681,Mass Market,56-65
C009829,Xavier Parikh,Female,35,No,Yes,Kerala,Kochi,10356,Value,26-35
C009830,Jacob Tella,Female,24,No,No,Punjab,Ludhiana,494923,Mass Market,18-25
C009831,Charles Setty,Male,18,No,No,Telangana,Warangal,116774,Value,18-25
C009832,Anvi Wali,Female,45,No,No,Karnataka,Bengaluru,731334,Value,36-45
C009833,Balveer Dugal,Male,50,No,Yes,Tamil Nadu,Chennai,170272,Mass Market,46-55
C009834,Omya Lanka,Female,67,Yes,No,West Bengal,Howrah,559732,Mass Market,65+
C009835,Hiral Tandon,Male,21,No,No,Madhya Pradesh,Bhopal,871775,Mass Market,18-25
C009836,Abhiram Natt,Male,37,No,No,Delhi,New Delhi,248399,Value,36-45
C009837,Chaman Gade,Female,70,Yes,Yes,Gujarat,Ahmedabad,206155,High Value,65+
C009838,Harsh Dhaliwal,Male,69,Yes,No,Telangana,Hyderabad,837752,High Value,65+
C009839,Baghyawati Singhal,Female,53,No,No,Delhi,Delhi,356551,High Value,46-55
C009840,Ati Sekhon,Female,48,No,No,Maharashtra,Mumbai,192754,High Value,46-55
C009841,Libni Ahluwalia,Female,55,No,Yes,Rajasthan,Jodhpur,67585,Mass Market,46-55
C009842,Owen Kota,Female,45,No,No,Tamil Nadu,Chennai,462580,Premium,36-45
C009843,Hemang Subramaniam,Male,20,No,Yes,Madhya Pradesh,Indore,191116,Mass Market,18-25
C009844,Urvi Gole,Female,23,No,Yes,Delhi,Delhi,281259,Premium,18-25
C009845,Adweta Sani,Male,62,Yes,No,Rajasthan,Jaipur,425043,Premium,56-65
C009846,Tara Goswami,Male,40,No,No,Karnataka,Mysuru,426204,Value,36-45
C009847,Gayathri Wason,Female,24,No,No,West Bengal,Howrah,148908,Value,18-25
C009848,Anika Padmanabhan,Male,53,No,No,Delhi,Delhi,494795,Mass Market,46-55
C009849,Pratyush Sampath,Female,18,No,No,West Bengal,Howrah,433066,Mass Market,18-25
C009850,Priya Thakur,Male,23,No,No,Telangana,Warangal,604523,High Value,18-25
C009851,Triya Singhal,Female,41,No,No,Madhya Pradesh,Bhopal,923822,Premium,36-45
C009852,Chaaya Mallick,Female,54,No,No,Maharashtra,Pune,502580,Mass Market,46-55
C009853,Yochana Kuruvilla,Male,62,Yes,No,Tamil Nadu,Madurai,894683,Mass Market,56-65
C009854,Chaitaly Biswas,Female,68,Yes,No,Kerala,Thiruvananthapuram,537894,Mass Market,65+
C009855,Arunima Agrawal,Female,53,No,Yes,Kerala,Kochi,986681,High Value,46-55
C009856,Laban Kala,Male,41,No,No,Telangana,Warangal,486466,High Value,36-45
C009857,Aarush Narasimhan,Male,55,No,Yes,Rajasthan,Udaipur,935238,Value,46-55
C009858,Qabil Setty,Female,62,Yes,Yes,Maharashtra,Nashik,712122,Value,56-65
C009859,Devansh Joshi,Male,46,No,Yes,Delhi,New Delhi,11923,Premium,46-55
C009860,Krisha Krish,Male,54,No,Yes,Tamil Nadu,Chennai,737393,Mass Market,46-55
C009861,Indrajit Dua,Female,62,Yes,No,Madhya Pradesh,Bhopal,501922,High Value,56-65
C009862,Bhavini Menon,Male,49,No,No,Madhya Pradesh,Bhopal,196703,Value,46-55
C009863,Xavier Sami,Female,42,No,No,Kerala,Kochi,53718,Mass Market,36-45
C009864,Niharika Dani,Female,27,No,Yes,Delhi,Delhi,982053,Mass Market,26-35
C009865,Jagvi Rout,Female,52,No,No,Punjab,Amritsar,775312,Value,46-55
C009866,Laban Deo,Male,42,No,No,Maharashtra,Pune,794331,Mass Market,36-45
C009867,David Shroff,Male,44,No,No,Gujarat,Ahmedabad,216644,Value,36-45
C009868,Omya Nayak,Male,62,Yes,No,Kerala,Kochi,507421,Premium,56-65
C009869,Zarna Balan,Female,49,No,Yes,Kerala,Thiruvananthapuram,878300,Premium,46-55
C009870,Vincent Chaudry,Male,29,No,No,Madhya Pradesh,Indore,752575,Value,26-35
C009871,Bakhshi Deep,Male,21,No,Yes,Telangana,Hyderabad,649289,Value,18-25
C009872,Shivani Mistry,Male,59,No,No,Tamil Nadu,Coimbatore,681063,Mass Market,56-65
C009873,Yuvraj Bera,Male,43,No,No,Karnataka,Mysuru,72182,Value,36-45
C009874,Ria Goda,Male,20,No,No,Madhya Pradesh,Bhopal,535382,Mass Market,18-25
C009875,Ekansh Yadav,Female,34,No,No,Gujarat,Ahmedabad,810886,High Value,26-35
C009876,Neel Mane,Male,26,No,No,Telangana,Hyderabad,294321,High Value,26-35
C009877,Tanmayi Pandey,Male,46,No,Yes,Gujarat,Vadodara,749354,Mass Market,46-55
C009878,Raghav Bhatnagar,Male,18,No,No,Tamil Nadu,Chennai,109758,Premium,18-25
C009879,Kalpit Bose,Female,35,No,No,Punjab,Ludhiana,769879,Premium,26-35
C009880,Akshay Swamy,Female,58,No,Yes,Delhi,Delhi,87099,High Value,56-65
C009881,Vinaya Zacharia,Male,70,Yes,Yes,Telangana,Hyderabad,542762,Value,65+
C009882,Megha Saha,Female,37,No,Yes,Delhi,Delhi,177077,Premium,36-45
C009883,Eiravati Misra,Male,58,No,No,Tamil Nadu,Coimbatore,309669,Value,56-65
C009884,Yashvi Narula,Female,51,No,No,Karnataka,Mangaluru,162031,Mass Market,46-55
C009885,Krisha Kata,Male,68,Yes,Yes,Gujarat,Surat,915731,Mass Market,65+
C009886,Rachita Nanda,Female,45,No,No,Punjab,Amritsar,305961,Mass Market,36-45
C009887,Fariq Virk,Female,65,Yes,No,Tamil Nadu,Madurai,50503,Mass Market,56-65
C009888,Noah Vig,Female,52,No,Yes,Delhi,New Delhi,183860,Mass Market,46-55
C009889,Hamsini Dewan,Male,33,No,No,Madhya Pradesh,Bhopal,8198,Premium,26-35
C009890,Onveer Virk,Male,38,No,No,Punjab,Ludhiana,228328,Premium,36-45
C009891,Rachita Barman,Female,30,No,No,Rajasthan,Udaipur,65564,High Value,26-35
C009892,Anjali Ramakrishnan,Male,52,No,Yes,Gujarat,Vadodara,458197,Mass Market,46-55
C009893,Parth Yadav,Female,59,No,Yes,Uttar Pradesh,Agra,396124,High Value,56-65
C009894,Bhavini Sen,Female,49,No,Yes,Karnataka,Bengaluru,226167,Value,46-55
C009895,Falguni Dube,Female,67,Yes,Yes,Punjab,Chandigarh,366053,Value,65+
C009896,Xavier Buch,Male,55,No,No,Telangana,Hyderabad,452490,Value,46-55
C009897,Oliver Zachariah,Female,23,No,Yes,Punjab,Chandigarh,413237,Premium,18-25
C009898,Gavin Ganesh,Female,67,Yes,No,Rajasthan,Jaipur,535795,Mass Market,65+
C009899,Nathaniel Badal,Female,55,No,Yes,West Bengal,Kolkata,945592,Premium,46-55
C009900,Rachana Raj,Male,55,No,No,Rajasthan,Jodhpur,515473,Premium,46-55
C009901,Chaaya Date,Male,30,No,No,Uttar Pradesh,Lucknow,531933,High Value,26-35
C009902,Vasana Ramachandran,Male,63,Yes,No,Rajasthan,Udaipur,652035,High Value,56-65
C009903,Prisha Nigam,Male,70,Yes,Yes,Rajasthan,Jaipur,612805,Value,65+
C009904,Urishilla Dhawan,Female,56,No,No,Gujarat,Ahmedabad,391322,Premium,56-65
C009905,Kritika Balakrishnan,Female,30,No,Yes,Punjab,Amritsar,560010,High Value,26-35
C009906,Mason Ahuja,Male,64,Yes,Yes,Delhi,Delhi,454783,High Value,56-65
C009907,Saumya Kara,Female,29,No,No,Kerala,Thiruvananthapuram,437482,Premium,26-35
C009908,Raksha Buch,Male,70,Yes,No,West Bengal,Kolkata,232986,Premium,65+
C009909,Niharika Gopal,Male,50,No,No,Telangana,Warangal,889186,Mass Market,46-55
C009910,Tristan Lata,Male,45,No,No,Karnataka,Mysuru,591247,Premium,36-45
C009911,Jyoti Srinivasan,Male,20,No,No,Telangana,Warangal,431240,Mass Market,18-25
C009912,Hema Sandal,Female,35,No,No,Telangana,Warangal,140991,Value,26-35
C009913,Reyansh Dayal,Male,43,No,No,Karnataka,Mysuru,921417,Value,36-45
C009914,Xalak Bansal,Female,57,No,No,Uttar Pradesh,Lucknow,19154,Mass Market,56-65
C009915,Aachal Narayanan,Male,19,No,No,Karnataka,Mysuru,224806,Mass Market,18-25
C009916,Harinakshi Wali,Female,21,No,Yes,Delhi,New Delhi,204886,Premium,18-25
C009917,Upma Kamdar,Male,67,Yes,Yes,Maharashtra,Pune,320026,Premium,65+
C009918,Jeremiah Shere,Male,45,No,No,Punjab,Amritsar,970073,Value,36-45
C009919,Jonathan Garde,Male,45,No,Yes,Maharashtra,Pune,953810,Value,36-45
C009920,Sara Bajaj,Male,42,No,Yes,Tamil Nadu,Chennai,361150,High Value,36-45
C009921,Nihal Kumar,Male,43,No,No,Kerala,Thiruvananthapuram,475661,Mass Market,36-45
C009922,Michael Narula,Female,62,Yes,No,Kerala,Kochi,961107,Value,56-65
C009923,Geetika Mannan,Female,64,Yes,No,Tamil Nadu,Coimbatore,473403,Value,56-65
C009924,Udant Sengupta,Female,19,No,Yes,Kerala,Kochi,184061,High Value,18-25
C009925,Balvan Memon,Male,59,No,Yes,Uttar Pradesh,Agra,854600,Mass Market,56-65
C009926,Hemang Sagar,Male,51,No,Yes,Telangana,Hyderabad,184650,High Value,46-55
C009927,Ekapad Parsa,Male,47,No,No,Tamil Nadu,Coimbatore,207726,Mass Market,46-55
C009928,Bhavika Ratta,Female,38,No,No,Gujarat,Vadodara,568493,Mass Market,36-45
C009929,Viraj Wable,Female,61,Yes,No,Madhya Pradesh,Indore,147684,Mass Market,56-65
C009930,Hemal Rai,Female,54,No,Yes,West Bengal,Kolkata,388348,Value,46-55
C009931,Chameli Mallick,Female,61,Yes,No,Uttar Pradesh,Noida,301884,Value,56-65
C009932,Raagini Tata,Male,40,No,No,Gujarat,Vadodara,502528,Value,36-45
C009933,Sarthak Grover,Male,50,No,Yes,Maharashtra,Pune,312954,Mass Market,46-55
C009934,Ekavir Gaba,Male,19,No,No,Rajasthan,Jaipur,130352,Value,18-25
C009935,Ganga Pandey,Male,44,No,No,Delhi,New Delhi,723900,Premium,36-45
C009936,Raksha Balakrishnan,Male,65,Yes,No,Uttar Pradesh,Noida,728252,Premium,56-65
C009937,Pallavi Edwin,Male,39,No,No,Punjab,Ludhiana,423311,Premium,36-45
C009938,Adweta Munshi,Female,51,No,No,West Bengal,Kolkata,277342,High Value,46-55
C009939,Nathaniel Sama,Female,33,No,No,West Bengal,Howrah,769797,Value,26-35
C009940,Azad Sura,Female,37,No,No,Madhya Pradesh,Indore,998452,Mass Market,36-45
C009941,Arjun Naidu,Female,43,No,No,Madhya Pradesh,Indore,59798,Mass Market,36-45
C009942,Daniel Chada,Male,33,No,Yes,Kerala,Thiruvananthapuram,554273,Mass Market,26-35
C009943,Champak Kar,Male,23,No,No,Tamil Nadu,Chennai,581630,Value,18-25
C009944,Yasti Balakrishnan,Female,62,Yes,No,Rajasthan,Udaipur,832815,High Value,56-65
C009945,Wyatt Thaman,Male,61,Yes,No,Madhya Pradesh,Indore,726768,Premium,56-65
C009946,Gavin Prashad,Male,40,No,Yes,Maharashtra,Mumbai,987605,Mass Market,36-45
C009947,Udarsh Kota,Male,59,No,Yes,Karnataka,Bengaluru,279728,Value,56-65
C009948,Panini Bera,Male,54,No,Yes,Uttar Pradesh,Agra,463585,Value,46-55
C009949,Faqid Barad,Male,25,No,Yes,Maharashtra,Nashik,210985,High Value,18-25
C009950,Jackson Pau,Male,23,No,Yes,Punjab,Amritsar,657680,Mass Market,18-25
C009951,Samuel Shankar,Male,54,No,No,Rajasthan,Jodhpur,782926,Value,46-55
C009952,Rudra Nanda,Female,69,Yes,No,Gujarat,Vadodara,155196,High Value,65+
C009953,Tara Bail,Male,39,No,No,Kerala,Kochi,781691,High Value,36-45
C009954,Shivani Swaminathan,Male,23,No,No,Madhya Pradesh,Indore,231404,Mass Market,18-25
C009955,Yasti Sharma,Male,49,No,No,Tamil Nadu,Coimbatore,535481,Mass Market,46-55
C009956,Eiravati Raj,Male,34,No,No,Kerala,Thiruvananthapuram,702689,Value,26-35
C009957,Raagini Pillai,Female,55,No,Yes,Gujarat,Surat,5820,Premium,46-55
C009958,Chakrika Pandit,Female,34,No,Yes,Punjab,Chandigarh,574418,Mass Market,26-35
C009959,Harini Oza,Female,54,No,No,Tamil Nadu,Madurai,469507,High Value,46-55
C009960,Jhalak Bal,Male,40,No,Yes,Uttar Pradesh,Agra,415804,Mass Market,36-45
C009961,Ekiya Khatri,Female,66,Yes,No,Delhi,New Delhi,572118,Value,65+
C009962,Krish Butala,Female,66,Yes,Yes,Madhya Pradesh,Bhopal,288435,Premium,65+
C009963,Ishwar Mital,Male,30,No,No,Gujarat,Ahmedabad,903565,Mass Market,26-35
C009964,Bhavini Borde,Male,49,No,No,Kerala,Thiruvananthapuram,169986,Mass Market,46-55
C009965,Hemani Dyal,Male,39,No,No,Telangana,Warangal,778403,Value,36-45
C009966,Karan Peri,Female,24,No,Yes,Karnataka,Mysuru,59532,Premium,18-25
C009967,David Setty,Female,39,No,Yes,Kerala,Thiruvananthapuram,85804,Mass Market,36-45
C009968,Falan Ramesh,Male,38,No,No,Tamil Nadu,Madurai,672696,Value,36-45
C009969,Gopal Bhavsar,Female,23,No,No,Delhi,Delhi,824947,Value,18-25
C009970,George Mistry,Male,31,No,No,Karnataka,Bengaluru,692597,Value,26-35
C009971,Vyanjana Merchant,Male,33,No,No,West Bengal,Howrah,924658,High Value,26-35
C009972,Ekaja Dixit,Female,20,No,No,Kerala,Kochi,35262,Value,18-25
C009973,Samarth Baria,Female,26,No,No,Maharashtra,Pune,204078,Value,26-35
C009974,Urvashi Rajan,Male,64,Yes,No,Delhi,New Delhi,437100,Value,56-65
C009975,Ubika Jain,Male,38,No,No,Karnataka,Bengaluru,153912,Premium,36-45
C009976,Yochana Dhaliwal,Male,67,Yes,Yes,Madhya Pradesh,Indore,408063,Mass Market,65+
C009977,Dakshesh Gulati,Male,47,No,No,Kerala,Thiruvananthapuram,631586,Premium,46-55
C009978,Wyatt Gera,Female,47,No,No,West Bengal,Kolkata,451329,Mass Market,46-55
C009979,Om Mane,Female,59,No,No,Telangana,Warangal,113718,Value,56-65
C009980,Aditya Ghose,Female,59,No,Yes,Kerala,Thiruvananthapuram,483086,Value,56-65
C009981,Rajata Kaur,Male,49,No,Yes,Rajasthan,Jodhpur,701267,Mass Market,46-55
C009982,Anthony Krishna,Female,40,No,No,Rajasthan,Udaipur,79414,Mass Market,36-45
C009983,Patrick Chakrabarti,Male,20,No,Yes,Maharashtra,Mumbai,824883,Mass Market,18-25
C009984,Janaki Gala,Female,18,No,No,Tamil Nadu,Coimbatore,446820,Mass Market,18-25
C009985,Vanya Nadig,Female,20,No,Yes,Maharashtra,Pune,18079,Premium,18-25
C009986,Avi Mandal,Female,54,No,No,West Bengal,Howrah,980065,Premium,46-55
C009987,Zayyan Chakrabarti,Male,24,No,No,Telangana,Warangal,347957,Mass Market,18-25
C009988,Warjas Dube,Male,20,No,Yes,Kerala,Thiruvananthapuram,513960,Mass Market,18-25
C009989,Chasmum Ray,Male,53,No,Yes,Rajasthan,Jodhpur,313210,Premium,46-55
C009990,Gabriel Chahal,Female,66,Yes,No,Kerala,Thiruvananthapuram,32472,Mass Market,65+
C009991,Samar Mittal,Male,20,No,No,Rajasthan,Jaipur,122463,High Value,18-25
C009992,Adweta Thakkar,Male,21,No,No,Uttar Pradesh,Lucknow,841849,Mass Market,18-25
C009993,Urvashi Biswas,Male,48,No,No,Punjab,Amritsar,935028,Premium,46-55
C009994,Tanish Sankaran,Female,19,No,Yes,Gujarat,Ahmedabad,14689,Value,18-25
C009995,Triya Sane,Male,31,No,Yes,West Bengal,Kolkata,735368,Mass Market,26-35
C009996,Gagan Grewal,Female,54,No,No,West Bengal,Howrah,669617,Mass Market,46-55
C009997,William Mannan,Female,48,No,Yes,Tamil Nadu,Coimbatore,277591,Value,46-55
C009998,Jack Dada,Female,70,Yes,No,West Bengal,Howrah,72483,Mass Market,65+
C009999,Atharv Gandhi,Male,19,No,No,Uttar Pradesh,Kanpur,167010,Value,18-25
C010000,Samar Thakkar,Male,48,No,Yes,Kerala,Kochi,775658,Mass Market,46-55
